=== Device: cpu ===
✅ Initialized A2C model (NanoGPTA2CPolicy)
⚠️  config.json missing, using meta.pkl from ./data/mbpp_new/meta.pkl + default hparams
number of parameters: 16.03M
✅ Successfully loaded A2C nanoGPT-RL model from ./out/mbpp_baseline_v3/ckpt.pt
✅ Successfully loaded tokenizer from ./data/mbpp_new
=== Model/Tokenizer Sanity ===
Total params: 16,091,137; trainable: 16,091,137
Tokenizer vocab size: 50257 | pad_token_id=50256
Model config vocab_size: 50257
Model block_size: 256
DEBUG ‑ pad_token_id = 50256
[DEBUG] raw metrics @step0: {'total_loss': 6.810247421264648, 'policy_loss': -0.6162796020507812, 'value_loss': 0.12258937954902649, 'entropy': 10.704302787780762, 'lm_loss': 10.674678802490234, 'adv_mean': 5.21540641784668e-08, 'return_mean': 0.27332502603530884, 'log_prob_mean': -1078.116455078125}
[DEBUG] wandb key_metrics @step0: {'total_loss': 6.810247421264648, 'policy_loss': -0.6162796020507812, 'value_loss': 0.12258937954902649, 'entropy': 10.704302787780762, 'adv_mean': 5.21540641784668e-08, 'return_mean': 0.27332502603530884, 'lm_loss': 10.674678802490234}
[Check] Prompt len: 14, Full len: 61
[Check] Prompt len: 11, Full len: 89
[Check] Prompt len: 21, Full len: 65
[Check] Prompt len: 19, Full len: 83
[Check] Prompt len: 18, Full len: 53
[Check] Prompt len: 13, Full len: 48
[Check] Prompt len: 25, Full len: 127
[Check] Prompt len: 18, Full len: 189

🚨 High-loss Sample 0:
📌 Prompt:
Write a function to find the shared elements from the given two lists.
📌 Completion:
def similar_elements(test_tup1, test_tup2):
  res = tuple(set(test_tup1) & set(test_tup2))
  return (res)
📉 Completion Loss: 8.9753

🚨 High-loss Sample 1:
📌 Prompt:
Write a python function to identify non-prime numbers.
📌 Completion:
import math
def is_not_prime(n):
    result = False
    for i in range(2,int(math.sqrt(n)) + 1):
        if n % i == 0:
            result = True
    return result
📉 Completion Loss: 9.1803

🚨 High-loss Sample 2:
📌 Prompt:
Write a function to find the n largest integers from a given list of numbers, returned in descending order.
📌 Completion:
import heapq as hq
def heap_queue_largest(nums,n):
  largest_nums = hq.nlargest(n, nums)
  return largest_nums
📉 Completion Loss: 8.9935

🚨 High-loss Sample 3:
📌 Prompt:
Write a python function to check whether the two numbers differ at one bit position only or not.
📌 Completion:
def is_Power_Of_Two (x): 
    return x and (not(x & (x - 1))) 
def differ_At_One_Bit_Pos(a,b): 
    return is_Power_Of_Two(a ^ b)
📉 Completion Loss: 9.0788

🚨 High-loss Sample 4:
📌 Prompt:
Write a function to find all words which are at least 4 characters long in a string.
📌 Completion:
import re
def find_char_long(text):
  return (re.findall(r"\b\w{4,}\b", text))
📉 Completion Loss: 8.9193

🚨 High-loss Sample 5:
📌 Prompt:
Write a function to find squares of individual elements in a list.
📌 Completion:
def square_nums(nums):
 square_nums = list(map(lambda x: x ** 2, nums))
 return square_nums
📉 Completion Loss: 8.9870

🚨 High-loss Sample 6:
📌 Prompt:
Write a python function to find the minimum number of rotations (greater than 0) required to get the same string.
📌 Completion:
def find_Rotations(str): 
    tmp = str + str
    n = len(str) 
    for i in range(1,n + 1): 
        substring = tmp[i: i+n] 
        if (str == substring): 
            return i 
    return n
📉 Completion Loss: 9.4191

🚨 High-loss Sample 7:
📌 Prompt:
Write a python function to remove first and last occurrence of a given character from the string.
📌 Completion:
def remove_Occ(s,ch): 
    for i in range(len(s)): 
        if (s[i] == ch): 
            s = s[0 : i] + s[i + 1:] 
            break
    for i in range(len(s) - 1,-1,-1):  
        if (s[i] == ch): 
            s = s[0 : i] + s[i + 1:] 
            break
    return s
📉 Completion Loss: 9.9284
[Check] Prompt len: 19, Full len: 47
[Check] Prompt len: 13, Full len: 41
[Check] Prompt len: 25, Full len: 129
[Check] Prompt len: 17, Full len: 36
[Check] Prompt len: 18, Full len: 256
[Check] Prompt len: 16, Full len: 65
[Check] Prompt len: 15, Full len: 114
[Check] Prompt len: 18, Full len: 124

🚨 High-loss Sample 8:
📌 Prompt:
Write a function to sort a given matrix in ascending order according to the sum of its rows.
📌 Completion:
def sort_matrix(M):
    result = sorted(M, key=sum)
    return result
📉 Completion Loss: 8.9084

🚨 High-loss Sample 9:
📌 Prompt:
Write a python function to find the volume of a triangular prism.
📌 Completion:
def find_Volume(l,b,h) : 
    return ((l * b * h) / 2)
📉 Completion Loss: 8.9399

🚨 High-loss Sample 10:
📌 Prompt:
Write a function to that returns true if the input string contains sequences of lowercase letters joined with an underscore and false otherwise.
📌 Completion:
import re
def text_lowercase_underscore(text):
        patterns = '^[a-z]+_[a-z]+$'
        if re.search(patterns,  text):
                return True
        else:
                return False
📉 Completion Loss: 9.2385

🚨 High-loss Sample 11:
📌 Prompt:
Write a function that returns the perimeter of a square given its side length as input.
📌 Completion:
def square_perimeter(a):
  perimeter=4*a
  return perimeter
📉 Completion Loss: 8.9559

🚨 High-loss Sample 12:
📌 Prompt:
Write a function to remove characters from the first string which are present in the second string.
📌 Completion:
NO_OF_CHARS = 256
def str_to_list(string): 
	temp = [] 
	for x in string: 
		temp.append(x) 
	return temp 
def lst_to_string(List): 
	return ''.join(List) 
def get_char_count_array(string): 
	count = [0] * NO_OF_CHARS 
	for i in string: 
		count[ord(i)] += 1
	return count 
def remove_dirty_chars(string, second_string): 
	count = get_char_count_array(second_string) 
	ip_ind = 0
	res_ind = 0
	temp = '' 
	str_list = str_to_list(string) 
	while ip_ind != len(str_list): 
		temp = str_list[ip_ind] 
		if count[ord(temp)] == 0: 
			str_list[res_ind] = str_list[ip_ind] 
			res_ind += 1
		ip_ind+=1
	return lst_to_string(str_list[0:res_ind])
📉 Completion Loss: 9.8648

🚨 High-loss Sample 13:
📌 Prompt:
Write a function to find whether a given array of integers contains any duplicate element.
📌 Completion:
def test_duplicate(arraynums):
    nums_set = set(arraynums)    
    return len(arraynums) != len(nums_set)
📉 Completion Loss: 8.9827

🚨 High-loss Sample 14:
📌 Prompt:
Write a function to check if the given number is woodball or not.
📌 Completion:
def is_woodall(x): 
	if (x % 2 == 0): 
		return False
	if (x == 1): 
		return True
	x = x + 1 
	p = 0
	while (x % 2 == 0): 
		x = x/2
		p = p + 1
		if (p == x): 
			return True
	return False
📉 Completion Loss: 9.0963

🚨 High-loss Sample 15:
📌 Prompt:
Write a python function to check if a given number is one less than twice its reverse.
📌 Completion:
def rev(num):    
    rev_num = 0
    while (num > 0):  
        rev_num = (rev_num * 10 + num % 10) 
        num = num // 10  
    return rev_num  
def check(n):    
    return (2 * rev(n) == n + 1)
📉 Completion Loss: 9.2313
[Check] Prompt len: 20, Full len: 105
[Check] Prompt len: 17, Full len: 41
[Check] Prompt len: 12, Full len: 33
[Check] Prompt len: 21, Full len: 155
[Check] Prompt len: 12, Full len: 26
[Check] Prompt len: 17, Full len: 61
[Check] Prompt len: 18, Full len: 75
[Check] Prompt len: 15, Full len: 87

🚨 High-loss Sample 16:
📌 Prompt:
Write a python function to find the largest number that can be formed with the given list of digits.
📌 Completion:
def find_Max_Num(arr) : 
    n = len(arr)
    arr.sort(reverse = True) 
    num = arr[0] 
    for i in range(1,n) : 
        num = num * 10 + arr[i] 
    return num
📉 Completion Loss: 9.4139

🚨 High-loss Sample 17:
📌 Prompt:
Write a python function to check whether the given two integers have opposite sign or not.
📌 Completion:
def opposite_Signs(x,y): 
    return ((x ^ y) < 0);
📉 Completion Loss: 8.9085

🚨 High-loss Sample 18:
📌 Prompt:
Write a function to find the nth octagonal number.
📌 Completion:
def is_octagonal(n): 
	return 3 * n * n - 2 * n
📉 Completion Loss: 8.8954

🚨 High-loss Sample 19:
📌 Prompt:
Write a python function to count the number of substrings with the sum of digits equal to their length.
📌 Completion:
from collections import defaultdict
def count_Substrings(s):
    n = len(s)
    count,sum = 0,0
    mp = defaultdict(lambda : 0)
    mp[0] += 1
    for i in range(n):
        sum += ord(s[i]) - ord('0')
        count += mp[sum - (i + 1)]
        mp[sum - (i + 1)] += 1
    return count
📉 Completion Loss: 9.8101

🚨 High-loss Sample 20:
📌 Prompt:
Write a python function to find smallest number in a list.
📌 Completion:
def smallest_num(xs):
  return min(xs)
📉 Completion Loss: 8.8935

🚨 High-loss Sample 21:
📌 Prompt:
Write a function to find the maximum difference between available pairs in the given tuple list.
📌 Completion:
def max_difference(test_list):
  temp = [abs(b - a) for a, b in test_list]
  res = max(temp)
  return (res)
📉 Completion Loss: 8.9890

🚨 High-loss Sample 22:
📌 Prompt:
Write a function to sort a list of tuples using the second value of each tuple.
📌 Completion:
def subject_marks(subjectmarks):
#subject_marks = [('English', 88), ('Science', 90), ('Maths', 97), ('Social sciences', 82)])
 subjectmarks.sort(key = lambda x: x[1])
 return subjectmarks
📉 Completion Loss: 9.1244

🚨 High-loss Sample 23:
📌 Prompt:
Write a function to flatten a list and sum all of its elements.
📌 Completion:
def recursive_list_sum(data_list):
	total = 0
	for element in data_list:
		if type(element) == type([]):
			total = total + recursive_list_sum(element)
		else:
			total = total + element
	return total
📉 Completion Loss: 9.2148
[Check] Prompt len: 15, Full len: 64
[Check] Prompt len: 17, Full len: 181
[Check] Prompt len: 17, Full len: 96
[Check] Prompt len: 16, Full len: 193
[Check] Prompt len: 17, Full len: 109
[Check] Prompt len: 10, Full len: 238
[Check] Prompt len: 22, Full len: 60
[Check] Prompt len: 16, Full len: 256

🚨 High-loss Sample 24:
📌 Prompt:
Write a python function to count the number of positive numbers in a list.
📌 Completion:
def pos_count(list):
  pos_count= 0
  for num in list: 
    if num >= 0: 
      pos_count += 1
  return pos_count
📉 Completion Loss: 8.9759

🚨 High-loss Sample 25:
📌 Prompt:
Write a function to find the number of ways to partition a set of Bell numbers.
📌 Completion:
def bell_number(n):   
    bell = [[0 for i in range(n+1)] for j in range(n+1)] 
    bell[0][0] = 1
    for i in range(1, n+1): 
        bell[i][0] = bell[i-1][i-1]  
        for j in range(1, i+1): 
            bell[i][j] = bell[i-1][j-1] + bell[i][j-1]   
    return bell[n][0]
📉 Completion Loss: 9.4888

🚨 High-loss Sample 26:
📌 Prompt:
Write a python function to check whether the given array is monotonic or not.
📌 Completion:
def is_Monotonic(A): 
    return (all(A[i] <= A[i + 1] for i in range(len(A) - 1)) or
            all(A[i] >= A[i + 1] for i in range(len(A) - 1)))
📉 Completion Loss: 9.0600

🚨 High-loss Sample 27:
📌 Prompt:
Write a function to check whether a list contains the given sublist or not.
📌 Completion:
def is_sublist(l, s):
	sub_set = False
	if s == []:
		sub_set = True
	elif s == l:
		sub_set = True
	elif len(s) > len(l):
		sub_set = False
	else:
		for i in range(len(l)):
			if l[i] == s[0]:
				n = 1
				while (n < len(s)) and (l[i+n] == s[n]):
					n += 1				
				if n == len(s):
					sub_set = True
	return sub_set
📉 Completion Loss: 9.4740

🚨 High-loss Sample 28:
📌 Prompt:
Write a function to find whether all the given tuples have equal length or not.
📌 Completion:
def find_equal_tuple(Input):
  k = 0 if not Input else len(Input[0])
  flag = 1
  for tuple in Input:
    if len(tuple) != k:
      flag = 0
      break
  return flag
def get_equal(Input):
  return find_equal_tuple(Input) == 1
📉 Completion Loss: 9.0934

🚨 High-loss Sample 29:
📌 Prompt:
Write a function to sort a list of elements.
📌 Completion:
def comb_sort(nums):
    shrink_fact = 1.3
    gaps = len(nums)
    swapped = True
    i = 0
    while gaps > 1 or swapped:
        gaps = int(float(gaps) / shrink_fact)
        swapped = False
        i = 0
        while gaps + i < len(nums):
            if nums[i] > nums[i+gaps]:
                nums[i], nums[i+gaps] = nums[i+gaps], nums[i]
                swapped = True
            i += 1
    return nums
📉 Completion Loss: 9.8672

🚨 High-loss Sample 30:
📌 Prompt:
Write a python function to check whether the given number can be represented as the difference of two squares or not.
📌 Completion:
def dif_Square(n): 
    if (n % 4 != 2): 
        return True
    return False
📉 Completion Loss: 8.9888

🚨 High-loss Sample 31:
📌 Prompt:
Write a function to check whether it follows the sequence given in the patterns array.
📌 Completion:
def is_samepatterns(colors, patterns):    
    if len(colors) != len(patterns):
        return False    
    sdict = {}
    pset = set()
    sset = set()    
    for i in range(len(patterns)):
        pset.add(patterns[i])
        sset.add(colors[i])
        if patterns[i] not in sdict.keys():
            sdict[patterns[i]] = []

        keys = sdict[patterns[i]]
        keys.append(colors[i])
        sdict[patterns[i]] = keys

    if len(pset) != len(sset):
        return False   

    for values in sdict.values():

        for i in range(len(values) - 1):
            if values[i] != values[i+1]:
                return False

    return True
📉 Completion Loss: 9.9083
[Check] Prompt len: 23, Full len: 64
[Check] Prompt len: 15, Full len: 35
[Check] Prompt len: 17, Full len: 111
[Check] Prompt len: 13, Full len: 42
[Check] Prompt len: 11, Full len: 43
[Check] Prompt len: 26, Full len: 156
[Check] Prompt len: 17, Full len: 68
[Check] Prompt len: 12, Full len: 43

🚨 High-loss Sample 32:
📌 Prompt:
Write a function to find tuples which have all elements divisible by k from the given list of tuples.
📌 Completion:
def find_tuples(test_list, K):
  res = [sub for sub in test_list if all(ele % K == 0 for ele in sub)]
  return res
📉 Completion Loss: 8.9704

🚨 High-loss Sample 33:
📌 Prompt:
Write a python function to find whether a number is divisible by 11.
📌 Completion:
def is_Diff(n): 
    return (n % 11 == 0)
📉 Completion Loss: 8.9220

🚨 High-loss Sample 34:
📌 Prompt:
Write a python function to check whether the length of the word is odd or not.
📌 Completion:
def word_len(s): 
    s = s.split(' ')   
    for word in s:    
        if len(word)%2!=0: 
            return True  
        else:
          return False
📉 Completion Loss: 9.5568

🚨 High-loss Sample 35:
📌 Prompt:
Write a function to find the nth tetrahedral number.
📌 Completion:
def tetrahedral_number(n): 
	return (n * (n + 1) * (n + 2)) / 6
📉 Completion Loss: 8.9380

🚨 High-loss Sample 36:
📌 Prompt:
Write a function to find the volume of a sphere.
📌 Completion:
import math
def volume_sphere(r):
  volume=(4/3)*math.pi*r*r*r
  return volume
📉 Completion Loss: 8.9673

🚨 High-loss Sample 37:
📌 Prompt:
Write a python function to find the character made by adding the ASCII value of all the characters of the given string modulo 26.
📌 Completion:
def get_Char(strr):  
    summ = 0
    for i in range(len(strr)): 
        summ += (ord(strr[i]) - ord('a') + 1)  
    if (summ % 26 == 0): 
        return ord('z') 
    else: 
        summ = summ % 26
        return chr(ord('a') + summ - 1)
📉 Completion Loss: 9.8699

🚨 High-loss Sample 38:
📌 Prompt:
Write a function to find the nth number in the newman conway sequence.
📌 Completion:
def sequence(n): 
	if n == 1 or n == 2: 
		return 1
	else: 
		return sequence(sequence(n-1)) + sequence(n-sequence(n-1))
📉 Completion Loss: 9.0829

🚨 High-loss Sample 39:
📌 Prompt:
Write a function to find the surface area of a sphere.
📌 Completion:
import math
def surfacearea_sphere(r):
  surfacearea=4*math.pi*r*r
  return surfacearea
📉 Completion Loss: 8.9755
[Check] Prompt len: 12, Full len: 36
[Check] Prompt len: 13, Full len: 70
[Check] Prompt len: 20, Full len: 53
[Check] Prompt len: 12, Full len: 27
[Check] Prompt len: 13, Full len: 84
[Check] Prompt len: 22, Full len: 66
[Check] Prompt len: 15, Full len: 92
[Check] Prompt len: 17, Full len: 80

🚨 High-loss Sample 40:
📌 Prompt:
Write a function to find nth centered hexagonal number.
📌 Completion:
def centered_hexagonal_number(n):
  return 3 * n * (n - 1) + 1
📉 Completion Loss: 9.0008

🚨 High-loss Sample 41:
📌 Prompt:
Write a function to merge three dictionaries into a single dictionary.
📌 Completion:
import collections as ct
def merge_dictionaries_three(dict1,dict2, dict3):
    merged_dict = dict(ct.ChainMap({},dict1,dict2,dict3))
    return merged_dict
📉 Completion Loss: 9.4843

🚨 High-loss Sample 42:
📌 Prompt:
Write a function to get the frequency of all the elements in a list, returned as a dictionary.
📌 Completion:
import collections
def freq_count(list1):
  freq_count= collections.Counter(list1)
  return freq_count
📉 Completion Loss: 9.1635

🚨 High-loss Sample 43:
📌 Prompt:
Write a function to find the closest smaller number than n.
📌 Completion:
def closest_num(N):
  return (N - 1)
📉 Completion Loss: 8.8713

🚨 High-loss Sample 44:
📌 Prompt:
Write a python function to find the length of the longest word.
📌 Completion:
def len_log(list1):
    max=len(list1[0])
    for i in list1:
        if len(i)>max:
            max=len(i)
    return max
📉 Completion Loss: 9.7687

🚨 High-loss Sample 45:
📌 Prompt:
Write a function to check if a string is present as a substring in a given list of string values.
📌 Completion:
def find_substring(str1, sub_str):
   if any(sub_str in s for s in str1):
       return True
   return False
📉 Completion Loss: 9.3610

🚨 High-loss Sample 46:
📌 Prompt:
Write a function to check whether the given number is undulating or not.
📌 Completion:
def is_undulating(n): 
	n = str(n)
	if (len(n) <= 2): 
		return False
	for i in range(2, len(n)): 
		if (n[i - 2] != n[i]): 
			return False
	return True
📉 Completion Loss: 9.8094

🚨 High-loss Sample 47:
📌 Prompt:
Write a function to calculate the value of 'a' to the power 'b'.
📌 Completion:
def power(a,b):
	if b==0:
		return 1
	elif a==0:
		return 0
	elif b==1:
		return a
	else:
		return a*power(a,b-1)
📉 Completion Loss: 9.5710
[Check] Prompt len: 24, Full len: 68
[Check] Prompt len: 18, Full len: 56

🚨 High-loss Sample 48:
📌 Prompt:
Given a list of tuples, write a function that returns the first value of the tuple with the smallest second value.
📌 Completion:
from operator import itemgetter 
def index_minimum(test_list):
  res = min(test_list, key = itemgetter(1))[0]
  return (res)
📉 Completion Loss: 9.7754

🚨 High-loss Sample 49:
📌 Prompt:
Write a python function to find the length of the smallest list in a list of lists.
📌 Completion:
def Find_Min_Length(lst):  
    minLength = min(len(x) for x in lst )
    return minLength
📉 Completion Loss: 9.4986
✅ Evaluation Complete. Final Avg Loss = 9.6441, Perplexity = 15430.38
[Step 0] PPL(A2C) = 15430.38 | AvgR = 0.2733
[DEBUG] raw metrics @step1: {'total_loss': 157.3786163330078, 'policy_loss': 150.01536560058594, 'value_loss': 0.28835517168045044, 'entropy': 10.675459861755371, 'lm_loss': 10.46545124053955, 'adv_mean': 1.1920928955078125e-07, 'return_mean': 0.45852500200271606, 'log_prob_mean': -955.3285522460938}
[DEBUG] wandb key_metrics @step1: {'total_loss': 157.3786163330078, 'policy_loss': 150.01536560058594, 'value_loss': 0.28835517168045044, 'entropy': 10.675459861755371, 'adv_mean': 1.1920928955078125e-07, 'return_mean': 0.45852500200271606, 'lm_loss': 10.46545124053955}
[DEBUG] raw metrics @step2: {'total_loss': 8.060400009155273, 'policy_loss': 0.51934814453125, 'value_loss': 0.32587695121765137, 'entropy': 10.719308853149414, 'lm_loss': 10.6932954788208, 'adv_mean': -5.960464477539063e-08, 'return_mean': 0.48047497868537903, 'log_prob_mean': -1076.959228515625}
[DEBUG] wandb key_metrics @step2: {'total_loss': 8.060400009155273, 'policy_loss': 0.51934814453125, 'value_loss': 0.32587695121765137, 'entropy': 10.719308853149414, 'adv_mean': -5.960464477539063e-08, 'return_mean': 0.48047497868537903, 'lm_loss': 10.6932954788208}
[Check] Prompt len: 14, Full len: 61
[Check] Prompt len: 11, Full len: 89
[Check] Prompt len: 21, Full len: 65
[Check] Prompt len: 19, Full len: 83
[Check] Prompt len: 18, Full len: 53
[Check] Prompt len: 13, Full len: 48
[Check] Prompt len: 25, Full len: 127
[Check] Prompt len: 18, Full len: 189

🚨 High-loss Sample 0:
📌 Prompt:
Write a function to find the shared elements from the given two lists.
📌 Completion:
def similar_elements(test_tup1, test_tup2):
  res = tuple(set(test_tup1) & set(test_tup2))
  return (res)
📉 Completion Loss: 6.8437

🚨 High-loss Sample 1:
📌 Prompt:
Write a python function to identify non-prime numbers.
📌 Completion:
import math
def is_not_prime(n):
    result = False
    for i in range(2,int(math.sqrt(n)) + 1):
        if n % i == 0:
            result = True
    return result
📉 Completion Loss: 7.6704

🚨 High-loss Sample 2:
📌 Prompt:
Write a function to find the n largest integers from a given list of numbers, returned in descending order.
📌 Completion:
import heapq as hq
def heap_queue_largest(nums,n):
  largest_nums = hq.nlargest(n, nums)
  return largest_nums
📉 Completion Loss: 6.7774

🚨 High-loss Sample 3:
📌 Prompt:
Write a python function to check whether the two numbers differ at one bit position only or not.
📌 Completion:
def is_Power_Of_Two (x): 
    return x and (not(x & (x - 1))) 
def differ_At_One_Bit_Pos(a,b): 
    return is_Power_Of_Two(a ^ b)
📉 Completion Loss: 7.3500

🚨 High-loss Sample 4:
📌 Prompt:
Write a function to find all words which are at least 4 characters long in a string.
📌 Completion:
import re
def find_char_long(text):
  return (re.findall(r"\b\w{4,}\b", text))
📉 Completion Loss: 6.5497

🚨 High-loss Sample 5:
📌 Prompt:
Write a function to find squares of individual elements in a list.
📌 Completion:
def square_nums(nums):
 square_nums = list(map(lambda x: x ** 2, nums))
 return square_nums
📉 Completion Loss: 6.5056

🚨 High-loss Sample 6:
📌 Prompt:
Write a python function to find the minimum number of rotations (greater than 0) required to get the same string.
📌 Completion:
def find_Rotations(str): 
    tmp = str + str
    n = len(str) 
    for i in range(1,n + 1): 
        substring = tmp[i: i+n] 
        if (str == substring): 
            return i 
    return n
📉 Completion Loss: 8.5567

🚨 High-loss Sample 7:
📌 Prompt:
Write a python function to remove first and last occurrence of a given character from the string.
📌 Completion:
def remove_Occ(s,ch): 
    for i in range(len(s)): 
        if (s[i] == ch): 
            s = s[0 : i] + s[i + 1:] 
            break
    for i in range(len(s) - 1,-1,-1):  
        if (s[i] == ch): 
            s = s[0 : i] + s[i + 1:] 
            break
    return s
📉 Completion Loss: 10.4014
[Check] Prompt len: 19, Full len: 47
[Check] Prompt len: 13, Full len: 41
[Check] Prompt len: 25, Full len: 129
[Check] Prompt len: 17, Full len: 36
[Check] Prompt len: 18, Full len: 256
[Check] Prompt len: 16, Full len: 65
[Check] Prompt len: 15, Full len: 114
[Check] Prompt len: 18, Full len: 124

🚨 High-loss Sample 8:
📌 Prompt:
Write a function to sort a given matrix in ascending order according to the sum of its rows.
📌 Completion:
def sort_matrix(M):
    result = sorted(M, key=sum)
    return result
📉 Completion Loss: 6.1652

🚨 High-loss Sample 9:
📌 Prompt:
Write a python function to find the volume of a triangular prism.
📌 Completion:
def find_Volume(l,b,h) : 
    return ((l * b * h) / 2)
📉 Completion Loss: 6.1599

🚨 High-loss Sample 10:
📌 Prompt:
Write a function to that returns true if the input string contains sequences of lowercase letters joined with an underscore and false otherwise.
📌 Completion:
import re
def text_lowercase_underscore(text):
        patterns = '^[a-z]+_[a-z]+$'
        if re.search(patterns,  text):
                return True
        else:
                return False
📉 Completion Loss: 7.7359

🚨 High-loss Sample 11:
📌 Prompt:
Write a function that returns the perimeter of a square given its side length as input.
📌 Completion:
def square_perimeter(a):
  perimeter=4*a
  return perimeter
📉 Completion Loss: 5.9963

🚨 High-loss Sample 12:
📌 Prompt:
Write a function to remove characters from the first string which are present in the second string.
📌 Completion:
NO_OF_CHARS = 256
def str_to_list(string): 
	temp = [] 
	for x in string: 
		temp.append(x) 
	return temp 
def lst_to_string(List): 
	return ''.join(List) 
def get_char_count_array(string): 
	count = [0] * NO_OF_CHARS 
	for i in string: 
		count[ord(i)] += 1
	return count 
def remove_dirty_chars(string, second_string): 
	count = get_char_count_array(second_string) 
	ip_ind = 0
	res_ind = 0
	temp = '' 
	str_list = str_to_list(string) 
	while ip_ind != len(str_list): 
		temp = str_list[ip_ind] 
		if count[ord(temp)] == 0: 
			str_list[res_ind] = str_list[ip_ind] 
			res_ind += 1
		ip_ind+=1
	return lst_to_string(str_list[0:res_ind])
📉 Completion Loss: 10.3129

🚨 High-loss Sample 13:
📌 Prompt:
Write a function to find whether a given array of integers contains any duplicate element.
📌 Completion:
def test_duplicate(arraynums):
    nums_set = set(arraynums)    
    return len(arraynums) != len(nums_set)
📉 Completion Loss: 6.5510

🚨 High-loss Sample 14:
📌 Prompt:
Write a function to check if the given number is woodball or not.
📌 Completion:
def is_woodall(x): 
	if (x % 2 == 0): 
		return False
	if (x == 1): 
		return True
	x = x + 1 
	p = 0
	while (x % 2 == 0): 
		x = x/2
		p = p + 1
		if (p == x): 
			return True
	return False
📉 Completion Loss: 7.5174

🚨 High-loss Sample 15:
📌 Prompt:
Write a python function to check if a given number is one less than twice its reverse.
📌 Completion:
def rev(num):    
    rev_num = 0
    while (num > 0):  
        rev_num = (rev_num * 10 + num % 10) 
        num = num // 10  
    return rev_num  
def check(n):    
    return (2 * rev(n) == n + 1)
📉 Completion Loss: 7.7302
[Check] Prompt len: 20, Full len: 105
[Check] Prompt len: 17, Full len: 41
[Check] Prompt len: 12, Full len: 33
[Check] Prompt len: 21, Full len: 155
[Check] Prompt len: 12, Full len: 26
[Check] Prompt len: 17, Full len: 61
[Check] Prompt len: 18, Full len: 75
[Check] Prompt len: 15, Full len: 87

🚨 High-loss Sample 16:
📌 Prompt:
Write a python function to find the largest number that can be formed with the given list of digits.
📌 Completion:
def find_Max_Num(arr) : 
    n = len(arr)
    arr.sort(reverse = True) 
    num = arr[0] 
    for i in range(1,n) : 
        num = num * 10 + arr[i] 
    return num
📉 Completion Loss: 8.5845

🚨 High-loss Sample 17:
📌 Prompt:
Write a python function to check whether the given two integers have opposite sign or not.
📌 Completion:
def opposite_Signs(x,y): 
    return ((x ^ y) < 0);
📉 Completion Loss: 6.4053

🚨 High-loss Sample 18:
📌 Prompt:
Write a function to find the nth octagonal number.
📌 Completion:
def is_octagonal(n): 
	return 3 * n * n - 2 * n
📉 Completion Loss: 6.2833

🚨 High-loss Sample 19:
📌 Prompt:
Write a python function to count the number of substrings with the sum of digits equal to their length.
📌 Completion:
from collections import defaultdict
def count_Substrings(s):
    n = len(s)
    count,sum = 0,0
    mp = defaultdict(lambda : 0)
    mp[0] += 1
    for i in range(n):
        sum += ord(s[i]) - ord('0')
        count += mp[sum - (i + 1)]
        mp[sum - (i + 1)] += 1
    return count
📉 Completion Loss: 10.3831

🚨 High-loss Sample 20:
📌 Prompt:
Write a python function to find smallest number in a list.
📌 Completion:
def smallest_num(xs):
  return min(xs)
📉 Completion Loss: 6.0718

🚨 High-loss Sample 21:
📌 Prompt:
Write a function to find the maximum difference between available pairs in the given tuple list.
📌 Completion:
def max_difference(test_list):
  temp = [abs(b - a) for a, b in test_list]
  res = max(temp)
  return (res)
📉 Completion Loss: 7.0952

🚨 High-loss Sample 22:
📌 Prompt:
Write a function to sort a list of tuples using the second value of each tuple.
📌 Completion:
def subject_marks(subjectmarks):
#subject_marks = [('English', 88), ('Science', 90), ('Maths', 97), ('Social sciences', 82)])
 subjectmarks.sort(key = lambda x: x[1])
 return subjectmarks
📉 Completion Loss: 7.5651

🚨 High-loss Sample 23:
📌 Prompt:
Write a function to flatten a list and sum all of its elements.
📌 Completion:
def recursive_list_sum(data_list):
	total = 0
	for element in data_list:
		if type(element) == type([]):
			total = total + recursive_list_sum(element)
		else:
			total = total + element
	return total
📉 Completion Loss: 7.9897
[Check] Prompt len: 15, Full len: 64
[Check] Prompt len: 17, Full len: 181
[Check] Prompt len: 17, Full len: 96
[Check] Prompt len: 16, Full len: 193
[Check] Prompt len: 17, Full len: 109
[Check] Prompt len: 10, Full len: 238
[Check] Prompt len: 22, Full len: 60
[Check] Prompt len: 16, Full len: 256

🚨 High-loss Sample 24:
📌 Prompt:
Write a python function to count the number of positive numbers in a list.
📌 Completion:
def pos_count(list):
  pos_count= 0
  for num in list: 
    if num >= 0: 
      pos_count += 1
  return pos_count
📉 Completion Loss: 6.5512

🚨 High-loss Sample 25:
📌 Prompt:
Write a function to find the number of ways to partition a set of Bell numbers.
📌 Completion:
def bell_number(n):   
    bell = [[0 for i in range(n+1)] for j in range(n+1)] 
    bell[0][0] = 1
    for i in range(1, n+1): 
        bell[i][0] = bell[i-1][i-1]  
        for j in range(1, i+1): 
            bell[i][j] = bell[i-1][j-1] + bell[i][j-1]   
    return bell[n][0]
📉 Completion Loss: 8.8762

🚨 High-loss Sample 26:
📌 Prompt:
Write a python function to check whether the given array is monotonic or not.
📌 Completion:
def is_Monotonic(A): 
    return (all(A[i] <= A[i + 1] for i in range(len(A) - 1)) or
            all(A[i] >= A[i + 1] for i in range(len(A) - 1)))
📉 Completion Loss: 7.1911

🚨 High-loss Sample 27:
📌 Prompt:
Write a function to check whether a list contains the given sublist or not.
📌 Completion:
def is_sublist(l, s):
	sub_set = False
	if s == []:
		sub_set = True
	elif s == l:
		sub_set = True
	elif len(s) > len(l):
		sub_set = False
	else:
		for i in range(len(l)):
			if l[i] == s[0]:
				n = 1
				while (n < len(s)) and (l[i+n] == s[n]):
					n += 1				
				if n == len(s):
					sub_set = True
	return sub_set
📉 Completion Loss: 9.0044

🚨 High-loss Sample 28:
📌 Prompt:
Write a function to find whether all the given tuples have equal length or not.
📌 Completion:
def find_equal_tuple(Input):
  k = 0 if not Input else len(Input[0])
  flag = 1
  for tuple in Input:
    if len(tuple) != k:
      flag = 0
      break
  return flag
def get_equal(Input):
  return find_equal_tuple(Input) == 1
📉 Completion Loss: 7.4099

🚨 High-loss Sample 29:
📌 Prompt:
Write a function to sort a list of elements.
📌 Completion:
def comb_sort(nums):
    shrink_fact = 1.3
    gaps = len(nums)
    swapped = True
    i = 0
    while gaps > 1 or swapped:
        gaps = int(float(gaps) / shrink_fact)
        swapped = False
        i = 0
        while gaps + i < len(nums):
            if nums[i] > nums[i+gaps]:
                nums[i], nums[i+gaps] = nums[i+gaps], nums[i]
                swapped = True
            i += 1
    return nums
📉 Completion Loss: 10.0330

🚨 High-loss Sample 30:
📌 Prompt:
Write a python function to check whether the given number can be represented as the difference of two squares or not.
📌 Completion:
def dif_Square(n): 
    if (n % 4 != 2): 
        return True
    return False
📉 Completion Loss: 6.3699

🚨 High-loss Sample 31:
📌 Prompt:
Write a function to check whether it follows the sequence given in the patterns array.
📌 Completion:
def is_samepatterns(colors, patterns):    
    if len(colors) != len(patterns):
        return False    
    sdict = {}
    pset = set()
    sset = set()    
    for i in range(len(patterns)):
        pset.add(patterns[i])
        sset.add(colors[i])
        if patterns[i] not in sdict.keys():
            sdict[patterns[i]] = []

        keys = sdict[patterns[i]]
        keys.append(colors[i])
        sdict[patterns[i]] = keys

    if len(pset) != len(sset):
        return False   

    for values in sdict.values():

        for i in range(len(values) - 1):
            if values[i] != values[i+1]:
                return False

    return True
📉 Completion Loss: 10.3811
[Check] Prompt len: 23, Full len: 64
[Check] Prompt len: 15, Full len: 35
[Check] Prompt len: 17, Full len: 111
[Check] Prompt len: 13, Full len: 42
[Check] Prompt len: 11, Full len: 43
[Check] Prompt len: 26, Full len: 156
[Check] Prompt len: 17, Full len: 68
[Check] Prompt len: 12, Full len: 43

🚨 High-loss Sample 32:
📌 Prompt:
Write a function to find tuples which have all elements divisible by k from the given list of tuples.
📌 Completion:
def find_tuples(test_list, K):
  res = [sub for sub in test_list if all(ele % K == 0 for ele in sub)]
  return res
📉 Completion Loss: 7.0479

🚨 High-loss Sample 33:
📌 Prompt:
Write a python function to find whether a number is divisible by 11.
📌 Completion:
def is_Diff(n): 
    return (n % 11 == 0)
📉 Completion Loss: 6.2561

🚨 High-loss Sample 34:
📌 Prompt:
Write a python function to check whether the length of the word is odd or not.
📌 Completion:
def word_len(s): 
    s = s.split(' ')   
    for word in s:    
        if len(word)%2!=0: 
            return True  
        else:
          return False
📉 Completion Loss: 8.7888

🚨 High-loss Sample 35:
📌 Prompt:
Write a function to find the nth tetrahedral number.
📌 Completion:
def tetrahedral_number(n): 
	return (n * (n + 1) * (n + 2)) / 6
📉 Completion Loss: 6.5309

🚨 High-loss Sample 36:
📌 Prompt:
Write a function to find the volume of a sphere.
📌 Completion:
import math
def volume_sphere(r):
  volume=(4/3)*math.pi*r*r*r
  return volume
📉 Completion Loss: 6.6355

🚨 High-loss Sample 37:
📌 Prompt:
Write a python function to find the character made by adding the ASCII value of all the characters of the given string modulo 26.
📌 Completion:
def get_Char(strr):  
    summ = 0
    for i in range(len(strr)): 
        summ += (ord(strr[i]) - ord('a') + 1)  
    if (summ % 26 == 0): 
        return ord('z') 
    else: 
        summ = summ % 26
        return chr(ord('a') + summ - 1)
📉 Completion Loss: 10.4151

🚨 High-loss Sample 38:
📌 Prompt:
Write a function to find the nth number in the newman conway sequence.
📌 Completion:
def sequence(n): 
	if n == 1 or n == 2: 
		return 1
	else: 
		return sequence(sequence(n-1)) + sequence(n-sequence(n-1))
📉 Completion Loss: 7.3058

🚨 High-loss Sample 39:
📌 Prompt:
Write a function to find the surface area of a sphere.
📌 Completion:
import math
def surfacearea_sphere(r):
  surfacearea=4*math.pi*r*r
  return surfacearea
📉 Completion Loss: 6.6146
[Check] Prompt len: 12, Full len: 36
[Check] Prompt len: 13, Full len: 70
[Check] Prompt len: 20, Full len: 53
[Check] Prompt len: 12, Full len: 27
[Check] Prompt len: 13, Full len: 84
[Check] Prompt len: 22, Full len: 66
[Check] Prompt len: 15, Full len: 92
[Check] Prompt len: 17, Full len: 80

🚨 High-loss Sample 40:
📌 Prompt:
Write a function to find nth centered hexagonal number.
📌 Completion:
def centered_hexagonal_number(n):
  return 3 * n * (n - 1) + 1
📉 Completion Loss: 7.0148

🚨 High-loss Sample 41:
📌 Prompt:
Write a function to merge three dictionaries into a single dictionary.
📌 Completion:
import collections as ct
def merge_dictionaries_three(dict1,dict2, dict3):
    merged_dict = dict(ct.ChainMap({},dict1,dict2,dict3))
    return merged_dict
📉 Completion Loss: 8.9869

🚨 High-loss Sample 42:
📌 Prompt:
Write a function to get the frequency of all the elements in a list, returned as a dictionary.
📌 Completion:
import collections
def freq_count(list1):
  freq_count= collections.Counter(list1)
  return freq_count
📉 Completion Loss: 7.6955

🚨 High-loss Sample 43:
📌 Prompt:
Write a function to find the closest smaller number than n.
📌 Completion:
def closest_num(N):
  return (N - 1)
📉 Completion Loss: 6.4929

🚨 High-loss Sample 44:
📌 Prompt:
Write a python function to find the length of the longest word.
📌 Completion:
def len_log(list1):
    max=len(list1[0])
    for i in list1:
        if len(i)>max:
            max=len(i)
    return max
📉 Completion Loss: 9.8832

🚨 High-loss Sample 45:
📌 Prompt:
Write a function to check if a string is present as a substring in a given list of string values.
📌 Completion:
def find_substring(str1, sub_str):
   if any(sub_str in s for s in str1):
       return True
   return False
📉 Completion Loss: 8.5394

🚨 High-loss Sample 46:
📌 Prompt:
Write a function to check whether the given number is undulating or not.
📌 Completion:
def is_undulating(n): 
	n = str(n)
	if (len(n) <= 2): 
		return False
	for i in range(2, len(n)): 
		if (n[i - 2] != n[i]): 
			return False
	return True
📉 Completion Loss: 10.2213

🚨 High-loss Sample 47:
📌 Prompt:
Write a function to calculate the value of 'a' to the power 'b'.
📌 Completion:
def power(a,b):
	if b==0:
		return 1
	elif a==0:
		return 0
	elif b==1:
		return a
	else:
		return a*power(a,b-1)
📉 Completion Loss: 9.5033
[Check] Prompt len: 24, Full len: 68
[Check] Prompt len: 18, Full len: 56

🚨 High-loss Sample 48:
📌 Prompt:
Given a list of tuples, write a function that returns the first value of the tuple with the smallest second value.
📌 Completion:
from operator import itemgetter 
def index_minimum(test_list):
  res = min(test_list, key = itemgetter(1))[0]
  return (res)
📉 Completion Loss: 10.3685

🚨 High-loss Sample 49:
📌 Prompt:
Write a python function to find the length of the smallest list in a list of lists.
📌 Completion:
def Find_Min_Length(lst):  
    minLength = min(len(x) for x in lst )
    return minLength
📉 Completion Loss: 9.2622
✅ Evaluation Complete. Final Avg Loss = 7.8899, Perplexity = 2670.10
[Step 50] PPL(A2C) = 2670.10 | AvgR = 0.5415
[Check] Prompt len: 14, Full len: 61
[Check] Prompt len: 11, Full len: 89
[Check] Prompt len: 21, Full len: 65
[Check] Prompt len: 19, Full len: 83
[Check] Prompt len: 18, Full len: 53
[Check] Prompt len: 13, Full len: 48
[Check] Prompt len: 25, Full len: 127
[Check] Prompt len: 18, Full len: 189

🚨 High-loss Sample 0:
📌 Prompt:
Write a function to find the shared elements from the given two lists.
📌 Completion:
def similar_elements(test_tup1, test_tup2):
  res = tuple(set(test_tup1) & set(test_tup2))
  return (res)
📉 Completion Loss: 6.5231

🚨 High-loss Sample 1:
📌 Prompt:
Write a python function to identify non-prime numbers.
📌 Completion:
import math
def is_not_prime(n):
    result = False
    for i in range(2,int(math.sqrt(n)) + 1):
        if n % i == 0:
            result = True
    return result
📉 Completion Loss: 7.4339

🚨 High-loss Sample 2:
📌 Prompt:
Write a function to find the n largest integers from a given list of numbers, returned in descending order.
📌 Completion:
import heapq as hq
def heap_queue_largest(nums,n):
  largest_nums = hq.nlargest(n, nums)
  return largest_nums
📉 Completion Loss: 6.4576

🚨 High-loss Sample 3:
📌 Prompt:
Write a python function to check whether the two numbers differ at one bit position only or not.
📌 Completion:
def is_Power_Of_Two (x): 
    return x and (not(x & (x - 1))) 
def differ_At_One_Bit_Pos(a,b): 
    return is_Power_Of_Two(a ^ b)
📉 Completion Loss: 7.0819

🚨 High-loss Sample 4:
📌 Prompt:
Write a function to find all words which are at least 4 characters long in a string.
📌 Completion:
import re
def find_char_long(text):
  return (re.findall(r"\b\w{4,}\b", text))
📉 Completion Loss: 6.1874

🚨 High-loss Sample 5:
📌 Prompt:
Write a function to find squares of individual elements in a list.
📌 Completion:
def square_nums(nums):
 square_nums = list(map(lambda x: x ** 2, nums))
 return square_nums
📉 Completion Loss: 6.1563

🚨 High-loss Sample 6:
📌 Prompt:
Write a python function to find the minimum number of rotations (greater than 0) required to get the same string.
📌 Completion:
def find_Rotations(str): 
    tmp = str + str
    n = len(str) 
    for i in range(1,n + 1): 
        substring = tmp[i: i+n] 
        if (str == substring): 
            return i 
    return n
📉 Completion Loss: 8.4102

🚨 High-loss Sample 7:
📌 Prompt:
Write a python function to remove first and last occurrence of a given character from the string.
📌 Completion:
def remove_Occ(s,ch): 
    for i in range(len(s)): 
        if (s[i] == ch): 
            s = s[0 : i] + s[i + 1:] 
            break
    for i in range(len(s) - 1,-1,-1):  
        if (s[i] == ch): 
            s = s[0 : i] + s[i + 1:] 
            break
    return s
📉 Completion Loss: 10.4494
[Check] Prompt len: 19, Full len: 47
[Check] Prompt len: 13, Full len: 41
[Check] Prompt len: 25, Full len: 129
[Check] Prompt len: 17, Full len: 36
[Check] Prompt len: 18, Full len: 256
[Check] Prompt len: 16, Full len: 65
[Check] Prompt len: 15, Full len: 114
[Check] Prompt len: 18, Full len: 124

🚨 High-loss Sample 8:
📌 Prompt:
Write a function to sort a given matrix in ascending order according to the sum of its rows.
📌 Completion:
def sort_matrix(M):
    result = sorted(M, key=sum)
    return result
📉 Completion Loss: 5.7634

🚨 High-loss Sample 9:
📌 Prompt:
Write a python function to find the volume of a triangular prism.
📌 Completion:
def find_Volume(l,b,h) : 
    return ((l * b * h) / 2)
📉 Completion Loss: 5.7513

🚨 High-loss Sample 10:
📌 Prompt:
Write a function to that returns true if the input string contains sequences of lowercase letters joined with an underscore and false otherwise.
📌 Completion:
import re
def text_lowercase_underscore(text):
        patterns = '^[a-z]+_[a-z]+$'
        if re.search(patterns,  text):
                return True
        else:
                return False
📉 Completion Loss: 7.4895

🚨 High-loss Sample 11:
📌 Prompt:
Write a function that returns the perimeter of a square given its side length as input.
📌 Completion:
def square_perimeter(a):
  perimeter=4*a
  return perimeter
📉 Completion Loss: 5.5691

🚨 High-loss Sample 12:
📌 Prompt:
Write a function to remove characters from the first string which are present in the second string.
📌 Completion:
NO_OF_CHARS = 256
def str_to_list(string): 
	temp = [] 
	for x in string: 
		temp.append(x) 
	return temp 
def lst_to_string(List): 
	return ''.join(List) 
def get_char_count_array(string): 
	count = [0] * NO_OF_CHARS 
	for i in string: 
		count[ord(i)] += 1
	return count 
def remove_dirty_chars(string, second_string): 
	count = get_char_count_array(second_string) 
	ip_ind = 0
	res_ind = 0
	temp = '' 
	str_list = str_to_list(string) 
	while ip_ind != len(str_list): 
		temp = str_list[ip_ind] 
		if count[ord(temp)] == 0: 
			str_list[res_ind] = str_list[ip_ind] 
			res_ind += 1
		ip_ind+=1
	return lst_to_string(str_list[0:res_ind])
📉 Completion Loss: 10.3378

🚨 High-loss Sample 13:
📌 Prompt:
Write a function to find whether a given array of integers contains any duplicate element.
📌 Completion:
def test_duplicate(arraynums):
    nums_set = set(arraynums)    
    return len(arraynums) != len(nums_set)
📉 Completion Loss: 6.1925

🚨 High-loss Sample 14:
📌 Prompt:
Write a function to check if the given number is woodball or not.
📌 Completion:
def is_woodall(x): 
	if (x % 2 == 0): 
		return False
	if (x == 1): 
		return True
	x = x + 1 
	p = 0
	while (x % 2 == 0): 
		x = x/2
		p = p + 1
		if (p == x): 
			return True
	return False
📉 Completion Loss: 7.2706

🚨 High-loss Sample 15:
📌 Prompt:
Write a python function to check if a given number is one less than twice its reverse.
📌 Completion:
def rev(num):    
    rev_num = 0
    while (num > 0):  
        rev_num = (rev_num * 10 + num % 10) 
        num = num // 10  
    return rev_num  
def check(n):    
    return (2 * rev(n) == n + 1)
📉 Completion Loss: 7.4952
[Check] Prompt len: 20, Full len: 105
[Check] Prompt len: 17, Full len: 41
[Check] Prompt len: 12, Full len: 33
[Check] Prompt len: 21, Full len: 155
[Check] Prompt len: 12, Full len: 26
[Check] Prompt len: 17, Full len: 61
[Check] Prompt len: 18, Full len: 75
[Check] Prompt len: 15, Full len: 87

🚨 High-loss Sample 16:
📌 Prompt:
Write a python function to find the largest number that can be formed with the given list of digits.
📌 Completion:
def find_Max_Num(arr) : 
    n = len(arr)
    arr.sort(reverse = True) 
    num = arr[0] 
    for i in range(1,n) : 
        num = num * 10 + arr[i] 
    return num
📉 Completion Loss: 8.4146

🚨 High-loss Sample 17:
📌 Prompt:
Write a python function to check whether the given two integers have opposite sign or not.
📌 Completion:
def opposite_Signs(x,y): 
    return ((x ^ y) < 0);
📉 Completion Loss: 6.0454

🚨 High-loss Sample 18:
📌 Prompt:
Write a function to find the nth octagonal number.
📌 Completion:
def is_octagonal(n): 
	return 3 * n * n - 2 * n
📉 Completion Loss: 5.9031

🚨 High-loss Sample 19:
📌 Prompt:
Write a python function to count the number of substrings with the sum of digits equal to their length.
📌 Completion:
from collections import defaultdict
def count_Substrings(s):
    n = len(s)
    count,sum = 0,0
    mp = defaultdict(lambda : 0)
    mp[0] += 1
    for i in range(n):
        sum += ord(s[i]) - ord('0')
        count += mp[sum - (i + 1)]
        mp[sum - (i + 1)] += 1
    return count
📉 Completion Loss: 10.4289

🚨 High-loss Sample 20:
📌 Prompt:
Write a python function to find smallest number in a list.
📌 Completion:
def smallest_num(xs):
  return min(xs)
📉 Completion Loss: 5.6636

🚨 High-loss Sample 21:
📌 Prompt:
Write a function to find the maximum difference between available pairs in the given tuple list.
📌 Completion:
def max_difference(test_list):
  temp = [abs(b - a) for a, b in test_list]
  res = max(temp)
  return (res)
📉 Completion Loss: 6.7963

🚨 High-loss Sample 22:
📌 Prompt:
Write a function to sort a list of tuples using the second value of each tuple.
📌 Completion:
def subject_marks(subjectmarks):
#subject_marks = [('English', 88), ('Science', 90), ('Maths', 97), ('Social sciences', 82)])
 subjectmarks.sort(key = lambda x: x[1])
 return subjectmarks
📉 Completion Loss: 7.3355

🚨 High-loss Sample 23:
📌 Prompt:
Write a function to flatten a list and sum all of its elements.
📌 Completion:
def recursive_list_sum(data_list):
	total = 0
	for element in data_list:
		if type(element) == type([]):
			total = total + recursive_list_sum(element)
		else:
			total = total + element
	return total
📉 Completion Loss: 7.7860
[Check] Prompt len: 15, Full len: 64
[Check] Prompt len: 17, Full len: 181
[Check] Prompt len: 17, Full len: 96
[Check] Prompt len: 16, Full len: 193
[Check] Prompt len: 17, Full len: 109
[Check] Prompt len: 10, Full len: 238
[Check] Prompt len: 22, Full len: 60
[Check] Prompt len: 16, Full len: 256

🚨 High-loss Sample 24:
📌 Prompt:
Write a python function to count the number of positive numbers in a list.
📌 Completion:
def pos_count(list):
  pos_count= 0
  for num in list: 
    if num >= 0: 
      pos_count += 1
  return pos_count
📉 Completion Loss: 6.1846

🚨 High-loss Sample 25:
📌 Prompt:
Write a function to find the number of ways to partition a set of Bell numbers.
📌 Completion:
def bell_number(n):   
    bell = [[0 for i in range(n+1)] for j in range(n+1)] 
    bell[0][0] = 1
    for i in range(1, n+1): 
        bell[i][0] = bell[i-1][i-1]  
        for j in range(1, i+1): 
            bell[i][j] = bell[i-1][j-1] + bell[i][j-1]   
    return bell[n][0]
📉 Completion Loss: 8.7490

🚨 High-loss Sample 26:
📌 Prompt:
Write a python function to check whether the given array is monotonic or not.
📌 Completion:
def is_Monotonic(A): 
    return (all(A[i] <= A[i + 1] for i in range(len(A) - 1)) or
            all(A[i] >= A[i + 1] for i in range(len(A) - 1)))
📉 Completion Loss: 6.9060

🚨 High-loss Sample 27:
📌 Prompt:
Write a function to check whether a list contains the given sublist or not.
📌 Completion:
def is_sublist(l, s):
	sub_set = False
	if s == []:
		sub_set = True
	elif s == l:
		sub_set = True
	elif len(s) > len(l):
		sub_set = False
	else:
		for i in range(len(l)):
			if l[i] == s[0]:
				n = 1
				while (n < len(s)) and (l[i+n] == s[n]):
					n += 1				
				if n == len(s):
					sub_set = True
	return sub_set
📉 Completion Loss: 8.9038

🚨 High-loss Sample 28:
📌 Prompt:
Write a function to find whether all the given tuples have equal length or not.
📌 Completion:
def find_equal_tuple(Input):
  k = 0 if not Input else len(Input[0])
  flag = 1
  for tuple in Input:
    if len(tuple) != k:
      flag = 0
      break
  return flag
def get_equal(Input):
  return find_equal_tuple(Input) == 1
📉 Completion Loss: 7.1412

🚨 High-loss Sample 29:
📌 Prompt:
Write a function to sort a list of elements.
📌 Completion:
def comb_sort(nums):
    shrink_fact = 1.3
    gaps = len(nums)
    swapped = True
    i = 0
    while gaps > 1 or swapped:
        gaps = int(float(gaps) / shrink_fact)
        swapped = False
        i = 0
        while gaps + i < len(nums):
            if nums[i] > nums[i+gaps]:
                nums[i], nums[i+gaps] = nums[i+gaps], nums[i]
                swapped = True
            i += 1
    return nums
📉 Completion Loss: 10.0365

🚨 High-loss Sample 30:
📌 Prompt:
Write a python function to check whether the given number can be represented as the difference of two squares or not.
📌 Completion:
def dif_Square(n): 
    if (n % 4 != 2): 
        return True
    return False
📉 Completion Loss: 5.9842

🚨 High-loss Sample 31:
📌 Prompt:
Write a function to check whether it follows the sequence given in the patterns array.
📌 Completion:
def is_samepatterns(colors, patterns):    
    if len(colors) != len(patterns):
        return False    
    sdict = {}
    pset = set()
    sset = set()    
    for i in range(len(patterns)):
        pset.add(patterns[i])
        sset.add(colors[i])
        if patterns[i] not in sdict.keys():
            sdict[patterns[i]] = []

        keys = sdict[patterns[i]]
        keys.append(colors[i])
        sdict[patterns[i]] = keys

    if len(pset) != len(sset):
        return False   

    for values in sdict.values():

        for i in range(len(values) - 1):
            if values[i] != values[i+1]:
                return False

    return True
📉 Completion Loss: 10.4398
[Check] Prompt len: 23, Full len: 64
[Check] Prompt len: 15, Full len: 35
[Check] Prompt len: 17, Full len: 111
[Check] Prompt len: 13, Full len: 42
[Check] Prompt len: 11, Full len: 43
[Check] Prompt len: 26, Full len: 156
[Check] Prompt len: 17, Full len: 68
[Check] Prompt len: 12, Full len: 43

🚨 High-loss Sample 32:
📌 Prompt:
Write a function to find tuples which have all elements divisible by k from the given list of tuples.
📌 Completion:
def find_tuples(test_list, K):
  res = [sub for sub in test_list if all(ele % K == 0 for ele in sub)]
  return res
📉 Completion Loss: 6.7549

🚨 High-loss Sample 33:
📌 Prompt:
Write a python function to find whether a number is divisible by 11.
📌 Completion:
def is_Diff(n): 
    return (n % 11 == 0)
📉 Completion Loss: 5.8666

🚨 High-loss Sample 34:
📌 Prompt:
Write a python function to check whether the length of the word is odd or not.
📌 Completion:
def word_len(s): 
    s = s.split(' ')   
    for word in s:    
        if len(word)%2!=0: 
            return True  
        else:
          return False
📉 Completion Loss: 8.6586

🚨 High-loss Sample 35:
📌 Prompt:
Write a function to find the nth tetrahedral number.
📌 Completion:
def tetrahedral_number(n): 
	return (n * (n + 1) * (n + 2)) / 6
📉 Completion Loss: 6.1794

🚨 High-loss Sample 36:
📌 Prompt:
Write a function to find the volume of a sphere.
📌 Completion:
import math
def volume_sphere(r):
  volume=(4/3)*math.pi*r*r*r
  return volume
📉 Completion Loss: 6.2891

🚨 High-loss Sample 37:
📌 Prompt:
Write a python function to find the character made by adding the ASCII value of all the characters of the given string modulo 26.
📌 Completion:
def get_Char(strr):  
    summ = 0
    for i in range(len(strr)): 
        summ += (ord(strr[i]) - ord('a') + 1)  
    if (summ % 26 == 0): 
        return ord('z') 
    else: 
        summ = summ % 26
        return chr(ord('a') + summ - 1)
📉 Completion Loss: 10.4614

🚨 High-loss Sample 38:
📌 Prompt:
Write a function to find the nth number in the newman conway sequence.
📌 Completion:
def sequence(n): 
	if n == 1 or n == 2: 
		return 1
	else: 
		return sequence(sequence(n-1)) + sequence(n-sequence(n-1))
📉 Completion Loss: 7.0200

🚨 High-loss Sample 39:
📌 Prompt:
Write a function to find the surface area of a sphere.
📌 Completion:
import math
def surfacearea_sphere(r):
  surfacearea=4*math.pi*r*r
  return surfacearea
📉 Completion Loss: 6.2550
[Check] Prompt len: 12, Full len: 36
[Check] Prompt len: 13, Full len: 70
[Check] Prompt len: 20, Full len: 53
[Check] Prompt len: 12, Full len: 27
[Check] Prompt len: 13, Full len: 84
[Check] Prompt len: 22, Full len: 66
[Check] Prompt len: 15, Full len: 92
[Check] Prompt len: 17, Full len: 80

🚨 High-loss Sample 40:
📌 Prompt:
Write a function to find nth centered hexagonal number.
📌 Completion:
def centered_hexagonal_number(n):
  return 3 * n * (n - 1) + 1
📉 Completion Loss: 6.7158

🚨 High-loss Sample 41:
📌 Prompt:
Write a function to merge three dictionaries into a single dictionary.
📌 Completion:
import collections as ct
def merge_dictionaries_three(dict1,dict2, dict3):
    merged_dict = dict(ct.ChainMap({},dict1,dict2,dict3))
    return merged_dict
📉 Completion Loss: 8.8930

🚨 High-loss Sample 42:
📌 Prompt:
Write a function to get the frequency of all the elements in a list, returned as a dictionary.
📌 Completion:
import collections
def freq_count(list1):
  freq_count= collections.Counter(list1)
  return freq_count
📉 Completion Loss: 7.4450

🚨 High-loss Sample 43:
📌 Prompt:
Write a function to find the closest smaller number than n.
📌 Completion:
def closest_num(N):
  return (N - 1)
📉 Completion Loss: 6.1299

🚨 High-loss Sample 44:
📌 Prompt:
Write a python function to find the length of the longest word.
📌 Completion:
def len_log(list1):
    max=len(list1[0])
    for i in list1:
        if len(i)>max:
            max=len(i)
    return max
📉 Completion Loss: 9.8768

🚨 High-loss Sample 45:
📌 Prompt:
Write a function to check if a string is present as a substring in a given list of string values.
📌 Completion:
def find_substring(str1, sub_str):
   if any(sub_str in s for s in str1):
       return True
   return False
📉 Completion Loss: 8.3890

🚨 High-loss Sample 46:
📌 Prompt:
Write a function to check whether the given number is undulating or not.
📌 Completion:
def is_undulating(n): 
	n = str(n)
	if (len(n) <= 2): 
		return False
	for i in range(2, len(n)): 
		if (n[i - 2] != n[i]): 
			return False
	return True
📉 Completion Loss: 10.2519

🚨 High-loss Sample 47:
📌 Prompt:
Write a function to calculate the value of 'a' to the power 'b'.
📌 Completion:
def power(a,b):
	if b==0:
		return 1
	elif a==0:
		return 0
	elif b==1:
		return a
	else:
		return a*power(a,b-1)
📉 Completion Loss: 9.4292
[Check] Prompt len: 24, Full len: 68
[Check] Prompt len: 18, Full len: 56

🚨 High-loss Sample 48:
📌 Prompt:
Given a list of tuples, write a function that returns the first value of the tuple with the smallest second value.
📌 Completion:
from operator import itemgetter 
def index_minimum(test_list):
  res = min(test_list, key = itemgetter(1))[0]
  return (res)
📉 Completion Loss: 10.4317

🚨 High-loss Sample 49:
📌 Prompt:
Write a python function to find the length of the smallest list in a list of lists.
📌 Completion:
def Find_Min_Length(lst):  
    minLength = min(len(x) for x in lst )
    return minLength
📉 Completion Loss: 9.1898
✅ Evaluation Complete. Final Avg Loss = 7.6219, Perplexity = 2042.50
[Step 100] PPL(A2C) = 2042.50 | AvgR = 0.5013
[Check] Prompt len: 14, Full len: 61
[Check] Prompt len: 11, Full len: 89
[Check] Prompt len: 21, Full len: 65
[Check] Prompt len: 19, Full len: 83
[Check] Prompt len: 18, Full len: 53
[Check] Prompt len: 13, Full len: 48
[Check] Prompt len: 25, Full len: 127
[Check] Prompt len: 18, Full len: 189

🚨 High-loss Sample 0:
📌 Prompt:
Write a function to find the shared elements from the given two lists.
📌 Completion:
def similar_elements(test_tup1, test_tup2):
  res = tuple(set(test_tup1) & set(test_tup2))
  return (res)
📉 Completion Loss: 6.2427

🚨 High-loss Sample 1:
📌 Prompt:
Write a python function to identify non-prime numbers.
📌 Completion:
import math
def is_not_prime(n):
    result = False
    for i in range(2,int(math.sqrt(n)) + 1):
        if n % i == 0:
            result = True
    return result
📉 Completion Loss: 7.1982

🚨 High-loss Sample 2:
📌 Prompt:
Write a function to find the n largest integers from a given list of numbers, returned in descending order.
📌 Completion:
import heapq as hq
def heap_queue_largest(nums,n):
  largest_nums = hq.nlargest(n, nums)
  return largest_nums
📉 Completion Loss: 6.1627

🚨 High-loss Sample 3:
📌 Prompt:
Write a python function to check whether the two numbers differ at one bit position only or not.
📌 Completion:
def is_Power_Of_Two (x): 
    return x and (not(x & (x - 1))) 
def differ_At_One_Bit_Pos(a,b): 
    return is_Power_Of_Two(a ^ b)
📉 Completion Loss: 6.8361

🚨 High-loss Sample 4:
📌 Prompt:
Write a function to find all words which are at least 4 characters long in a string.
📌 Completion:
import re
def find_char_long(text):
  return (re.findall(r"\b\w{4,}\b", text))
📉 Completion Loss: 5.8628

🚨 High-loss Sample 5:
📌 Prompt:
Write a function to find squares of individual elements in a list.
📌 Completion:
def square_nums(nums):
 square_nums = list(map(lambda x: x ** 2, nums))
 return square_nums
📉 Completion Loss: 5.8352

🚨 High-loss Sample 6:
📌 Prompt:
Write a python function to find the minimum number of rotations (greater than 0) required to get the same string.
📌 Completion:
def find_Rotations(str): 
    tmp = str + str
    n = len(str) 
    for i in range(1,n + 1): 
        substring = tmp[i: i+n] 
        if (str == substring): 
            return i 
    return n
📉 Completion Loss: 8.2476

🚨 High-loss Sample 7:
📌 Prompt:
Write a python function to remove first and last occurrence of a given character from the string.
📌 Completion:
def remove_Occ(s,ch): 
    for i in range(len(s)): 
        if (s[i] == ch): 
            s = s[0 : i] + s[i + 1:] 
            break
    for i in range(len(s) - 1,-1,-1):  
        if (s[i] == ch): 
            s = s[0 : i] + s[i + 1:] 
            break
    return s
📉 Completion Loss: 10.4372
[Check] Prompt len: 19, Full len: 47
[Check] Prompt len: 13, Full len: 41
[Check] Prompt len: 25, Full len: 129
[Check] Prompt len: 17, Full len: 36
[Check] Prompt len: 18, Full len: 256
[Check] Prompt len: 16, Full len: 65
[Check] Prompt len: 15, Full len: 114
[Check] Prompt len: 18, Full len: 124

🚨 High-loss Sample 8:
📌 Prompt:
Write a function to sort a given matrix in ascending order according to the sum of its rows.
📌 Completion:
def sort_matrix(M):
    result = sorted(M, key=sum)
    return result
📉 Completion Loss: 5.4086

🚨 High-loss Sample 9:
📌 Prompt:
Write a python function to find the volume of a triangular prism.
📌 Completion:
def find_Volume(l,b,h) : 
    return ((l * b * h) / 2)
📉 Completion Loss: 5.3950

🚨 High-loss Sample 10:
📌 Prompt:
Write a function to that returns true if the input string contains sequences of lowercase letters joined with an underscore and false otherwise.
📌 Completion:
import re
def text_lowercase_underscore(text):
        patterns = '^[a-z]+_[a-z]+$'
        if re.search(patterns,  text):
                return True
        else:
                return False
📉 Completion Loss: 7.2571

🚨 High-loss Sample 11:
📌 Prompt:
Write a function that returns the perimeter of a square given its side length as input.
📌 Completion:
def square_perimeter(a):
  perimeter=4*a
  return perimeter
📉 Completion Loss: 5.1937

🚨 High-loss Sample 12:
📌 Prompt:
Write a function to remove characters from the first string which are present in the second string.
📌 Completion:
NO_OF_CHARS = 256
def str_to_list(string): 
	temp = [] 
	for x in string: 
		temp.append(x) 
	return temp 
def lst_to_string(List): 
	return ''.join(List) 
def get_char_count_array(string): 
	count = [0] * NO_OF_CHARS 
	for i in string: 
		count[ord(i)] += 1
	return count 
def remove_dirty_chars(string, second_string): 
	count = get_char_count_array(second_string) 
	ip_ind = 0
	res_ind = 0
	temp = '' 
	str_list = str_to_list(string) 
	while ip_ind != len(str_list): 
		temp = str_list[ip_ind] 
		if count[ord(temp)] == 0: 
			str_list[res_ind] = str_list[ip_ind] 
			res_ind += 1
		ip_ind+=1
	return lst_to_string(str_list[0:res_ind])
📉 Completion Loss: 10.3045

🚨 High-loss Sample 13:
📌 Prompt:
Write a function to find whether a given array of integers contains any duplicate element.
📌 Completion:
def test_duplicate(arraynums):
    nums_set = set(arraynums)    
    return len(arraynums) != len(nums_set)
📉 Completion Loss: 5.8758

🚨 High-loss Sample 14:
📌 Prompt:
Write a function to check if the given number is woodball or not.
📌 Completion:
def is_woodall(x): 
	if (x % 2 == 0): 
		return False
	if (x == 1): 
		return True
	x = x + 1 
	p = 0
	while (x % 2 == 0): 
		x = x/2
		p = p + 1
		if (p == x): 
			return True
	return False
📉 Completion Loss: 7.0302

🚨 High-loss Sample 15:
📌 Prompt:
Write a python function to check if a given number is one less than twice its reverse.
📌 Completion:
def rev(num):    
    rev_num = 0
    while (num > 0):  
        rev_num = (rev_num * 10 + num % 10) 
        num = num // 10  
    return rev_num  
def check(n):    
    return (2 * rev(n) == n + 1)
📉 Completion Loss: 7.2712
[Check] Prompt len: 20, Full len: 105
[Check] Prompt len: 17, Full len: 41
[Check] Prompt len: 12, Full len: 33
[Check] Prompt len: 21, Full len: 155
[Check] Prompt len: 12, Full len: 26
[Check] Prompt len: 17, Full len: 61
[Check] Prompt len: 18, Full len: 75
[Check] Prompt len: 15, Full len: 87

🚨 High-loss Sample 16:
📌 Prompt:
Write a python function to find the largest number that can be formed with the given list of digits.
📌 Completion:
def find_Max_Num(arr) : 
    n = len(arr)
    arr.sort(reverse = True) 
    num = arr[0] 
    for i in range(1,n) : 
        num = num * 10 + arr[i] 
    return num
📉 Completion Loss: 8.2506

🚨 High-loss Sample 17:
📌 Prompt:
Write a python function to check whether the given two integers have opposite sign or not.
📌 Completion:
def opposite_Signs(x,y): 
    return ((x ^ y) < 0);
📉 Completion Loss: 5.7203

🚨 High-loss Sample 18:
📌 Prompt:
Write a function to find the nth octagonal number.
📌 Completion:
def is_octagonal(n): 
	return 3 * n * n - 2 * n
📉 Completion Loss: 5.5604

🚨 High-loss Sample 19:
📌 Prompt:
Write a python function to count the number of substrings with the sum of digits equal to their length.
📌 Completion:
from collections import defaultdict
def count_Substrings(s):
    n = len(s)
    count,sum = 0,0
    mp = defaultdict(lambda : 0)
    mp[0] += 1
    for i in range(n):
        sum += ord(s[i]) - ord('0')
        count += mp[sum - (i + 1)]
        mp[sum - (i + 1)] += 1
    return count
📉 Completion Loss: 10.4320

🚨 High-loss Sample 20:
📌 Prompt:
Write a python function to find smallest number in a list.
📌 Completion:
def smallest_num(xs):
  return min(xs)
📉 Completion Loss: 5.3010

🚨 High-loss Sample 21:
📌 Prompt:
Write a function to find the maximum difference between available pairs in the given tuple list.
📌 Completion:
def max_difference(test_list):
  temp = [abs(b - a) for a, b in test_list]
  res = max(temp)
  return (res)
📉 Completion Loss: 6.5206

🚨 High-loss Sample 22:
📌 Prompt:
Write a function to sort a list of tuples using the second value of each tuple.
📌 Completion:
def subject_marks(subjectmarks):
#subject_marks = [('English', 88), ('Science', 90), ('Maths', 97), ('Social sciences', 82)])
 subjectmarks.sort(key = lambda x: x[1])
 return subjectmarks
📉 Completion Loss: 7.1040

🚨 High-loss Sample 23:
📌 Prompt:
Write a function to flatten a list and sum all of its elements.
📌 Completion:
def recursive_list_sum(data_list):
	total = 0
	for element in data_list:
		if type(element) == type([]):
			total = total + recursive_list_sum(element)
		else:
			total = total + element
	return total
📉 Completion Loss: 7.5891
[Check] Prompt len: 15, Full len: 64
[Check] Prompt len: 17, Full len: 181
[Check] Prompt len: 17, Full len: 96
[Check] Prompt len: 16, Full len: 193
[Check] Prompt len: 17, Full len: 109
[Check] Prompt len: 10, Full len: 238
[Check] Prompt len: 22, Full len: 60
[Check] Prompt len: 16, Full len: 256

🚨 High-loss Sample 24:
📌 Prompt:
Write a python function to count the number of positive numbers in a list.
📌 Completion:
def pos_count(list):
  pos_count= 0
  for num in list: 
    if num >= 0: 
      pos_count += 1
  return pos_count
📉 Completion Loss: 5.8542

🚨 High-loss Sample 25:
📌 Prompt:
Write a function to find the number of ways to partition a set of Bell numbers.
📌 Completion:
def bell_number(n):   
    bell = [[0 for i in range(n+1)] for j in range(n+1)] 
    bell[0][0] = 1
    for i in range(1, n+1): 
        bell[i][0] = bell[i-1][i-1]  
        for j in range(1, i+1): 
            bell[i][j] = bell[i-1][j-1] + bell[i][j-1]   
    return bell[n][0]
📉 Completion Loss: 8.6078

🚨 High-loss Sample 26:
📌 Prompt:
Write a python function to check whether the given array is monotonic or not.
📌 Completion:
def is_Monotonic(A): 
    return (all(A[i] <= A[i + 1] for i in range(len(A) - 1)) or
            all(A[i] >= A[i + 1] for i in range(len(A) - 1)))
📉 Completion Loss: 6.6465

🚨 High-loss Sample 27:
📌 Prompt:
Write a function to check whether a list contains the given sublist or not.
📌 Completion:
def is_sublist(l, s):
	sub_set = False
	if s == []:
		sub_set = True
	elif s == l:
		sub_set = True
	elif len(s) > len(l):
		sub_set = False
	else:
		for i in range(len(l)):
			if l[i] == s[0]:
				n = 1
				while (n < len(s)) and (l[i+n] == s[n]):
					n += 1				
				if n == len(s):
					sub_set = True
	return sub_set
📉 Completion Loss: 8.7874

🚨 High-loss Sample 28:
📌 Prompt:
Write a function to find whether all the given tuples have equal length or not.
📌 Completion:
def find_equal_tuple(Input):
  k = 0 if not Input else len(Input[0])
  flag = 1
  for tuple in Input:
    if len(tuple) != k:
      flag = 0
      break
  return flag
def get_equal(Input):
  return find_equal_tuple(Input) == 1
📉 Completion Loss: 6.8956

🚨 High-loss Sample 29:
📌 Prompt:
Write a function to sort a list of elements.
📌 Completion:
def comb_sort(nums):
    shrink_fact = 1.3
    gaps = len(nums)
    swapped = True
    i = 0
    while gaps > 1 or swapped:
        gaps = int(float(gaps) / shrink_fact)
        swapped = False
        i = 0
        while gaps + i < len(nums):
            if nums[i] > nums[i+gaps]:
                nums[i], nums[i+gaps] = nums[i+gaps], nums[i]
                swapped = True
            i += 1
    return nums
📉 Completion Loss: 9.9992

🚨 High-loss Sample 30:
📌 Prompt:
Write a python function to check whether the given number can be represented as the difference of two squares or not.
📌 Completion:
def dif_Square(n): 
    if (n % 4 != 2): 
        return True
    return False
📉 Completion Loss: 5.6414

🚨 High-loss Sample 31:
📌 Prompt:
Write a function to check whether it follows the sequence given in the patterns array.
📌 Completion:
def is_samepatterns(colors, patterns):    
    if len(colors) != len(patterns):
        return False    
    sdict = {}
    pset = set()
    sset = set()    
    for i in range(len(patterns)):
        pset.add(patterns[i])
        sset.add(colors[i])
        if patterns[i] not in sdict.keys():
            sdict[patterns[i]] = []

        keys = sdict[patterns[i]]
        keys.append(colors[i])
        sdict[patterns[i]] = keys

    if len(pset) != len(sset):
        return False   

    for values in sdict.values():

        for i in range(len(values) - 1):
            if values[i] != values[i+1]:
                return False

    return True
📉 Completion Loss: 10.4444
[Check] Prompt len: 23, Full len: 64
[Check] Prompt len: 15, Full len: 35
[Check] Prompt len: 17, Full len: 111
[Check] Prompt len: 13, Full len: 42
[Check] Prompt len: 11, Full len: 43
[Check] Prompt len: 26, Full len: 156
[Check] Prompt len: 17, Full len: 68
[Check] Prompt len: 12, Full len: 43

🚨 High-loss Sample 32:
📌 Prompt:
Write a function to find tuples which have all elements divisible by k from the given list of tuples.
📌 Completion:
def find_tuples(test_list, K):
  res = [sub for sub in test_list if all(ele % K == 0 for ele in sub)]
  return res
📉 Completion Loss: 6.4759

🚨 High-loss Sample 33:
📌 Prompt:
Write a python function to find whether a number is divisible by 11.
📌 Completion:
def is_Diff(n): 
    return (n % 11 == 0)
📉 Completion Loss: 5.5162

🚨 High-loss Sample 34:
📌 Prompt:
Write a python function to check whether the length of the word is odd or not.
📌 Completion:
def word_len(s): 
    s = s.split(' ')   
    for word in s:    
        if len(word)%2!=0: 
            return True  
        else:
          return False
📉 Completion Loss: 8.5068

🚨 High-loss Sample 35:
📌 Prompt:
Write a function to find the nth tetrahedral number.
📌 Completion:
def tetrahedral_number(n): 
	return (n * (n + 1) * (n + 2)) / 6
📉 Completion Loss: 5.8666

🚨 High-loss Sample 36:
📌 Prompt:
Write a function to find the volume of a sphere.
📌 Completion:
import math
def volume_sphere(r):
  volume=(4/3)*math.pi*r*r*r
  return volume
📉 Completion Loss: 5.9687

🚨 High-loss Sample 37:
📌 Prompt:
Write a python function to find the character made by adding the ASCII value of all the characters of the given string modulo 26.
📌 Completion:
def get_Char(strr):  
    summ = 0
    for i in range(len(strr)): 
        summ += (ord(strr[i]) - ord('a') + 1)  
    if (summ % 26 == 0): 
        return ord('z') 
    else: 
        summ = summ % 26
        return chr(ord('a') + summ - 1)
📉 Completion Loss: 10.4425

🚨 High-loss Sample 38:
📌 Prompt:
Write a function to find the nth number in the newman conway sequence.
📌 Completion:
def sequence(n): 
	if n == 1 or n == 2: 
		return 1
	else: 
		return sequence(sequence(n-1)) + sequence(n-sequence(n-1))
📉 Completion Loss: 6.7492

🚨 High-loss Sample 39:
📌 Prompt:
Write a function to find the surface area of a sphere.
📌 Completion:
import math
def surfacearea_sphere(r):
  surfacearea=4*math.pi*r*r
  return surfacearea
📉 Completion Loss: 5.9271
[Check] Prompt len: 12, Full len: 36
[Check] Prompt len: 13, Full len: 70
[Check] Prompt len: 20, Full len: 53
[Check] Prompt len: 12, Full len: 27
[Check] Prompt len: 13, Full len: 84
[Check] Prompt len: 22, Full len: 66
[Check] Prompt len: 15, Full len: 92
[Check] Prompt len: 17, Full len: 80

🚨 High-loss Sample 40:
📌 Prompt:
Write a function to find nth centered hexagonal number.
📌 Completion:
def centered_hexagonal_number(n):
  return 3 * n * (n - 1) + 1
📉 Completion Loss: 6.4451

🚨 High-loss Sample 41:
📌 Prompt:
Write a function to merge three dictionaries into a single dictionary.
📌 Completion:
import collections as ct
def merge_dictionaries_three(dict1,dict2, dict3):
    merged_dict = dict(ct.ChainMap({},dict1,dict2,dict3))
    return merged_dict
📉 Completion Loss: 8.7772

🚨 High-loss Sample 42:
📌 Prompt:
Write a function to get the frequency of all the elements in a list, returned as a dictionary.
📌 Completion:
import collections
def freq_count(list1):
  freq_count= collections.Counter(list1)
  return freq_count
📉 Completion Loss: 7.2010

🚨 High-loss Sample 43:
📌 Prompt:
Write a function to find the closest smaller number than n.
📌 Completion:
def closest_num(N):
  return (N - 1)
📉 Completion Loss: 5.8005

🚨 High-loss Sample 44:
📌 Prompt:
Write a python function to find the length of the longest word.
📌 Completion:
def len_log(list1):
    max=len(list1[0])
    for i in list1:
        if len(i)>max:
            max=len(i)
    return max
📉 Completion Loss: 9.7951

🚨 High-loss Sample 45:
📌 Prompt:
Write a function to check if a string is present as a substring in a given list of string values.
📌 Completion:
def find_substring(str1, sub_str):
   if any(sub_str in s for s in str1):
       return True
   return False
📉 Completion Loss: 8.2135

🚨 High-loss Sample 46:
📌 Prompt:
Write a function to check whether the given number is undulating or not.
📌 Completion:
def is_undulating(n): 
	n = str(n)
	if (len(n) <= 2): 
		return False
	for i in range(2, len(n)): 
		if (n[i - 2] != n[i]): 
			return False
	return True
📉 Completion Loss: 10.2186

🚨 High-loss Sample 47:
📌 Prompt:
Write a function to calculate the value of 'a' to the power 'b'.
📌 Completion:
def power(a,b):
	if b==0:
		return 1
	elif a==0:
		return 0
	elif b==1:
		return a
	else:
		return a*power(a,b-1)
📉 Completion Loss: 9.3359
[Check] Prompt len: 24, Full len: 68
[Check] Prompt len: 18, Full len: 56

🚨 High-loss Sample 48:
📌 Prompt:
Given a list of tuples, write a function that returns the first value of the tuple with the smallest second value.
📌 Completion:
from operator import itemgetter 
def index_minimum(test_list):
  res = min(test_list, key = itemgetter(1))[0]
  return (res)
📉 Completion Loss: 10.4488

🚨 High-loss Sample 49:
📌 Prompt:
Write a python function to find the length of the smallest list in a list of lists.
📌 Completion:
def Find_Min_Length(lst):  
    minLength = min(len(x) for x in lst )
    return minLength
📉 Completion Loss: 9.0808
✅ Evaluation Complete. Final Avg Loss = 7.3794, Perplexity = 1602.68
[Step 150] PPL(A2C) = 1602.68 | AvgR = 0.4100
[Check] Prompt len: 14, Full len: 61
[Check] Prompt len: 11, Full len: 89
[Check] Prompt len: 21, Full len: 65
[Check] Prompt len: 19, Full len: 83
[Check] Prompt len: 18, Full len: 53
[Check] Prompt len: 13, Full len: 48
[Check] Prompt len: 25, Full len: 127
[Check] Prompt len: 18, Full len: 189

🚨 High-loss Sample 0:
📌 Prompt:
Write a function to find the shared elements from the given two lists.
📌 Completion:
def similar_elements(test_tup1, test_tup2):
  res = tuple(set(test_tup1) & set(test_tup2))
  return (res)
📉 Completion Loss: 5.9611

🚨 High-loss Sample 1:
📌 Prompt:
Write a python function to identify non-prime numbers.
📌 Completion:
import math
def is_not_prime(n):
    result = False
    for i in range(2,int(math.sqrt(n)) + 1):
        if n % i == 0:
            result = True
    return result
📉 Completion Loss: 6.9833

🚨 High-loss Sample 2:
📌 Prompt:
Write a function to find the n largest integers from a given list of numbers, returned in descending order.
📌 Completion:
import heapq as hq
def heap_queue_largest(nums,n):
  largest_nums = hq.nlargest(n, nums)
  return largest_nums
📉 Completion Loss: 5.8825

🚨 High-loss Sample 3:
📌 Prompt:
Write a python function to check whether the two numbers differ at one bit position only or not.
📌 Completion:
def is_Power_Of_Two (x): 
    return x and (not(x & (x - 1))) 
def differ_At_One_Bit_Pos(a,b): 
    return is_Power_Of_Two(a ^ b)
📉 Completion Loss: 6.5904

🚨 High-loss Sample 4:
📌 Prompt:
Write a function to find all words which are at least 4 characters long in a string.
📌 Completion:
import re
def find_char_long(text):
  return (re.findall(r"\b\w{4,}\b", text))
📉 Completion Loss: 5.5506

🚨 High-loss Sample 5:
📌 Prompt:
Write a function to find squares of individual elements in a list.
📌 Completion:
def square_nums(nums):
 square_nums = list(map(lambda x: x ** 2, nums))
 return square_nums
📉 Completion Loss: 5.5280

🚨 High-loss Sample 6:
📌 Prompt:
Write a python function to find the minimum number of rotations (greater than 0) required to get the same string.
📌 Completion:
def find_Rotations(str): 
    tmp = str + str
    n = len(str) 
    for i in range(1,n + 1): 
        substring = tmp[i: i+n] 
        if (str == substring): 
            return i 
    return n
📉 Completion Loss: 8.1110

🚨 High-loss Sample 7:
📌 Prompt:
Write a python function to remove first and last occurrence of a given character from the string.
📌 Completion:
def remove_Occ(s,ch): 
    for i in range(len(s)): 
        if (s[i] == ch): 
            s = s[0 : i] + s[i + 1:] 
            break
    for i in range(len(s) - 1,-1,-1):  
        if (s[i] == ch): 
            s = s[0 : i] + s[i + 1:] 
            break
    return s
📉 Completion Loss: 10.4644
[Check] Prompt len: 19, Full len: 47
[Check] Prompt len: 13, Full len: 41
[Check] Prompt len: 25, Full len: 129
[Check] Prompt len: 17, Full len: 36
[Check] Prompt len: 18, Full len: 256
[Check] Prompt len: 16, Full len: 65
[Check] Prompt len: 15, Full len: 114
[Check] Prompt len: 18, Full len: 124

🚨 High-loss Sample 8:
📌 Prompt:
Write a function to sort a given matrix in ascending order according to the sum of its rows.
📌 Completion:
def sort_matrix(M):
    result = sorted(M, key=sum)
    return result
📉 Completion Loss: 5.0748

🚨 High-loss Sample 9:
📌 Prompt:
Write a python function to find the volume of a triangular prism.
📌 Completion:
def find_Volume(l,b,h) : 
    return ((l * b * h) / 2)
📉 Completion Loss: 5.0615

🚨 High-loss Sample 10:
📌 Prompt:
Write a function to that returns true if the input string contains sequences of lowercase letters joined with an underscore and false otherwise.
📌 Completion:
import re
def text_lowercase_underscore(text):
        patterns = '^[a-z]+_[a-z]+$'
        if re.search(patterns,  text):
                return True
        else:
                return False
📉 Completion Loss: 7.0468

🚨 High-loss Sample 11:
📌 Prompt:
Write a function that returns the perimeter of a square given its side length as input.
📌 Completion:
def square_perimeter(a):
  perimeter=4*a
  return perimeter
📉 Completion Loss: 4.8401

🚨 High-loss Sample 12:
📌 Prompt:
Write a function to remove characters from the first string which are present in the second string.
📌 Completion:
NO_OF_CHARS = 256
def str_to_list(string): 
	temp = [] 
	for x in string: 
		temp.append(x) 
	return temp 
def lst_to_string(List): 
	return ''.join(List) 
def get_char_count_array(string): 
	count = [0] * NO_OF_CHARS 
	for i in string: 
		count[ord(i)] += 1
	return count 
def remove_dirty_chars(string, second_string): 
	count = get_char_count_array(second_string) 
	ip_ind = 0
	res_ind = 0
	temp = '' 
	str_list = str_to_list(string) 
	while ip_ind != len(str_list): 
		temp = str_list[ip_ind] 
		if count[ord(temp)] == 0: 
			str_list[res_ind] = str_list[ip_ind] 
			res_ind += 1
		ip_ind+=1
	return lst_to_string(str_list[0:res_ind])
📉 Completion Loss: 10.2833

🚨 High-loss Sample 13:
📌 Prompt:
Write a function to find whether a given array of integers contains any duplicate element.
📌 Completion:
def test_duplicate(arraynums):
    nums_set = set(arraynums)    
    return len(arraynums) != len(nums_set)
📉 Completion Loss: 5.5751

🚨 High-loss Sample 14:
📌 Prompt:
Write a function to check if the given number is woodball or not.
📌 Completion:
def is_woodall(x): 
	if (x % 2 == 0): 
		return False
	if (x == 1): 
		return True
	x = x + 1 
	p = 0
	while (x % 2 == 0): 
		x = x/2
		p = p + 1
		if (p == x): 
			return True
	return False
📉 Completion Loss: 6.8014

🚨 High-loss Sample 15:
📌 Prompt:
Write a python function to check if a given number is one less than twice its reverse.
📌 Completion:
def rev(num):    
    rev_num = 0
    while (num > 0):  
        rev_num = (rev_num * 10 + num % 10) 
        num = num // 10  
    return rev_num  
def check(n):    
    return (2 * rev(n) == n + 1)
📉 Completion Loss: 7.0672
[Check] Prompt len: 20, Full len: 105
[Check] Prompt len: 17, Full len: 41
[Check] Prompt len: 12, Full len: 33
[Check] Prompt len: 21, Full len: 155
[Check] Prompt len: 12, Full len: 26
[Check] Prompt len: 17, Full len: 61
[Check] Prompt len: 18, Full len: 75
[Check] Prompt len: 15, Full len: 87

🚨 High-loss Sample 16:
📌 Prompt:
Write a python function to find the largest number that can be formed with the given list of digits.
📌 Completion:
def find_Max_Num(arr) : 
    n = len(arr)
    arr.sort(reverse = True) 
    num = arr[0] 
    for i in range(1,n) : 
        num = num * 10 + arr[i] 
    return num
📉 Completion Loss: 8.1070

🚨 High-loss Sample 17:
📌 Prompt:
Write a python function to check whether the given two integers have opposite sign or not.
📌 Completion:
def opposite_Signs(x,y): 
    return ((x ^ y) < 0);
📉 Completion Loss: 5.4123

🚨 High-loss Sample 18:
📌 Prompt:
Write a function to find the nth octagonal number.
📌 Completion:
def is_octagonal(n): 
	return 3 * n * n - 2 * n
📉 Completion Loss: 5.2365

🚨 High-loss Sample 19:
📌 Prompt:
Write a python function to count the number of substrings with the sum of digits equal to their length.
📌 Completion:
from collections import defaultdict
def count_Substrings(s):
    n = len(s)
    count,sum = 0,0
    mp = defaultdict(lambda : 0)
    mp[0] += 1
    for i in range(n):
        sum += ord(s[i]) - ord('0')
        count += mp[sum - (i + 1)]
        mp[sum - (i + 1)] += 1
    return count
📉 Completion Loss: 10.4447

🚨 High-loss Sample 20:
📌 Prompt:
Write a python function to find smallest number in a list.
📌 Completion:
def smallest_num(xs):
  return min(xs)
📉 Completion Loss: 4.9632

🚨 High-loss Sample 21:
📌 Prompt:
Write a function to find the maximum difference between available pairs in the given tuple list.
📌 Completion:
def max_difference(test_list):
  temp = [abs(b - a) for a, b in test_list]
  res = max(temp)
  return (res)
📉 Completion Loss: 6.2595

🚨 High-loss Sample 22:
📌 Prompt:
Write a function to sort a list of tuples using the second value of each tuple.
📌 Completion:
def subject_marks(subjectmarks):
#subject_marks = [('English', 88), ('Science', 90), ('Maths', 97), ('Social sciences', 82)])
 subjectmarks.sort(key = lambda x: x[1])
 return subjectmarks
📉 Completion Loss: 6.8832

🚨 High-loss Sample 23:
📌 Prompt:
Write a function to flatten a list and sum all of its elements.
📌 Completion:
def recursive_list_sum(data_list):
	total = 0
	for element in data_list:
		if type(element) == type([]):
			total = total + recursive_list_sum(element)
		else:
			total = total + element
	return total
📉 Completion Loss: 7.4024
[Check] Prompt len: 15, Full len: 64
[Check] Prompt len: 17, Full len: 181
[Check] Prompt len: 17, Full len: 96
[Check] Prompt len: 16, Full len: 193
[Check] Prompt len: 17, Full len: 109
[Check] Prompt len: 10, Full len: 238
[Check] Prompt len: 22, Full len: 60
[Check] Prompt len: 16, Full len: 256

🚨 High-loss Sample 24:
📌 Prompt:
Write a python function to count the number of positive numbers in a list.
📌 Completion:
def pos_count(list):
  pos_count= 0
  for num in list: 
    if num >= 0: 
      pos_count += 1
  return pos_count
📉 Completion Loss: 5.5453

🚨 High-loss Sample 25:
📌 Prompt:
Write a function to find the number of ways to partition a set of Bell numbers.
📌 Completion:
def bell_number(n):   
    bell = [[0 for i in range(n+1)] for j in range(n+1)] 
    bell[0][0] = 1
    for i in range(1, n+1): 
        bell[i][0] = bell[i-1][i-1]  
        for j in range(1, i+1): 
            bell[i][j] = bell[i-1][j-1] + bell[i][j-1]   
    return bell[n][0]
📉 Completion Loss: 8.4893

🚨 High-loss Sample 26:
📌 Prompt:
Write a python function to check whether the given array is monotonic or not.
📌 Completion:
def is_Monotonic(A): 
    return (all(A[i] <= A[i + 1] for i in range(len(A) - 1)) or
            all(A[i] >= A[i + 1] for i in range(len(A) - 1)))
📉 Completion Loss: 6.4015

🚨 High-loss Sample 27:
📌 Prompt:
Write a function to check whether a list contains the given sublist or not.
📌 Completion:
def is_sublist(l, s):
	sub_set = False
	if s == []:
		sub_set = True
	elif s == l:
		sub_set = True
	elif len(s) > len(l):
		sub_set = False
	else:
		for i in range(len(l)):
			if l[i] == s[0]:
				n = 1
				while (n < len(s)) and (l[i+n] == s[n]):
					n += 1				
				if n == len(s):
					sub_set = True
	return sub_set
📉 Completion Loss: 8.6909

🚨 High-loss Sample 28:
📌 Prompt:
Write a function to find whether all the given tuples have equal length or not.
📌 Completion:
def find_equal_tuple(Input):
  k = 0 if not Input else len(Input[0])
  flag = 1
  for tuple in Input:
    if len(tuple) != k:
      flag = 0
      break
  return flag
def get_equal(Input):
  return find_equal_tuple(Input) == 1
📉 Completion Loss: 6.6591

🚨 High-loss Sample 29:
📌 Prompt:
Write a function to sort a list of elements.
📌 Completion:
def comb_sort(nums):
    shrink_fact = 1.3
    gaps = len(nums)
    swapped = True
    i = 0
    while gaps > 1 or swapped:
        gaps = int(float(gaps) / shrink_fact)
        swapped = False
        i = 0
        while gaps + i < len(nums):
            if nums[i] > nums[i+gaps]:
                nums[i], nums[i+gaps] = nums[i+gaps], nums[i]
                swapped = True
            i += 1
    return nums
📉 Completion Loss: 9.9923

🚨 High-loss Sample 30:
📌 Prompt:
Write a python function to check whether the given number can be represented as the difference of two squares or not.
📌 Completion:
def dif_Square(n): 
    if (n % 4 != 2): 
        return True
    return False
📉 Completion Loss: 5.3218

🚨 High-loss Sample 31:
📌 Prompt:
Write a function to check whether it follows the sequence given in the patterns array.
📌 Completion:
def is_samepatterns(colors, patterns):    
    if len(colors) != len(patterns):
        return False    
    sdict = {}
    pset = set()
    sset = set()    
    for i in range(len(patterns)):
        pset.add(patterns[i])
        sset.add(colors[i])
        if patterns[i] not in sdict.keys():
            sdict[patterns[i]] = []

        keys = sdict[patterns[i]]
        keys.append(colors[i])
        sdict[patterns[i]] = keys

    if len(pset) != len(sset):
        return False   

    for values in sdict.values():

        for i in range(len(values) - 1):
            if values[i] != values[i+1]:
                return False

    return True
📉 Completion Loss: 10.4716
[Check] Prompt len: 23, Full len: 64
[Check] Prompt len: 15, Full len: 35
[Check] Prompt len: 17, Full len: 111
[Check] Prompt len: 13, Full len: 42
[Check] Prompt len: 11, Full len: 43
[Check] Prompt len: 26, Full len: 156
[Check] Prompt len: 17, Full len: 68
[Check] Prompt len: 12, Full len: 43

🚨 High-loss Sample 32:
📌 Prompt:
Write a function to find tuples which have all elements divisible by k from the given list of tuples.
📌 Completion:
def find_tuples(test_list, K):
  res = [sub for sub in test_list if all(ele % K == 0 for ele in sub)]
  return res
📉 Completion Loss: 6.2175

🚨 High-loss Sample 33:
📌 Prompt:
Write a python function to find whether a number is divisible by 11.
📌 Completion:
def is_Diff(n): 
    return (n % 11 == 0)
📉 Completion Loss: 5.1925

🚨 High-loss Sample 34:
📌 Prompt:
Write a python function to check whether the length of the word is odd or not.
📌 Completion:
def word_len(s): 
    s = s.split(' ')   
    for word in s:    
        if len(word)%2!=0: 
            return True  
        else:
          return False
📉 Completion Loss: 8.3897

🚨 High-loss Sample 35:
📌 Prompt:
Write a function to find the nth tetrahedral number.
📌 Completion:
def tetrahedral_number(n): 
	return (n * (n + 1) * (n + 2)) / 6
📉 Completion Loss: 5.5664

🚨 High-loss Sample 36:
📌 Prompt:
Write a function to find the volume of a sphere.
📌 Completion:
import math
def volume_sphere(r):
  volume=(4/3)*math.pi*r*r*r
  return volume
📉 Completion Loss: 5.6646

🚨 High-loss Sample 37:
📌 Prompt:
Write a python function to find the character made by adding the ASCII value of all the characters of the given string modulo 26.
📌 Completion:
def get_Char(strr):  
    summ = 0
    for i in range(len(strr)): 
        summ += (ord(strr[i]) - ord('a') + 1)  
    if (summ % 26 == 0): 
        return ord('z') 
    else: 
        summ = summ % 26
        return chr(ord('a') + summ - 1)
📉 Completion Loss: 10.4583

🚨 High-loss Sample 38:
📌 Prompt:
Write a function to find the nth number in the newman conway sequence.
📌 Completion:
def sequence(n): 
	if n == 1 or n == 2: 
		return 1
	else: 
		return sequence(sequence(n-1)) + sequence(n-sequence(n-1))
📉 Completion Loss: 6.5006

🚨 High-loss Sample 39:
📌 Prompt:
Write a function to find the surface area of a sphere.
📌 Completion:
import math
def surfacearea_sphere(r):
  surfacearea=4*math.pi*r*r
  return surfacearea
📉 Completion Loss: 5.6179
[Check] Prompt len: 12, Full len: 36
[Check] Prompt len: 13, Full len: 70
[Check] Prompt len: 20, Full len: 53
[Check] Prompt len: 12, Full len: 27
[Check] Prompt len: 13, Full len: 84
[Check] Prompt len: 22, Full len: 66
[Check] Prompt len: 15, Full len: 92
[Check] Prompt len: 17, Full len: 80

🚨 High-loss Sample 40:
📌 Prompt:
Write a function to find nth centered hexagonal number.
📌 Completion:
def centered_hexagonal_number(n):
  return 3 * n * (n - 1) + 1
📉 Completion Loss: 6.1824

🚨 High-loss Sample 41:
📌 Prompt:
Write a function to merge three dictionaries into a single dictionary.
📌 Completion:
import collections as ct
def merge_dictionaries_three(dict1,dict2, dict3):
    merged_dict = dict(ct.ChainMap({},dict1,dict2,dict3))
    return merged_dict
📉 Completion Loss: 8.6465

🚨 High-loss Sample 42:
📌 Prompt:
Write a function to get the frequency of all the elements in a list, returned as a dictionary.
📌 Completion:
import collections
def freq_count(list1):
  freq_count= collections.Counter(list1)
  return freq_count
📉 Completion Loss: 6.9624

🚨 High-loss Sample 43:
📌 Prompt:
Write a function to find the closest smaller number than n.
📌 Completion:
def closest_num(N):
  return (N - 1)
📉 Completion Loss: 5.4916

🚨 High-loss Sample 44:
📌 Prompt:
Write a python function to find the length of the longest word.
📌 Completion:
def len_log(list1):
    max=len(list1[0])
    for i in list1:
        if len(i)>max:
            max=len(i)
    return max
📉 Completion Loss: 9.7560

🚨 High-loss Sample 45:
📌 Prompt:
Write a function to check if a string is present as a substring in a given list of string values.
📌 Completion:
def find_substring(str1, sub_str):
   if any(sub_str in s for s in str1):
       return True
   return False
📉 Completion Loss: 8.0586

🚨 High-loss Sample 46:
📌 Prompt:
Write a function to check whether the given number is undulating or not.
📌 Completion:
def is_undulating(n): 
	n = str(n)
	if (len(n) <= 2): 
		return False
	for i in range(2, len(n)): 
		if (n[i - 2] != n[i]): 
			return False
	return True
📉 Completion Loss: 10.2026

🚨 High-loss Sample 47:
📌 Prompt:
Write a function to calculate the value of 'a' to the power 'b'.
📌 Completion:
def power(a,b):
	if b==0:
		return 1
	elif a==0:
		return 0
	elif b==1:
		return a
	else:
		return a*power(a,b-1)
📉 Completion Loss: 9.2453
[Check] Prompt len: 24, Full len: 68
[Check] Prompt len: 18, Full len: 56

🚨 High-loss Sample 48:
📌 Prompt:
Given a list of tuples, write a function that returns the first value of the tuple with the smallest second value.
📌 Completion:
from operator import itemgetter 
def index_minimum(test_list):
  res = min(test_list, key = itemgetter(1))[0]
  return (res)
📉 Completion Loss: 10.4523

🚨 High-loss Sample 49:
📌 Prompt:
Write a python function to find the length of the smallest list in a list of lists.
📌 Completion:
def Find_Min_Length(lst):  
    minLength = min(len(x) for x in lst )
    return minLength
📉 Completion Loss: 8.9969
✅ Evaluation Complete. Final Avg Loss = 7.1626, Perplexity = 1290.28
[Step 200] PPL(A2C) = 1290.28 | AvgR = 0.3500
[Check] Prompt len: 14, Full len: 61
[Check] Prompt len: 11, Full len: 89
[Check] Prompt len: 21, Full len: 65
[Check] Prompt len: 19, Full len: 83
[Check] Prompt len: 18, Full len: 53
[Check] Prompt len: 13, Full len: 48
[Check] Prompt len: 25, Full len: 127
[Check] Prompt len: 18, Full len: 189

🚨 High-loss Sample 0:
📌 Prompt:
Write a function to find the shared elements from the given two lists.
📌 Completion:
def similar_elements(test_tup1, test_tup2):
  res = tuple(set(test_tup1) & set(test_tup2))
  return (res)
📉 Completion Loss: 5.6536

🚨 High-loss Sample 1:
📌 Prompt:
Write a python function to identify non-prime numbers.
📌 Completion:
import math
def is_not_prime(n):
    result = False
    for i in range(2,int(math.sqrt(n)) + 1):
        if n % i == 0:
            result = True
    return result
📉 Completion Loss: 6.7078

🚨 High-loss Sample 2:
📌 Prompt:
Write a function to find the n largest integers from a given list of numbers, returned in descending order.
📌 Completion:
import heapq as hq
def heap_queue_largest(nums,n):
  largest_nums = hq.nlargest(n, nums)
  return largest_nums
📉 Completion Loss: 5.5850

🚨 High-loss Sample 3:
📌 Prompt:
Write a python function to check whether the two numbers differ at one bit position only or not.
📌 Completion:
def is_Power_Of_Two (x): 
    return x and (not(x & (x - 1))) 
def differ_At_One_Bit_Pos(a,b): 
    return is_Power_Of_Two(a ^ b)
📉 Completion Loss: 6.3349

🚨 High-loss Sample 4:
📌 Prompt:
Write a function to find all words which are at least 4 characters long in a string.
📌 Completion:
import re
def find_char_long(text):
  return (re.findall(r"\b\w{4,}\b", text))
📉 Completion Loss: 5.2312

🚨 High-loss Sample 5:
📌 Prompt:
Write a function to find squares of individual elements in a list.
📌 Completion:
def square_nums(nums):
 square_nums = list(map(lambda x: x ** 2, nums))
 return square_nums
📉 Completion Loss: 5.2101

🚨 High-loss Sample 6:
📌 Prompt:
Write a python function to find the minimum number of rotations (greater than 0) required to get the same string.
📌 Completion:
def find_Rotations(str): 
    tmp = str + str
    n = len(str) 
    for i in range(1,n + 1): 
        substring = tmp[i: i+n] 
        if (str == substring): 
            return i 
    return n
📉 Completion Loss: 7.9136

🚨 High-loss Sample 7:
📌 Prompt:
Write a python function to remove first and last occurrence of a given character from the string.
📌 Completion:
def remove_Occ(s,ch): 
    for i in range(len(s)): 
        if (s[i] == ch): 
            s = s[0 : i] + s[i + 1:] 
            break
    for i in range(len(s) - 1,-1,-1):  
        if (s[i] == ch): 
            s = s[0 : i] + s[i + 1:] 
            break
    return s
📉 Completion Loss: 10.4127
[Check] Prompt len: 19, Full len: 47
[Check] Prompt len: 13, Full len: 41
[Check] Prompt len: 25, Full len: 129
[Check] Prompt len: 17, Full len: 36
[Check] Prompt len: 18, Full len: 256
[Check] Prompt len: 16, Full len: 65
[Check] Prompt len: 15, Full len: 114
[Check] Prompt len: 18, Full len: 124

🚨 High-loss Sample 8:
📌 Prompt:
Write a function to sort a given matrix in ascending order according to the sum of its rows.
📌 Completion:
def sort_matrix(M):
    result = sorted(M, key=sum)
    return result
📉 Completion Loss: 4.7432

🚨 High-loss Sample 9:
📌 Prompt:
Write a python function to find the volume of a triangular prism.
📌 Completion:
def find_Volume(l,b,h) : 
    return ((l * b * h) / 2)
📉 Completion Loss: 4.7493

🚨 High-loss Sample 10:
📌 Prompt:
Write a function to that returns true if the input string contains sequences of lowercase letters joined with an underscore and false otherwise.
📌 Completion:
import re
def text_lowercase_underscore(text):
        patterns = '^[a-z]+_[a-z]+$'
        if re.search(patterns,  text):
                return True
        else:
                return False
📉 Completion Loss: 6.8271

🚨 High-loss Sample 11:
📌 Prompt:
Write a function that returns the perimeter of a square given its side length as input.
📌 Completion:
def square_perimeter(a):
  perimeter=4*a
  return perimeter
📉 Completion Loss: 4.5177

🚨 High-loss Sample 12:
📌 Prompt:
Write a function to remove characters from the first string which are present in the second string.
📌 Completion:
NO_OF_CHARS = 256
def str_to_list(string): 
	temp = [] 
	for x in string: 
		temp.append(x) 
	return temp 
def lst_to_string(List): 
	return ''.join(List) 
def get_char_count_array(string): 
	count = [0] * NO_OF_CHARS 
	for i in string: 
		count[ord(i)] += 1
	return count 
def remove_dirty_chars(string, second_string): 
	count = get_char_count_array(second_string) 
	ip_ind = 0
	res_ind = 0
	temp = '' 
	str_list = str_to_list(string) 
	while ip_ind != len(str_list): 
		temp = str_list[ip_ind] 
		if count[ord(temp)] == 0: 
			str_list[res_ind] = str_list[ip_ind] 
			res_ind += 1
		ip_ind+=1
	return lst_to_string(str_list[0:res_ind])
📉 Completion Loss: 10.2085

🚨 High-loss Sample 13:
📌 Prompt:
Write a function to find whether a given array of integers contains any duplicate element.
📌 Completion:
def test_duplicate(arraynums):
    nums_set = set(arraynums)    
    return len(arraynums) != len(nums_set)
📉 Completion Loss: 5.2830

🚨 High-loss Sample 14:
📌 Prompt:
Write a function to check if the given number is woodball or not.
📌 Completion:
def is_woodall(x): 
	if (x % 2 == 0): 
		return False
	if (x == 1): 
		return True
	x = x + 1 
	p = 0
	while (x % 2 == 0): 
		x = x/2
		p = p + 1
		if (p == x): 
			return True
	return False
📉 Completion Loss: 6.5261

🚨 High-loss Sample 15:
📌 Prompt:
Write a python function to check if a given number is one less than twice its reverse.
📌 Completion:
def rev(num):    
    rev_num = 0
    while (num > 0):  
        rev_num = (rev_num * 10 + num % 10) 
        num = num // 10  
    return rev_num  
def check(n):    
    return (2 * rev(n) == n + 1)
📉 Completion Loss: 6.7922
[Check] Prompt len: 20, Full len: 105
[Check] Prompt len: 17, Full len: 41
[Check] Prompt len: 12, Full len: 33
[Check] Prompt len: 21, Full len: 155
[Check] Prompt len: 12, Full len: 26
[Check] Prompt len: 17, Full len: 61
[Check] Prompt len: 18, Full len: 75
[Check] Prompt len: 15, Full len: 87

🚨 High-loss Sample 16:
📌 Prompt:
Write a python function to find the largest number that can be formed with the given list of digits.
📌 Completion:
def find_Max_Num(arr) : 
    n = len(arr)
    arr.sort(reverse = True) 
    num = arr[0] 
    for i in range(1,n) : 
        num = num * 10 + arr[i] 
    return num
📉 Completion Loss: 7.9121

🚨 High-loss Sample 17:
📌 Prompt:
Write a python function to check whether the given two integers have opposite sign or not.
📌 Completion:
def opposite_Signs(x,y): 
    return ((x ^ y) < 0);
📉 Completion Loss: 5.0877

🚨 High-loss Sample 18:
📌 Prompt:
Write a function to find the nth octagonal number.
📌 Completion:
def is_octagonal(n): 
	return 3 * n * n - 2 * n
📉 Completion Loss: 4.9020

🚨 High-loss Sample 19:
📌 Prompt:
Write a python function to count the number of substrings with the sum of digits equal to their length.
📌 Completion:
from collections import defaultdict
def count_Substrings(s):
    n = len(s)
    count,sum = 0,0
    mp = defaultdict(lambda : 0)
    mp[0] += 1
    for i in range(n):
        sum += ord(s[i]) - ord('0')
        count += mp[sum - (i + 1)]
        mp[sum - (i + 1)] += 1
    return count
📉 Completion Loss: 10.3540

🚨 High-loss Sample 20:
📌 Prompt:
Write a python function to find smallest number in a list.
📌 Completion:
def smallest_num(xs):
  return min(xs)
📉 Completion Loss: 4.6235

🚨 High-loss Sample 21:
📌 Prompt:
Write a function to find the maximum difference between available pairs in the given tuple list.
📌 Completion:
def max_difference(test_list):
  temp = [abs(b - a) for a, b in test_list]
  res = max(temp)
  return (res)
📉 Completion Loss: 5.9645

🚨 High-loss Sample 22:
📌 Prompt:
Write a function to sort a list of tuples using the second value of each tuple.
📌 Completion:
def subject_marks(subjectmarks):
#subject_marks = [('English', 88), ('Science', 90), ('Maths', 97), ('Social sciences', 82)])
 subjectmarks.sort(key = lambda x: x[1])
 return subjectmarks
📉 Completion Loss: 6.5989

🚨 High-loss Sample 23:
📌 Prompt:
Write a function to flatten a list and sum all of its elements.
📌 Completion:
def recursive_list_sum(data_list):
	total = 0
	for element in data_list:
		if type(element) == type([]):
			total = total + recursive_list_sum(element)
		else:
			total = total + element
	return total
📉 Completion Loss: 7.1359
[Check] Prompt len: 15, Full len: 64
[Check] Prompt len: 17, Full len: 181
[Check] Prompt len: 17, Full len: 96
[Check] Prompt len: 16, Full len: 193
[Check] Prompt len: 17, Full len: 109
[Check] Prompt len: 10, Full len: 238
[Check] Prompt len: 22, Full len: 60
[Check] Prompt len: 16, Full len: 256

🚨 High-loss Sample 24:
📌 Prompt:
Write a python function to count the number of positive numbers in a list.
📌 Completion:
def pos_count(list):
  pos_count= 0
  for num in list: 
    if num >= 0: 
      pos_count += 1
  return pos_count
📉 Completion Loss: 5.2332

🚨 High-loss Sample 25:
📌 Prompt:
Write a function to find the number of ways to partition a set of Bell numbers.
📌 Completion:
def bell_number(n):   
    bell = [[0 for i in range(n+1)] for j in range(n+1)] 
    bell[0][0] = 1
    for i in range(1, n+1): 
        bell[i][0] = bell[i-1][i-1]  
        for j in range(1, i+1): 
            bell[i][j] = bell[i-1][j-1] + bell[i][j-1]   
    return bell[n][0]
📉 Completion Loss: 8.3277

🚨 High-loss Sample 26:
📌 Prompt:
Write a python function to check whether the given array is monotonic or not.
📌 Completion:
def is_Monotonic(A): 
    return (all(A[i] <= A[i + 1] for i in range(len(A) - 1)) or
            all(A[i] >= A[i + 1] for i in range(len(A) - 1)))
📉 Completion Loss: 6.1451

🚨 High-loss Sample 27:
📌 Prompt:
Write a function to check whether a list contains the given sublist or not.
📌 Completion:
def is_sublist(l, s):
	sub_set = False
	if s == []:
		sub_set = True
	elif s == l:
		sub_set = True
	elif len(s) > len(l):
		sub_set = False
	else:
		for i in range(len(l)):
			if l[i] == s[0]:
				n = 1
				while (n < len(s)) and (l[i+n] == s[n]):
					n += 1				
				if n == len(s):
					sub_set = True
	return sub_set
📉 Completion Loss: 8.5320

🚨 High-loss Sample 28:
📌 Prompt:
Write a function to find whether all the given tuples have equal length or not.
📌 Completion:
def find_equal_tuple(Input):
  k = 0 if not Input else len(Input[0])
  flag = 1
  for tuple in Input:
    if len(tuple) != k:
      flag = 0
      break
  return flag
def get_equal(Input):
  return find_equal_tuple(Input) == 1
📉 Completion Loss: 6.3925

🚨 High-loss Sample 29:
📌 Prompt:
Write a function to sort a list of elements.
📌 Completion:
def comb_sort(nums):
    shrink_fact = 1.3
    gaps = len(nums)
    swapped = True
    i = 0
    while gaps > 1 or swapped:
        gaps = int(float(gaps) / shrink_fact)
        swapped = False
        i = 0
        while gaps + i < len(nums):
            if nums[i] > nums[i+gaps]:
                nums[i], nums[i+gaps] = nums[i+gaps], nums[i]
                swapped = True
            i += 1
    return nums
📉 Completion Loss: 9.8992

🚨 High-loss Sample 30:
📌 Prompt:
Write a python function to check whether the given number can be represented as the difference of two squares or not.
📌 Completion:
def dif_Square(n): 
    if (n % 4 != 2): 
        return True
    return False
📉 Completion Loss: 5.0117

🚨 High-loss Sample 31:
📌 Prompt:
Write a function to check whether it follows the sequence given in the patterns array.
📌 Completion:
def is_samepatterns(colors, patterns):    
    if len(colors) != len(patterns):
        return False    
    sdict = {}
    pset = set()
    sset = set()    
    for i in range(len(patterns)):
        pset.add(patterns[i])
        sset.add(colors[i])
        if patterns[i] not in sdict.keys():
            sdict[patterns[i]] = []

        keys = sdict[patterns[i]]
        keys.append(colors[i])
        sdict[patterns[i]] = keys

    if len(pset) != len(sset):
        return False   

    for values in sdict.values():

        for i in range(len(values) - 1):
            if values[i] != values[i+1]:
                return False

    return True
📉 Completion Loss: 10.4358
[Check] Prompt len: 23, Full len: 64
[Check] Prompt len: 15, Full len: 35
[Check] Prompt len: 17, Full len: 111
[Check] Prompt len: 13, Full len: 42
[Check] Prompt len: 11, Full len: 43
[Check] Prompt len: 26, Full len: 156
[Check] Prompt len: 17, Full len: 68
[Check] Prompt len: 12, Full len: 43

🚨 High-loss Sample 32:
📌 Prompt:
Write a function to find tuples which have all elements divisible by k from the given list of tuples.
📌 Completion:
def find_tuples(test_list, K):
  res = [sub for sub in test_list if all(ele % K == 0 for ele in sub)]
  return res
📉 Completion Loss: 5.9298

🚨 High-loss Sample 33:
📌 Prompt:
Write a python function to find whether a number is divisible by 11.
📌 Completion:
def is_Diff(n): 
    return (n % 11 == 0)
📉 Completion Loss: 4.8814

🚨 High-loss Sample 34:
📌 Prompt:
Write a python function to check whether the length of the word is odd or not.
📌 Completion:
def word_len(s): 
    s = s.split(' ')   
    for word in s:    
        if len(word)%2!=0: 
            return True  
        else:
          return False
📉 Completion Loss: 8.1948

🚨 High-loss Sample 35:
📌 Prompt:
Write a function to find the nth tetrahedral number.
📌 Completion:
def tetrahedral_number(n): 
	return (n * (n + 1) * (n + 2)) / 6
📉 Completion Loss: 5.2601

🚨 High-loss Sample 36:
📌 Prompt:
Write a function to find the volume of a sphere.
📌 Completion:
import math
def volume_sphere(r):
  volume=(4/3)*math.pi*r*r*r
  return volume
📉 Completion Loss: 5.3191

🚨 High-loss Sample 37:
📌 Prompt:
Write a python function to find the character made by adding the ASCII value of all the characters of the given string modulo 26.
📌 Completion:
def get_Char(strr):  
    summ = 0
    for i in range(len(strr)): 
        summ += (ord(strr[i]) - ord('a') + 1)  
    if (summ % 26 == 0): 
        return ord('z') 
    else: 
        summ = summ % 26
        return chr(ord('a') + summ - 1)
📉 Completion Loss: 10.3594

🚨 High-loss Sample 38:
📌 Prompt:
Write a function to find the nth number in the newman conway sequence.
📌 Completion:
def sequence(n): 
	if n == 1 or n == 2: 
		return 1
	else: 
		return sequence(sequence(n-1)) + sequence(n-sequence(n-1))
📉 Completion Loss: 6.2199

🚨 High-loss Sample 39:
📌 Prompt:
Write a function to find the surface area of a sphere.
📌 Completion:
import math
def surfacearea_sphere(r):
  surfacearea=4*math.pi*r*r
  return surfacearea
📉 Completion Loss: 5.2884
[Check] Prompt len: 12, Full len: 36
[Check] Prompt len: 13, Full len: 70
[Check] Prompt len: 20, Full len: 53
[Check] Prompt len: 12, Full len: 27
[Check] Prompt len: 13, Full len: 84
[Check] Prompt len: 22, Full len: 66
[Check] Prompt len: 15, Full len: 92
[Check] Prompt len: 17, Full len: 80

🚨 High-loss Sample 40:
📌 Prompt:
Write a function to find nth centered hexagonal number.
📌 Completion:
def centered_hexagonal_number(n):
  return 3 * n * (n - 1) + 1
📉 Completion Loss: 5.8583

🚨 High-loss Sample 41:
📌 Prompt:
Write a function to merge three dictionaries into a single dictionary.
📌 Completion:
import collections as ct
def merge_dictionaries_three(dict1,dict2, dict3):
    merged_dict = dict(ct.ChainMap({},dict1,dict2,dict3))
    return merged_dict
📉 Completion Loss: 8.4314

🚨 High-loss Sample 42:
📌 Prompt:
Write a function to get the frequency of all the elements in a list, returned as a dictionary.
📌 Completion:
import collections
def freq_count(list1):
  freq_count= collections.Counter(list1)
  return freq_count
📉 Completion Loss: 6.6579

🚨 High-loss Sample 43:
📌 Prompt:
Write a function to find the closest smaller number than n.
📌 Completion:
def closest_num(N):
  return (N - 1)
📉 Completion Loss: 5.1509

🚨 High-loss Sample 44:
📌 Prompt:
Write a python function to find the length of the longest word.
📌 Completion:
def len_log(list1):
    max=len(list1[0])
    for i in list1:
        if len(i)>max:
            max=len(i)
    return max
📉 Completion Loss: 9.5791

🚨 High-loss Sample 45:
📌 Prompt:
Write a function to check if a string is present as a substring in a given list of string values.
📌 Completion:
def find_substring(str1, sub_str):
   if any(sub_str in s for s in str1):
       return True
   return False
📉 Completion Loss: 7.8047

🚨 High-loss Sample 46:
📌 Prompt:
Write a function to check whether the given number is undulating or not.
📌 Completion:
def is_undulating(n): 
	n = str(n)
	if (len(n) <= 2): 
		return False
	for i in range(2, len(n)): 
		if (n[i - 2] != n[i]): 
			return False
	return True
📉 Completion Loss: 10.0826

🚨 High-loss Sample 47:
📌 Prompt:
Write a function to calculate the value of 'a' to the power 'b'.
📌 Completion:
def power(a,b):
	if b==0:
		return 1
	elif a==0:
		return 0
	elif b==1:
		return a
	else:
		return a*power(a,b-1)
📉 Completion Loss: 9.0360
[Check] Prompt len: 24, Full len: 68
[Check] Prompt len: 18, Full len: 56

🚨 High-loss Sample 48:
📌 Prompt:
Given a list of tuples, write a function that returns the first value of the tuple with the smallest second value.
📌 Completion:
from operator import itemgetter 
def index_minimum(test_list):
  res = min(test_list, key = itemgetter(1))[0]
  return (res)
📉 Completion Loss: 10.2612

🚨 High-loss Sample 49:
📌 Prompt:
Write a python function to find the length of the smallest list in a list of lists.
📌 Completion:
def Find_Min_Length(lst):  
    minLength = min(len(x) for x in lst )
    return minLength
📉 Completion Loss: 8.7787
✅ Evaluation Complete. Final Avg Loss = 6.9638, Perplexity = 1057.67
[Step 250] PPL(A2C) = 1057.67 | AvgR = 0.3419
[Check] Prompt len: 14, Full len: 61
[Check] Prompt len: 11, Full len: 89
[Check] Prompt len: 21, Full len: 65
[Check] Prompt len: 19, Full len: 83
[Check] Prompt len: 18, Full len: 53
[Check] Prompt len: 13, Full len: 48
[Check] Prompt len: 25, Full len: 127
[Check] Prompt len: 18, Full len: 189

🚨 High-loss Sample 0:
📌 Prompt:
Write a function to find the shared elements from the given two lists.
📌 Completion:
def similar_elements(test_tup1, test_tup2):
  res = tuple(set(test_tup1) & set(test_tup2))
  return (res)
📉 Completion Loss: 5.4807

🚨 High-loss Sample 1:
📌 Prompt:
Write a python function to identify non-prime numbers.
📌 Completion:
import math
def is_not_prime(n):
    result = False
    for i in range(2,int(math.sqrt(n)) + 1):
        if n % i == 0:
            result = True
    return result
📉 Completion Loss: 6.5293

🚨 High-loss Sample 2:
📌 Prompt:
Write a function to find the n largest integers from a given list of numbers, returned in descending order.
📌 Completion:
import heapq as hq
def heap_queue_largest(nums,n):
  largest_nums = hq.nlargest(n, nums)
  return largest_nums
📉 Completion Loss: 5.3768

🚨 High-loss Sample 3:
📌 Prompt:
Write a python function to check whether the two numbers differ at one bit position only or not.
📌 Completion:
def is_Power_Of_Two (x): 
    return x and (not(x & (x - 1))) 
def differ_At_One_Bit_Pos(a,b): 
    return is_Power_Of_Two(a ^ b)
📉 Completion Loss: 6.1667

🚨 High-loss Sample 4:
📌 Prompt:
Write a function to find all words which are at least 4 characters long in a string.
📌 Completion:
import re
def find_char_long(text):
  return (re.findall(r"\b\w{4,}\b", text))
📉 Completion Loss: 5.0133

🚨 High-loss Sample 5:
📌 Prompt:
Write a function to find squares of individual elements in a list.
📌 Completion:
def square_nums(nums):
 square_nums = list(map(lambda x: x ** 2, nums))
 return square_nums
📉 Completion Loss: 5.0071

🚨 High-loss Sample 6:
📌 Prompt:
Write a python function to find the minimum number of rotations (greater than 0) required to get the same string.
📌 Completion:
def find_Rotations(str): 
    tmp = str + str
    n = len(str) 
    for i in range(1,n + 1): 
        substring = tmp[i: i+n] 
        if (str == substring): 
            return i 
    return n
📉 Completion Loss: 7.7743

🚨 High-loss Sample 7:
📌 Prompt:
Write a python function to remove first and last occurrence of a given character from the string.
📌 Completion:
def remove_Occ(s,ch): 
    for i in range(len(s)): 
        if (s[i] == ch): 
            s = s[0 : i] + s[i + 1:] 
            break
    for i in range(len(s) - 1,-1,-1):  
        if (s[i] == ch): 
            s = s[0 : i] + s[i + 1:] 
            break
    return s
📉 Completion Loss: 10.3829
[Check] Prompt len: 19, Full len: 47
[Check] Prompt len: 13, Full len: 41
[Check] Prompt len: 25, Full len: 129
[Check] Prompt len: 17, Full len: 36
[Check] Prompt len: 18, Full len: 256
[Check] Prompt len: 16, Full len: 65
[Check] Prompt len: 15, Full len: 114
[Check] Prompt len: 18, Full len: 124

🚨 High-loss Sample 8:
📌 Prompt:
Write a function to sort a given matrix in ascending order according to the sum of its rows.
📌 Completion:
def sort_matrix(M):
    result = sorted(M, key=sum)
    return result
📉 Completion Loss: 4.5112

🚨 High-loss Sample 9:
📌 Prompt:
Write a python function to find the volume of a triangular prism.
📌 Completion:
def find_Volume(l,b,h) : 
    return ((l * b * h) / 2)
📉 Completion Loss: 4.5265

🚨 High-loss Sample 10:
📌 Prompt:
Write a function to that returns true if the input string contains sequences of lowercase letters joined with an underscore and false otherwise.
📌 Completion:
import re
def text_lowercase_underscore(text):
        patterns = '^[a-z]+_[a-z]+$'
        if re.search(patterns,  text):
                return True
        else:
                return False
📉 Completion Loss: 6.6543

🚨 High-loss Sample 11:
📌 Prompt:
Write a function that returns the perimeter of a square given its side length as input.
📌 Completion:
def square_perimeter(a):
  perimeter=4*a
  return perimeter
📉 Completion Loss: 4.2808

🚨 High-loss Sample 12:
📌 Prompt:
Write a function to remove characters from the first string which are present in the second string.
📌 Completion:
NO_OF_CHARS = 256
def str_to_list(string): 
	temp = [] 
	for x in string: 
		temp.append(x) 
	return temp 
def lst_to_string(List): 
	return ''.join(List) 
def get_char_count_array(string): 
	count = [0] * NO_OF_CHARS 
	for i in string: 
		count[ord(i)] += 1
	return count 
def remove_dirty_chars(string, second_string): 
	count = get_char_count_array(second_string) 
	ip_ind = 0
	res_ind = 0
	temp = '' 
	str_list = str_to_list(string) 
	while ip_ind != len(str_list): 
		temp = str_list[ip_ind] 
		if count[ord(temp)] == 0: 
			str_list[res_ind] = str_list[ip_ind] 
			res_ind += 1
		ip_ind+=1
	return lst_to_string(str_list[0:res_ind])
📉 Completion Loss: 10.1956

🚨 High-loss Sample 13:
📌 Prompt:
Write a function to find whether a given array of integers contains any duplicate element.
📌 Completion:
def test_duplicate(arraynums):
    nums_set = set(arraynums)    
    return len(arraynums) != len(nums_set)
📉 Completion Loss: 5.0694

🚨 High-loss Sample 14:
📌 Prompt:
Write a function to check if the given number is woodball or not.
📌 Completion:
def is_woodall(x): 
	if (x % 2 == 0): 
		return False
	if (x == 1): 
		return True
	x = x + 1 
	p = 0
	while (x % 2 == 0): 
		x = x/2
		p = p + 1
		if (p == x): 
			return True
	return False
📉 Completion Loss: 6.3507

🚨 High-loss Sample 15:
📌 Prompt:
Write a python function to check if a given number is one less than twice its reverse.
📌 Completion:
def rev(num):    
    rev_num = 0
    while (num > 0):  
        rev_num = (rev_num * 10 + num % 10) 
        num = num // 10  
    return rev_num  
def check(n):    
    return (2 * rev(n) == n + 1)
📉 Completion Loss: 6.6047
[Check] Prompt len: 20, Full len: 105
[Check] Prompt len: 17, Full len: 41
[Check] Prompt len: 12, Full len: 33
[Check] Prompt len: 21, Full len: 155
[Check] Prompt len: 12, Full len: 26
[Check] Prompt len: 17, Full len: 61
[Check] Prompt len: 18, Full len: 75
[Check] Prompt len: 15, Full len: 87

🚨 High-loss Sample 16:
📌 Prompt:
Write a python function to find the largest number that can be formed with the given list of digits.
📌 Completion:
def find_Max_Num(arr) : 
    n = len(arr)
    arr.sort(reverse = True) 
    num = arr[0] 
    for i in range(1,n) : 
        num = num * 10 + arr[i] 
    return num
📉 Completion Loss: 7.7724

🚨 High-loss Sample 17:
📌 Prompt:
Write a python function to check whether the given two integers have opposite sign or not.
📌 Completion:
def opposite_Signs(x,y): 
    return ((x ^ y) < 0);
📉 Completion Loss: 4.8666

🚨 High-loss Sample 18:
📌 Prompt:
Write a function to find the nth octagonal number.
📌 Completion:
def is_octagonal(n): 
	return 3 * n * n - 2 * n
📉 Completion Loss: 4.6897

🚨 High-loss Sample 19:
📌 Prompt:
Write a python function to count the number of substrings with the sum of digits equal to their length.
📌 Completion:
from collections import defaultdict
def count_Substrings(s):
    n = len(s)
    count,sum = 0,0
    mp = defaultdict(lambda : 0)
    mp[0] += 1
    for i in range(n):
        sum += ord(s[i]) - ord('0')
        count += mp[sum - (i + 1)]
        mp[sum - (i + 1)] += 1
    return count
📉 Completion Loss: 10.3284

🚨 High-loss Sample 20:
📌 Prompt:
Write a python function to find smallest number in a list.
📌 Completion:
def smallest_num(xs):
  return min(xs)
📉 Completion Loss: 4.3927

🚨 High-loss Sample 21:
📌 Prompt:
Write a function to find the maximum difference between available pairs in the given tuple list.
📌 Completion:
def max_difference(test_list):
  temp = [abs(b - a) for a, b in test_list]
  res = max(temp)
  return (res)
📉 Completion Loss: 5.7652

🚨 High-loss Sample 22:
📌 Prompt:
Write a function to sort a list of tuples using the second value of each tuple.
📌 Completion:
def subject_marks(subjectmarks):
#subject_marks = [('English', 88), ('Science', 90), ('Maths', 97), ('Social sciences', 82)])
 subjectmarks.sort(key = lambda x: x[1])
 return subjectmarks
📉 Completion Loss: 6.4276

🚨 High-loss Sample 23:
📌 Prompt:
Write a function to flatten a list and sum all of its elements.
📌 Completion:
def recursive_list_sum(data_list):
	total = 0
	for element in data_list:
		if type(element) == type([]):
			total = total + recursive_list_sum(element)
		else:
			total = total + element
	return total
📉 Completion Loss: 7.0007
[Check] Prompt len: 15, Full len: 64
[Check] Prompt len: 17, Full len: 181
[Check] Prompt len: 17, Full len: 96
[Check] Prompt len: 16, Full len: 193
[Check] Prompt len: 17, Full len: 109
[Check] Prompt len: 10, Full len: 238
[Check] Prompt len: 22, Full len: 60
[Check] Prompt len: 16, Full len: 256

🚨 High-loss Sample 24:
📌 Prompt:
Write a python function to count the number of positive numbers in a list.
📌 Completion:
def pos_count(list):
  pos_count= 0
  for num in list: 
    if num >= 0: 
      pos_count += 1
  return pos_count
📉 Completion Loss: 5.0176

🚨 High-loss Sample 25:
📌 Prompt:
Write a function to find the number of ways to partition a set of Bell numbers.
📌 Completion:
def bell_number(n):   
    bell = [[0 for i in range(n+1)] for j in range(n+1)] 
    bell[0][0] = 1
    for i in range(1, n+1): 
        bell[i][0] = bell[i-1][i-1]  
        for j in range(1, i+1): 
            bell[i][j] = bell[i-1][j-1] + bell[i][j-1]   
    return bell[n][0]
📉 Completion Loss: 8.2275

🚨 High-loss Sample 26:
📌 Prompt:
Write a python function to check whether the given array is monotonic or not.
📌 Completion:
def is_Monotonic(A): 
    return (all(A[i] <= A[i + 1] for i in range(len(A) - 1)) or
            all(A[i] >= A[i + 1] for i in range(len(A) - 1)))
📉 Completion Loss: 5.9459

🚨 High-loss Sample 27:
📌 Prompt:
Write a function to check whether a list contains the given sublist or not.
📌 Completion:
def is_sublist(l, s):
	sub_set = False
	if s == []:
		sub_set = True
	elif s == l:
		sub_set = True
	elif len(s) > len(l):
		sub_set = False
	else:
		for i in range(len(l)):
			if l[i] == s[0]:
				n = 1
				while (n < len(s)) and (l[i+n] == s[n]):
					n += 1				
				if n == len(s):
					sub_set = True
	return sub_set
📉 Completion Loss: 8.4416

🚨 High-loss Sample 28:
📌 Prompt:
Write a function to find whether all the given tuples have equal length or not.
📌 Completion:
def find_equal_tuple(Input):
  k = 0 if not Input else len(Input[0])
  flag = 1
  for tuple in Input:
    if len(tuple) != k:
      flag = 0
      break
  return flag
def get_equal(Input):
  return find_equal_tuple(Input) == 1
📉 Completion Loss: 6.2055

🚨 High-loss Sample 29:
📌 Prompt:
Write a function to sort a list of elements.
📌 Completion:
def comb_sort(nums):
    shrink_fact = 1.3
    gaps = len(nums)
    swapped = True
    i = 0
    while gaps > 1 or swapped:
        gaps = int(float(gaps) / shrink_fact)
        swapped = False
        i = 0
        while gaps + i < len(nums):
            if nums[i] > nums[i+gaps]:
                nums[i], nums[i+gaps] = nums[i+gaps], nums[i]
                swapped = True
            i += 1
    return nums
📉 Completion Loss: 9.8427

🚨 High-loss Sample 30:
📌 Prompt:
Write a python function to check whether the given number can be represented as the difference of two squares or not.
📌 Completion:
def dif_Square(n): 
    if (n % 4 != 2): 
        return True
    return False
📉 Completion Loss: 4.7839

🚨 High-loss Sample 31:
📌 Prompt:
Write a function to check whether it follows the sequence given in the patterns array.
📌 Completion:
def is_samepatterns(colors, patterns):    
    if len(colors) != len(patterns):
        return False    
    sdict = {}
    pset = set()
    sset = set()    
    for i in range(len(patterns)):
        pset.add(patterns[i])
        sset.add(colors[i])
        if patterns[i] not in sdict.keys():
            sdict[patterns[i]] = []

        keys = sdict[patterns[i]]
        keys.append(colors[i])
        sdict[patterns[i]] = keys

    if len(pset) != len(sset):
        return False   

    for values in sdict.values():

        for i in range(len(values) - 1):
            if values[i] != values[i+1]:
                return False

    return True
📉 Completion Loss: 10.4189
[Check] Prompt len: 23, Full len: 64
[Check] Prompt len: 15, Full len: 35
[Check] Prompt len: 17, Full len: 111
[Check] Prompt len: 13, Full len: 42
[Check] Prompt len: 11, Full len: 43
[Check] Prompt len: 26, Full len: 156
[Check] Prompt len: 17, Full len: 68
[Check] Prompt len: 12, Full len: 43

🚨 High-loss Sample 32:
📌 Prompt:
Write a function to find tuples which have all elements divisible by k from the given list of tuples.
📌 Completion:
def find_tuples(test_list, K):
  res = [sub for sub in test_list if all(ele % K == 0 for ele in sub)]
  return res
📉 Completion Loss: 5.7330

🚨 High-loss Sample 33:
📌 Prompt:
Write a python function to find whether a number is divisible by 11.
📌 Completion:
def is_Diff(n): 
    return (n % 11 == 0)
📉 Completion Loss: 4.6591

🚨 High-loss Sample 34:
📌 Prompt:
Write a python function to check whether the length of the word is odd or not.
📌 Completion:
def word_len(s): 
    s = s.split(' ')   
    for word in s:    
        if len(word)%2!=0: 
            return True  
        else:
          return False
📉 Completion Loss: 8.0700

🚨 High-loss Sample 35:
📌 Prompt:
Write a function to find the nth tetrahedral number.
📌 Completion:
def tetrahedral_number(n): 
	return (n * (n + 1) * (n + 2)) / 6
📉 Completion Loss: 5.0631

🚨 High-loss Sample 36:
📌 Prompt:
Write a function to find the volume of a sphere.
📌 Completion:
import math
def volume_sphere(r):
  volume=(4/3)*math.pi*r*r*r
  return volume
📉 Completion Loss: 5.1055

🚨 High-loss Sample 37:
📌 Prompt:
Write a python function to find the character made by adding the ASCII value of all the characters of the given string modulo 26.
📌 Completion:
def get_Char(strr):  
    summ = 0
    for i in range(len(strr)): 
        summ += (ord(strr[i]) - ord('a') + 1)  
    if (summ % 26 == 0): 
        return ord('z') 
    else: 
        summ = summ % 26
        return chr(ord('a') + summ - 1)
📉 Completion Loss: 10.3111

🚨 High-loss Sample 38:
📌 Prompt:
Write a function to find the nth number in the newman conway sequence.
📌 Completion:
def sequence(n): 
	if n == 1 or n == 2: 
		return 1
	else: 
		return sequence(sequence(n-1)) + sequence(n-sequence(n-1))
📉 Completion Loss: 6.0371

🚨 High-loss Sample 39:
📌 Prompt:
Write a function to find the surface area of a sphere.
📌 Completion:
import math
def surfacearea_sphere(r):
  surfacearea=4*math.pi*r*r
  return surfacearea
📉 Completion Loss: 5.0730
[Check] Prompt len: 12, Full len: 36
[Check] Prompt len: 13, Full len: 70
[Check] Prompt len: 20, Full len: 53
[Check] Prompt len: 12, Full len: 27
[Check] Prompt len: 13, Full len: 84
[Check] Prompt len: 22, Full len: 66
[Check] Prompt len: 15, Full len: 92
[Check] Prompt len: 17, Full len: 80

🚨 High-loss Sample 40:
📌 Prompt:
Write a function to find nth centered hexagonal number.
📌 Completion:
def centered_hexagonal_number(n):
  return 3 * n * (n - 1) + 1
📉 Completion Loss: 5.6731

🚨 High-loss Sample 41:
📌 Prompt:
Write a function to merge three dictionaries into a single dictionary.
📌 Completion:
import collections as ct
def merge_dictionaries_three(dict1,dict2, dict3):
    merged_dict = dict(ct.ChainMap({},dict1,dict2,dict3))
    return merged_dict
📉 Completion Loss: 8.3497

🚨 High-loss Sample 42:
📌 Prompt:
Write a function to get the frequency of all the elements in a list, returned as a dictionary.
📌 Completion:
import collections
def freq_count(list1):
  freq_count= collections.Counter(list1)
  return freq_count
📉 Completion Loss: 6.5181

🚨 High-loss Sample 43:
📌 Prompt:
Write a function to find the closest smaller number than n.
📌 Completion:
def closest_num(N):
  return (N - 1)
📉 Completion Loss: 4.9303

🚨 High-loss Sample 44:
📌 Prompt:
Write a python function to find the length of the longest word.
📌 Completion:
def len_log(list1):
    max=len(list1[0])
    for i in list1:
        if len(i)>max:
            max=len(i)
    return max
📉 Completion Loss: 9.5223

🚨 High-loss Sample 45:
📌 Prompt:
Write a function to check if a string is present as a substring in a given list of string values.
📌 Completion:
def find_substring(str1, sub_str):
   if any(sub_str in s for s in str1):
       return True
   return False
📉 Completion Loss: 7.6967

🚨 High-loss Sample 46:
📌 Prompt:
Write a function to check whether the given number is undulating or not.
📌 Completion:
def is_undulating(n): 
	n = str(n)
	if (len(n) <= 2): 
		return False
	for i in range(2, len(n)): 
		if (n[i - 2] != n[i]): 
			return False
	return True
📉 Completion Loss: 10.0756

🚨 High-loss Sample 47:
📌 Prompt:
Write a function to calculate the value of 'a' to the power 'b'.
📌 Completion:
def power(a,b):
	if b==0:
		return 1
	elif a==0:
		return 0
	elif b==1:
		return a
	else:
		return a*power(a,b-1)
📉 Completion Loss: 8.9623
[Check] Prompt len: 24, Full len: 68
[Check] Prompt len: 18, Full len: 56

🚨 High-loss Sample 48:
📌 Prompt:
Given a list of tuples, write a function that returns the first value of the tuple with the smallest second value.
📌 Completion:
from operator import itemgetter 
def index_minimum(test_list):
  res = min(test_list, key = itemgetter(1))[0]
  return (res)
📉 Completion Loss: 10.2312

🚨 High-loss Sample 49:
📌 Prompt:
Write a python function to find the length of the smallest list in a list of lists.
📌 Completion:
def Find_Min_Length(lst):  
    minLength = min(len(x) for x in lst )
    return minLength
📉 Completion Loss: 8.6571
✅ Evaluation Complete. Final Avg Loss = 6.7953, Perplexity = 893.63
[Step 300] PPL(A2C) = 893.63 | AvgR = 0.3857
[Check] Prompt len: 14, Full len: 61
[Check] Prompt len: 11, Full len: 89
[Check] Prompt len: 21, Full len: 65
[Check] Prompt len: 19, Full len: 83
[Check] Prompt len: 18, Full len: 53
[Check] Prompt len: 13, Full len: 48
[Check] Prompt len: 25, Full len: 127
[Check] Prompt len: 18, Full len: 189

🚨 High-loss Sample 0:
📌 Prompt:
Write a function to find the shared elements from the given two lists.
📌 Completion:
def similar_elements(test_tup1, test_tup2):
  res = tuple(set(test_tup1) & set(test_tup2))
  return (res)
📉 Completion Loss: 5.3615

🚨 High-loss Sample 1:
📌 Prompt:
Write a python function to identify non-prime numbers.
📌 Completion:
import math
def is_not_prime(n):
    result = False
    for i in range(2,int(math.sqrt(n)) + 1):
        if n % i == 0:
            result = True
    return result
📉 Completion Loss: 6.4571

🚨 High-loss Sample 2:
📌 Prompt:
Write a function to find the n largest integers from a given list of numbers, returned in descending order.
📌 Completion:
import heapq as hq
def heap_queue_largest(nums,n):
  largest_nums = hq.nlargest(n, nums)
  return largest_nums
📉 Completion Loss: 5.2458

🚨 High-loss Sample 3:
📌 Prompt:
Write a python function to check whether the two numbers differ at one bit position only or not.
📌 Completion:
def is_Power_Of_Two (x): 
    return x and (not(x & (x - 1))) 
def differ_At_One_Bit_Pos(a,b): 
    return is_Power_Of_Two(a ^ b)
📉 Completion Loss: 6.0677

🚨 High-loss Sample 4:
📌 Prompt:
Write a function to find all words which are at least 4 characters long in a string.
📌 Completion:
import re
def find_char_long(text):
  return (re.findall(r"\b\w{4,}\b", text))
📉 Completion Loss: 4.8702

🚨 High-loss Sample 5:
📌 Prompt:
Write a function to find squares of individual elements in a list.
📌 Completion:
def square_nums(nums):
 square_nums = list(map(lambda x: x ** 2, nums))
 return square_nums
📉 Completion Loss: 4.8760

🚨 High-loss Sample 6:
📌 Prompt:
Write a python function to find the minimum number of rotations (greater than 0) required to get the same string.
📌 Completion:
def find_Rotations(str): 
    tmp = str + str
    n = len(str) 
    for i in range(1,n + 1): 
        substring = tmp[i: i+n] 
        if (str == substring): 
            return i 
    return n
📉 Completion Loss: 7.7487

🚨 High-loss Sample 7:
📌 Prompt:
Write a python function to remove first and last occurrence of a given character from the string.
📌 Completion:
def remove_Occ(s,ch): 
    for i in range(len(s)): 
        if (s[i] == ch): 
            s = s[0 : i] + s[i + 1:] 
            break
    for i in range(len(s) - 1,-1,-1):  
        if (s[i] == ch): 
            s = s[0 : i] + s[i + 1:] 
            break
    return s
📉 Completion Loss: 10.4837
[Check] Prompt len: 19, Full len: 47
[Check] Prompt len: 13, Full len: 41
[Check] Prompt len: 25, Full len: 129
[Check] Prompt len: 17, Full len: 36
[Check] Prompt len: 18, Full len: 256
[Check] Prompt len: 16, Full len: 65
[Check] Prompt len: 15, Full len: 114
[Check] Prompt len: 18, Full len: 124

🚨 High-loss Sample 8:
📌 Prompt:
Write a function to sort a given matrix in ascending order according to the sum of its rows.
📌 Completion:
def sort_matrix(M):
    result = sorted(M, key=sum)
    return result
📉 Completion Loss: 4.3907

🚨 High-loss Sample 9:
📌 Prompt:
Write a python function to find the volume of a triangular prism.
📌 Completion:
def find_Volume(l,b,h) : 
    return ((l * b * h) / 2)
📉 Completion Loss: 4.3984

🚨 High-loss Sample 10:
📌 Prompt:
Write a function to that returns true if the input string contains sequences of lowercase letters joined with an underscore and false otherwise.
📌 Completion:
import re
def text_lowercase_underscore(text):
        patterns = '^[a-z]+_[a-z]+$'
        if re.search(patterns,  text):
                return True
        else:
                return False
📉 Completion Loss: 6.5815

🚨 High-loss Sample 11:
📌 Prompt:
Write a function that returns the perimeter of a square given its side length as input.
📌 Completion:
def square_perimeter(a):
  perimeter=4*a
  return perimeter
📉 Completion Loss: 4.1485

🚨 High-loss Sample 12:
📌 Prompt:
Write a function to remove characters from the first string which are present in the second string.
📌 Completion:
NO_OF_CHARS = 256
def str_to_list(string): 
	temp = [] 
	for x in string: 
		temp.append(x) 
	return temp 
def lst_to_string(List): 
	return ''.join(List) 
def get_char_count_array(string): 
	count = [0] * NO_OF_CHARS 
	for i in string: 
		count[ord(i)] += 1
	return count 
def remove_dirty_chars(string, second_string): 
	count = get_char_count_array(second_string) 
	ip_ind = 0
	res_ind = 0
	temp = '' 
	str_list = str_to_list(string) 
	while ip_ind != len(str_list): 
		temp = str_list[ip_ind] 
		if count[ord(temp)] == 0: 
			str_list[res_ind] = str_list[ip_ind] 
			res_ind += 1
		ip_ind+=1
	return lst_to_string(str_list[0:res_ind])
📉 Completion Loss: 10.2195

🚨 High-loss Sample 13:
📌 Prompt:
Write a function to find whether a given array of integers contains any duplicate element.
📌 Completion:
def test_duplicate(arraynums):
    nums_set = set(arraynums)    
    return len(arraynums) != len(nums_set)
📉 Completion Loss: 4.9558

🚨 High-loss Sample 14:
📌 Prompt:
Write a function to check if the given number is woodball or not.
📌 Completion:
def is_woodall(x): 
	if (x % 2 == 0): 
		return False
	if (x == 1): 
		return True
	x = x + 1 
	p = 0
	while (x % 2 == 0): 
		x = x/2
		p = p + 1
		if (p == x): 
			return True
	return False
📉 Completion Loss: 6.2468

🚨 High-loss Sample 15:
📌 Prompt:
Write a python function to check if a given number is one less than twice its reverse.
📌 Completion:
def rev(num):    
    rev_num = 0
    while (num > 0):  
        rev_num = (rev_num * 10 + num % 10) 
        num = num // 10  
    return rev_num  
def check(n):    
    return (2 * rev(n) == n + 1)
📉 Completion Loss: 6.5464
[Check] Prompt len: 20, Full len: 105
[Check] Prompt len: 17, Full len: 41
[Check] Prompt len: 12, Full len: 33
[Check] Prompt len: 21, Full len: 155
[Check] Prompt len: 12, Full len: 26
[Check] Prompt len: 17, Full len: 61
[Check] Prompt len: 18, Full len: 75
[Check] Prompt len: 15, Full len: 87

🚨 High-loss Sample 16:
📌 Prompt:
Write a python function to find the largest number that can be formed with the given list of digits.
📌 Completion:
def find_Max_Num(arr) : 
    n = len(arr)
    arr.sort(reverse = True) 
    num = arr[0] 
    for i in range(1,n) : 
        num = num * 10 + arr[i] 
    return num
📉 Completion Loss: 7.7493

🚨 High-loss Sample 17:
📌 Prompt:
Write a python function to check whether the given two integers have opposite sign or not.
📌 Completion:
def opposite_Signs(x,y): 
    return ((x ^ y) < 0);
📉 Completion Loss: 4.7397

🚨 High-loss Sample 18:
📌 Prompt:
Write a function to find the nth octagonal number.
📌 Completion:
def is_octagonal(n): 
	return 3 * n * n - 2 * n
📉 Completion Loss: 4.5558

🚨 High-loss Sample 19:
📌 Prompt:
Write a python function to count the number of substrings with the sum of digits equal to their length.
📌 Completion:
from collections import defaultdict
def count_Substrings(s):
    n = len(s)
    count,sum = 0,0
    mp = defaultdict(lambda : 0)
    mp[0] += 1
    for i in range(n):
        sum += ord(s[i]) - ord('0')
        count += mp[sum - (i + 1)]
        mp[sum - (i + 1)] += 1
    return count
📉 Completion Loss: 10.3795

🚨 High-loss Sample 20:
📌 Prompt:
Write a python function to find smallest number in a list.
📌 Completion:
def smallest_num(xs):
  return min(xs)
📉 Completion Loss: 4.2464

🚨 High-loss Sample 21:
📌 Prompt:
Write a function to find the maximum difference between available pairs in the given tuple list.
📌 Completion:
def max_difference(test_list):
  temp = [abs(b - a) for a, b in test_list]
  res = max(temp)
  return (res)
📉 Completion Loss: 5.6655

🚨 High-loss Sample 22:
📌 Prompt:
Write a function to sort a list of tuples using the second value of each tuple.
📌 Completion:
def subject_marks(subjectmarks):
#subject_marks = [('English', 88), ('Science', 90), ('Maths', 97), ('Social sciences', 82)])
 subjectmarks.sort(key = lambda x: x[1])
 return subjectmarks
📉 Completion Loss: 6.3163

🚨 High-loss Sample 23:
📌 Prompt:
Write a function to flatten a list and sum all of its elements.
📌 Completion:
def recursive_list_sum(data_list):
	total = 0
	for element in data_list:
		if type(element) == type([]):
			total = total + recursive_list_sum(element)
		else:
			total = total + element
	return total
📉 Completion Loss: 6.9251
[Check] Prompt len: 15, Full len: 64
[Check] Prompt len: 17, Full len: 181
[Check] Prompt len: 17, Full len: 96
[Check] Prompt len: 16, Full len: 193
[Check] Prompt len: 17, Full len: 109
[Check] Prompt len: 10, Full len: 238
[Check] Prompt len: 22, Full len: 60
[Check] Prompt len: 16, Full len: 256

🚨 High-loss Sample 24:
📌 Prompt:
Write a python function to count the number of positive numbers in a list.
📌 Completion:
def pos_count(list):
  pos_count= 0
  for num in list: 
    if num >= 0: 
      pos_count += 1
  return pos_count
📉 Completion Loss: 4.8952

🚨 High-loss Sample 25:
📌 Prompt:
Write a function to find the number of ways to partition a set of Bell numbers.
📌 Completion:
def bell_number(n):   
    bell = [[0 for i in range(n+1)] for j in range(n+1)] 
    bell[0][0] = 1
    for i in range(1, n+1): 
        bell[i][0] = bell[i-1][i-1]  
        for j in range(1, i+1): 
            bell[i][j] = bell[i-1][j-1] + bell[i][j-1]   
    return bell[n][0]
📉 Completion Loss: 8.2161

🚨 High-loss Sample 26:
📌 Prompt:
Write a python function to check whether the given array is monotonic or not.
📌 Completion:
def is_Monotonic(A): 
    return (all(A[i] <= A[i + 1] for i in range(len(A) - 1)) or
            all(A[i] >= A[i + 1] for i in range(len(A) - 1)))
📉 Completion Loss: 5.8698

🚨 High-loss Sample 27:
📌 Prompt:
Write a function to check whether a list contains the given sublist or not.
📌 Completion:
def is_sublist(l, s):
	sub_set = False
	if s == []:
		sub_set = True
	elif s == l:
		sub_set = True
	elif len(s) > len(l):
		sub_set = False
	else:
		for i in range(len(l)):
			if l[i] == s[0]:
				n = 1
				while (n < len(s)) and (l[i+n] == s[n]):
					n += 1				
				if n == len(s):
					sub_set = True
	return sub_set
📉 Completion Loss: 8.4090

🚨 High-loss Sample 28:
📌 Prompt:
Write a function to find whether all the given tuples have equal length or not.
📌 Completion:
def find_equal_tuple(Input):
  k = 0 if not Input else len(Input[0])
  flag = 1
  for tuple in Input:
    if len(tuple) != k:
      flag = 0
      break
  return flag
def get_equal(Input):
  return find_equal_tuple(Input) == 1
📉 Completion Loss: 6.0970

🚨 High-loss Sample 29:
📌 Prompt:
Write a function to sort a list of elements.
📌 Completion:
def comb_sort(nums):
    shrink_fact = 1.3
    gaps = len(nums)
    swapped = True
    i = 0
    while gaps > 1 or swapped:
        gaps = int(float(gaps) / shrink_fact)
        swapped = False
        i = 0
        while gaps + i < len(nums):
            if nums[i] > nums[i+gaps]:
                nums[i], nums[i+gaps] = nums[i+gaps], nums[i]
                swapped = True
            i += 1
    return nums
📉 Completion Loss: 9.8882

🚨 High-loss Sample 30:
📌 Prompt:
Write a python function to check whether the given number can be represented as the difference of two squares or not.
📌 Completion:
def dif_Square(n): 
    if (n % 4 != 2): 
        return True
    return False
📉 Completion Loss: 4.6696

🚨 High-loss Sample 31:
📌 Prompt:
Write a function to check whether it follows the sequence given in the patterns array.
📌 Completion:
def is_samepatterns(colors, patterns):    
    if len(colors) != len(patterns):
        return False    
    sdict = {}
    pset = set()
    sset = set()    
    for i in range(len(patterns)):
        pset.add(patterns[i])
        sset.add(colors[i])
        if patterns[i] not in sdict.keys():
            sdict[patterns[i]] = []

        keys = sdict[patterns[i]]
        keys.append(colors[i])
        sdict[patterns[i]] = keys

    if len(pset) != len(sset):
        return False   

    for values in sdict.values():

        for i in range(len(values) - 1):
            if values[i] != values[i+1]:
                return False

    return True
📉 Completion Loss: 10.4843
[Check] Prompt len: 23, Full len: 64
[Check] Prompt len: 15, Full len: 35
[Check] Prompt len: 17, Full len: 111
[Check] Prompt len: 13, Full len: 42
[Check] Prompt len: 11, Full len: 43
[Check] Prompt len: 26, Full len: 156
[Check] Prompt len: 17, Full len: 68
[Check] Prompt len: 12, Full len: 43

🚨 High-loss Sample 32:
📌 Prompt:
Write a function to find tuples which have all elements divisible by k from the given list of tuples.
📌 Completion:
def find_tuples(test_list, K):
  res = [sub for sub in test_list if all(ele % K == 0 for ele in sub)]
  return res
📉 Completion Loss: 5.6193

🚨 High-loss Sample 33:
📌 Prompt:
Write a python function to find whether a number is divisible by 11.
📌 Completion:
def is_Diff(n): 
    return (n % 11 == 0)
📉 Completion Loss: 4.5249

🚨 High-loss Sample 34:
📌 Prompt:
Write a python function to check whether the length of the word is odd or not.
📌 Completion:
def word_len(s): 
    s = s.split(' ')   
    for word in s:    
        if len(word)%2!=0: 
            return True  
        else:
          return False
📉 Completion Loss: 8.0859

🚨 High-loss Sample 35:
📌 Prompt:
Write a function to find the nth tetrahedral number.
📌 Completion:
def tetrahedral_number(n): 
	return (n * (n + 1) * (n + 2)) / 6
📉 Completion Loss: 4.9400

🚨 High-loss Sample 36:
📌 Prompt:
Write a function to find the volume of a sphere.
📌 Completion:
import math
def volume_sphere(r):
  volume=(4/3)*math.pi*r*r*r
  return volume
📉 Completion Loss: 4.9719

🚨 High-loss Sample 37:
📌 Prompt:
Write a python function to find the character made by adding the ASCII value of all the characters of the given string modulo 26.
📌 Completion:
def get_Char(strr):  
    summ = 0
    for i in range(len(strr)): 
        summ += (ord(strr[i]) - ord('a') + 1)  
    if (summ % 26 == 0): 
        return ord('z') 
    else: 
        summ = summ % 26
        return chr(ord('a') + summ - 1)
📉 Completion Loss: 10.3995

🚨 High-loss Sample 38:
📌 Prompt:
Write a function to find the nth number in the newman conway sequence.
📌 Completion:
def sequence(n): 
	if n == 1 or n == 2: 
		return 1
	else: 
		return sequence(sequence(n-1)) + sequence(n-sequence(n-1))
📉 Completion Loss: 5.9219

🚨 High-loss Sample 39:
📌 Prompt:
Write a function to find the surface area of a sphere.
📌 Completion:
import math
def surfacearea_sphere(r):
  surfacearea=4*math.pi*r*r
  return surfacearea
📉 Completion Loss: 4.9465
[Check] Prompt len: 12, Full len: 36
[Check] Prompt len: 13, Full len: 70
[Check] Prompt len: 20, Full len: 53
[Check] Prompt len: 12, Full len: 27
[Check] Prompt len: 13, Full len: 84
[Check] Prompt len: 22, Full len: 66
[Check] Prompt len: 15, Full len: 92
[Check] Prompt len: 17, Full len: 80

🚨 High-loss Sample 40:
📌 Prompt:
Write a function to find nth centered hexagonal number.
📌 Completion:
def centered_hexagonal_number(n):
  return 3 * n * (n - 1) + 1
📉 Completion Loss: 5.5615

🚨 High-loss Sample 41:
📌 Prompt:
Write a function to merge three dictionaries into a single dictionary.
📌 Completion:
import collections as ct
def merge_dictionaries_three(dict1,dict2, dict3):
    merged_dict = dict(ct.ChainMap({},dict1,dict2,dict3))
    return merged_dict
📉 Completion Loss: 8.3294

🚨 High-loss Sample 42:
📌 Prompt:
Write a function to get the frequency of all the elements in a list, returned as a dictionary.
📌 Completion:
import collections
def freq_count(list1):
  freq_count= collections.Counter(list1)
  return freq_count
📉 Completion Loss: 6.4152

🚨 High-loss Sample 43:
📌 Prompt:
Write a function to find the closest smaller number than n.
📌 Completion:
def closest_num(N):
  return (N - 1)
📉 Completion Loss: 4.7946

🚨 High-loss Sample 44:
📌 Prompt:
Write a python function to find the length of the longest word.
📌 Completion:
def len_log(list1):
    max=len(list1[0])
    for i in list1:
        if len(i)>max:
            max=len(i)
    return max
📉 Completion Loss: 9.6185

🚨 High-loss Sample 45:
📌 Prompt:
Write a function to check if a string is present as a substring in a given list of string values.
📌 Completion:
def find_substring(str1, sub_str):
   if any(sub_str in s for s in str1):
       return True
   return False
📉 Completion Loss: 7.6911

🚨 High-loss Sample 46:
📌 Prompt:
Write a function to check whether the given number is undulating or not.
📌 Completion:
def is_undulating(n): 
	n = str(n)
	if (len(n) <= 2): 
		return False
	for i in range(2, len(n)): 
		if (n[i - 2] != n[i]): 
			return False
	return True
📉 Completion Loss: 10.1322

🚨 High-loss Sample 47:
📌 Prompt:
Write a function to calculate the value of 'a' to the power 'b'.
📌 Completion:
def power(a,b):
	if b==0:
		return 1
	elif a==0:
		return 0
	elif b==1:
		return a
	else:
		return a*power(a,b-1)
📉 Completion Loss: 8.9075
[Check] Prompt len: 24, Full len: 68
[Check] Prompt len: 18, Full len: 56

🚨 High-loss Sample 48:
📌 Prompt:
Given a list of tuples, write a function that returns the first value of the tuple with the smallest second value.
📌 Completion:
from operator import itemgetter 
def index_minimum(test_list):
  res = min(test_list, key = itemgetter(1))[0]
  return (res)
📉 Completion Loss: 10.2748

🚨 High-loss Sample 49:
📌 Prompt:
Write a python function to find the length of the smallest list in a list of lists.
📌 Completion:
def Find_Min_Length(lst):  
    minLength = min(len(x) for x in lst )
    return minLength
📉 Completion Loss: 8.7270
✅ Evaluation Complete. Final Avg Loss = 6.7170, Perplexity = 826.34
[Step 350] PPL(A2C) = 826.34 | AvgR = 0.4334
[Check] Prompt len: 14, Full len: 61
[Check] Prompt len: 11, Full len: 89
[Check] Prompt len: 21, Full len: 65
[Check] Prompt len: 19, Full len: 83
[Check] Prompt len: 18, Full len: 53
[Check] Prompt len: 13, Full len: 48
[Check] Prompt len: 25, Full len: 127
[Check] Prompt len: 18, Full len: 189

🚨 High-loss Sample 0:
📌 Prompt:
Write a function to find the shared elements from the given two lists.
📌 Completion:
def similar_elements(test_tup1, test_tup2):
  res = tuple(set(test_tup1) & set(test_tup2))
  return (res)
📉 Completion Loss: 5.1885

🚨 High-loss Sample 1:
📌 Prompt:
Write a python function to identify non-prime numbers.
📌 Completion:
import math
def is_not_prime(n):
    result = False
    for i in range(2,int(math.sqrt(n)) + 1):
        if n % i == 0:
            result = True
    return result
📉 Completion Loss: 6.2935

🚨 High-loss Sample 2:
📌 Prompt:
Write a function to find the n largest integers from a given list of numbers, returned in descending order.
📌 Completion:
import heapq as hq
def heap_queue_largest(nums,n):
  largest_nums = hq.nlargest(n, nums)
  return largest_nums
📉 Completion Loss: 5.0408

🚨 High-loss Sample 3:
📌 Prompt:
Write a python function to check whether the two numbers differ at one bit position only or not.
📌 Completion:
def is_Power_Of_Two (x): 
    return x and (not(x & (x - 1))) 
def differ_At_One_Bit_Pos(a,b): 
    return is_Power_Of_Two(a ^ b)
📉 Completion Loss: 5.9058

🚨 High-loss Sample 4:
📌 Prompt:
Write a function to find all words which are at least 4 characters long in a string.
📌 Completion:
import re
def find_char_long(text):
  return (re.findall(r"\b\w{4,}\b", text))
📉 Completion Loss: 4.6744

🚨 High-loss Sample 5:
📌 Prompt:
Write a function to find squares of individual elements in a list.
📌 Completion:
def square_nums(nums):
 square_nums = list(map(lambda x: x ** 2, nums))
 return square_nums
📉 Completion Loss: 4.6728

🚨 High-loss Sample 6:
📌 Prompt:
Write a python function to find the minimum number of rotations (greater than 0) required to get the same string.
📌 Completion:
def find_Rotations(str): 
    tmp = str + str
    n = len(str) 
    for i in range(1,n + 1): 
        substring = tmp[i: i+n] 
        if (str == substring): 
            return i 
    return n
📉 Completion Loss: 7.6218

🚨 High-loss Sample 7:
📌 Prompt:
Write a python function to remove first and last occurrence of a given character from the string.
📌 Completion:
def remove_Occ(s,ch): 
    for i in range(len(s)): 
        if (s[i] == ch): 
            s = s[0 : i] + s[i + 1:] 
            break
    for i in range(len(s) - 1,-1,-1):  
        if (s[i] == ch): 
            s = s[0 : i] + s[i + 1:] 
            break
    return s
📉 Completion Loss: 10.4424
[Check] Prompt len: 19, Full len: 47
[Check] Prompt len: 13, Full len: 41
[Check] Prompt len: 25, Full len: 129
[Check] Prompt len: 17, Full len: 36
[Check] Prompt len: 18, Full len: 256
[Check] Prompt len: 16, Full len: 65
[Check] Prompt len: 15, Full len: 114
[Check] Prompt len: 18, Full len: 124

🚨 High-loss Sample 8:
📌 Prompt:
Write a function to sort a given matrix in ascending order according to the sum of its rows.
📌 Completion:
def sort_matrix(M):
    result = sorted(M, key=sum)
    return result
📉 Completion Loss: 4.1879

🚨 High-loss Sample 9:
📌 Prompt:
Write a python function to find the volume of a triangular prism.
📌 Completion:
def find_Volume(l,b,h) : 
    return ((l * b * h) / 2)
📉 Completion Loss: 4.1879

🚨 High-loss Sample 10:
📌 Prompt:
Write a function to that returns true if the input string contains sequences of lowercase letters joined with an underscore and false otherwise.
📌 Completion:
import re
def text_lowercase_underscore(text):
        patterns = '^[a-z]+_[a-z]+$'
        if re.search(patterns,  text):
                return True
        else:
                return False
📉 Completion Loss: 6.4193

🚨 High-loss Sample 11:
📌 Prompt:
Write a function that returns the perimeter of a square given its side length as input.
📌 Completion:
def square_perimeter(a):
  perimeter=4*a
  return perimeter
📉 Completion Loss: 3.9351

🚨 High-loss Sample 12:
📌 Prompt:
Write a function to remove characters from the first string which are present in the second string.
📌 Completion:
NO_OF_CHARS = 256
def str_to_list(string): 
	temp = [] 
	for x in string: 
		temp.append(x) 
	return temp 
def lst_to_string(List): 
	return ''.join(List) 
def get_char_count_array(string): 
	count = [0] * NO_OF_CHARS 
	for i in string: 
		count[ord(i)] += 1
	return count 
def remove_dirty_chars(string, second_string): 
	count = get_char_count_array(second_string) 
	ip_ind = 0
	res_ind = 0
	temp = '' 
	str_list = str_to_list(string) 
	while ip_ind != len(str_list): 
		temp = str_list[ip_ind] 
		if count[ord(temp)] == 0: 
			str_list[res_ind] = str_list[ip_ind] 
			res_ind += 1
		ip_ind+=1
	return lst_to_string(str_list[0:res_ind])
📉 Completion Loss: 10.1939

🚨 High-loss Sample 13:
📌 Prompt:
Write a function to find whether a given array of integers contains any duplicate element.
📌 Completion:
def test_duplicate(arraynums):
    nums_set = set(arraynums)    
    return len(arraynums) != len(nums_set)
📉 Completion Loss: 4.7602

🚨 High-loss Sample 14:
📌 Prompt:
Write a function to check if the given number is woodball or not.
📌 Completion:
def is_woodall(x): 
	if (x % 2 == 0): 
		return False
	if (x == 1): 
		return True
	x = x + 1 
	p = 0
	while (x % 2 == 0): 
		x = x/2
		p = p + 1
		if (p == x): 
			return True
	return False
📉 Completion Loss: 6.0847

🚨 High-loss Sample 15:
📌 Prompt:
Write a python function to check if a given number is one less than twice its reverse.
📌 Completion:
def rev(num):    
    rev_num = 0
    while (num > 0):  
        rev_num = (rev_num * 10 + num % 10) 
        num = num // 10  
    return rev_num  
def check(n):    
    return (2 * rev(n) == n + 1)
📉 Completion Loss: 6.3999
[Check] Prompt len: 20, Full len: 105
[Check] Prompt len: 17, Full len: 41
[Check] Prompt len: 12, Full len: 33
[Check] Prompt len: 21, Full len: 155
[Check] Prompt len: 12, Full len: 26
[Check] Prompt len: 17, Full len: 61
[Check] Prompt len: 18, Full len: 75
[Check] Prompt len: 15, Full len: 87

🚨 High-loss Sample 16:
📌 Prompt:
Write a python function to find the largest number that can be formed with the given list of digits.
📌 Completion:
def find_Max_Num(arr) : 
    n = len(arr)
    arr.sort(reverse = True) 
    num = arr[0] 
    for i in range(1,n) : 
        num = num * 10 + arr[i] 
    return num
📉 Completion Loss: 7.6086

🚨 High-loss Sample 17:
📌 Prompt:
Write a python function to check whether the given two integers have opposite sign or not.
📌 Completion:
def opposite_Signs(x,y): 
    return ((x ^ y) < 0);
📉 Completion Loss: 4.5287

🚨 High-loss Sample 18:
📌 Prompt:
Write a function to find the nth octagonal number.
📌 Completion:
def is_octagonal(n): 
	return 3 * n * n - 2 * n
📉 Completion Loss: 4.3414

🚨 High-loss Sample 19:
📌 Prompt:
Write a python function to count the number of substrings with the sum of digits equal to their length.
📌 Completion:
from collections import defaultdict
def count_Substrings(s):
    n = len(s)
    count,sum = 0,0
    mp = defaultdict(lambda : 0)
    mp[0] += 1
    for i in range(n):
        sum += ord(s[i]) - ord('0')
        count += mp[sum - (i + 1)]
        mp[sum - (i + 1)] += 1
    return count
📉 Completion Loss: 10.3703

🚨 High-loss Sample 20:
📌 Prompt:
Write a python function to find smallest number in a list.
📌 Completion:
def smallest_num(xs):
  return min(xs)
📉 Completion Loss: 4.0326

🚨 High-loss Sample 21:
📌 Prompt:
Write a function to find the maximum difference between available pairs in the given tuple list.
📌 Completion:
def max_difference(test_list):
  temp = [abs(b - a) for a, b in test_list]
  res = max(temp)
  return (res)
📉 Completion Loss: 5.4743

🚨 High-loss Sample 22:
📌 Prompt:
Write a function to sort a list of tuples using the second value of each tuple.
📌 Completion:
def subject_marks(subjectmarks):
#subject_marks = [('English', 88), ('Science', 90), ('Maths', 97), ('Social sciences', 82)])
 subjectmarks.sort(key = lambda x: x[1])
 return subjectmarks
📉 Completion Loss: 6.1574

🚨 High-loss Sample 23:
📌 Prompt:
Write a function to flatten a list and sum all of its elements.
📌 Completion:
def recursive_list_sum(data_list):
	total = 0
	for element in data_list:
		if type(element) == type([]):
			total = total + recursive_list_sum(element)
		else:
			total = total + element
	return total
📉 Completion Loss: 6.7827
[Check] Prompt len: 15, Full len: 64
[Check] Prompt len: 17, Full len: 181
[Check] Prompt len: 17, Full len: 96
[Check] Prompt len: 16, Full len: 193
[Check] Prompt len: 17, Full len: 109
[Check] Prompt len: 10, Full len: 238
[Check] Prompt len: 22, Full len: 60
[Check] Prompt len: 16, Full len: 256

🚨 High-loss Sample 24:
📌 Prompt:
Write a python function to count the number of positive numbers in a list.
📌 Completion:
def pos_count(list):
  pos_count= 0
  for num in list: 
    if num >= 0: 
      pos_count += 1
  return pos_count
📉 Completion Loss: 4.6910

🚨 High-loss Sample 25:
📌 Prompt:
Write a function to find the number of ways to partition a set of Bell numbers.
📌 Completion:
def bell_number(n):   
    bell = [[0 for i in range(n+1)] for j in range(n+1)] 
    bell[0][0] = 1
    for i in range(1, n+1): 
        bell[i][0] = bell[i-1][i-1]  
        for j in range(1, i+1): 
            bell[i][j] = bell[i-1][j-1] + bell[i][j-1]   
    return bell[n][0]
📉 Completion Loss: 8.0999

🚨 High-loss Sample 26:
📌 Prompt:
Write a python function to check whether the given array is monotonic or not.
📌 Completion:
def is_Monotonic(A): 
    return (all(A[i] <= A[i + 1] for i in range(len(A) - 1)) or
            all(A[i] >= A[i + 1] for i in range(len(A) - 1)))
📉 Completion Loss: 5.7002

🚨 High-loss Sample 27:
📌 Prompt:
Write a function to check whether a list contains the given sublist or not.
📌 Completion:
def is_sublist(l, s):
	sub_set = False
	if s == []:
		sub_set = True
	elif s == l:
		sub_set = True
	elif len(s) > len(l):
		sub_set = False
	else:
		for i in range(len(l)):
			if l[i] == s[0]:
				n = 1
				while (n < len(s)) and (l[i+n] == s[n]):
					n += 1				
				if n == len(s):
					sub_set = True
	return sub_set
📉 Completion Loss: 8.3267

🚨 High-loss Sample 28:
📌 Prompt:
Write a function to find whether all the given tuples have equal length or not.
📌 Completion:
def find_equal_tuple(Input):
  k = 0 if not Input else len(Input[0])
  flag = 1
  for tuple in Input:
    if len(tuple) != k:
      flag = 0
      break
  return flag
def get_equal(Input):
  return find_equal_tuple(Input) == 1
📉 Completion Loss: 5.9317

🚨 High-loss Sample 29:
📌 Prompt:
Write a function to sort a list of elements.
📌 Completion:
def comb_sort(nums):
    shrink_fact = 1.3
    gaps = len(nums)
    swapped = True
    i = 0
    while gaps > 1 or swapped:
        gaps = int(float(gaps) / shrink_fact)
        swapped = False
        i = 0
        while gaps + i < len(nums):
            if nums[i] > nums[i+gaps]:
                nums[i], nums[i+gaps] = nums[i+gaps], nums[i]
                swapped = True
            i += 1
    return nums
📉 Completion Loss: 9.8285

🚨 High-loss Sample 30:
📌 Prompt:
Write a python function to check whether the given number can be represented as the difference of two squares or not.
📌 Completion:
def dif_Square(n): 
    if (n % 4 != 2): 
        return True
    return False
📉 Completion Loss: 4.4638

🚨 High-loss Sample 31:
📌 Prompt:
Write a function to check whether it follows the sequence given in the patterns array.
📌 Completion:
def is_samepatterns(colors, patterns):    
    if len(colors) != len(patterns):
        return False    
    sdict = {}
    pset = set()
    sset = set()    
    for i in range(len(patterns)):
        pset.add(patterns[i])
        sset.add(colors[i])
        if patterns[i] not in sdict.keys():
            sdict[patterns[i]] = []

        keys = sdict[patterns[i]]
        keys.append(colors[i])
        sdict[patterns[i]] = keys

    if len(pset) != len(sset):
        return False   

    for values in sdict.values():

        for i in range(len(values) - 1):
            if values[i] != values[i+1]:
                return False

    return True
📉 Completion Loss: 10.4470
[Check] Prompt len: 23, Full len: 64
[Check] Prompt len: 15, Full len: 35
[Check] Prompt len: 17, Full len: 111
[Check] Prompt len: 13, Full len: 42
[Check] Prompt len: 11, Full len: 43
[Check] Prompt len: 26, Full len: 156
[Check] Prompt len: 17, Full len: 68
[Check] Prompt len: 12, Full len: 43

🚨 High-loss Sample 32:
📌 Prompt:
Write a function to find tuples which have all elements divisible by k from the given list of tuples.
📌 Completion:
def find_tuples(test_list, K):
  res = [sub for sub in test_list if all(ele % K == 0 for ele in sub)]
  return res
📉 Completion Loss: 5.4331

🚨 High-loss Sample 33:
📌 Prompt:
Write a python function to find whether a number is divisible by 11.
📌 Completion:
def is_Diff(n): 
    return (n % 11 == 0)
📉 Completion Loss: 4.3005

🚨 High-loss Sample 34:
📌 Prompt:
Write a python function to check whether the length of the word is odd or not.
📌 Completion:
def word_len(s): 
    s = s.split(' ')   
    for word in s:    
        if len(word)%2!=0: 
            return True  
        else:
          return False
📉 Completion Loss: 7.9611

🚨 High-loss Sample 35:
📌 Prompt:
Write a function to find the nth tetrahedral number.
📌 Completion:
def tetrahedral_number(n): 
	return (n * (n + 1) * (n + 2)) / 6
📉 Completion Loss: 4.7317

🚨 High-loss Sample 36:
📌 Prompt:
Write a function to find the volume of a sphere.
📌 Completion:
import math
def volume_sphere(r):
  volume=(4/3)*math.pi*r*r*r
  return volume
📉 Completion Loss: 4.7835

🚨 High-loss Sample 37:
📌 Prompt:
Write a python function to find the character made by adding the ASCII value of all the characters of the given string modulo 26.
📌 Completion:
def get_Char(strr):  
    summ = 0
    for i in range(len(strr)): 
        summ += (ord(strr[i]) - ord('a') + 1)  
    if (summ % 26 == 0): 
        return ord('z') 
    else: 
        summ = summ % 26
        return chr(ord('a') + summ - 1)
📉 Completion Loss: 10.3697

🚨 High-loss Sample 38:
📌 Prompt:
Write a function to find the nth number in the newman conway sequence.
📌 Completion:
def sequence(n): 
	if n == 1 or n == 2: 
		return 1
	else: 
		return sequence(sequence(n-1)) + sequence(n-sequence(n-1))
📉 Completion Loss: 5.7322

🚨 High-loss Sample 39:
📌 Prompt:
Write a function to find the surface area of a sphere.
📌 Completion:
import math
def surfacearea_sphere(r):
  surfacearea=4*math.pi*r*r
  return surfacearea
📉 Completion Loss: 4.7576
[Check] Prompt len: 12, Full len: 36
[Check] Prompt len: 13, Full len: 70
[Check] Prompt len: 20, Full len: 53
[Check] Prompt len: 12, Full len: 27
[Check] Prompt len: 13, Full len: 84
[Check] Prompt len: 22, Full len: 66
[Check] Prompt len: 15, Full len: 92
[Check] Prompt len: 17, Full len: 80

🚨 High-loss Sample 40:
📌 Prompt:
Write a function to find nth centered hexagonal number.
📌 Completion:
def centered_hexagonal_number(n):
  return 3 * n * (n - 1) + 1
📉 Completion Loss: 5.3744

🚨 High-loss Sample 41:
📌 Prompt:
Write a function to merge three dictionaries into a single dictionary.
📌 Completion:
import collections as ct
def merge_dictionaries_three(dict1,dict2, dict3):
    merged_dict = dict(ct.ChainMap({},dict1,dict2,dict3))
    return merged_dict
📉 Completion Loss: 8.2546

🚨 High-loss Sample 42:
📌 Prompt:
Write a function to get the frequency of all the elements in a list, returned as a dictionary.
📌 Completion:
import collections
def freq_count(list1):
  freq_count= collections.Counter(list1)
  return freq_count
📉 Completion Loss: 6.2287

🚨 High-loss Sample 43:
📌 Prompt:
Write a function to find the closest smaller number than n.
📌 Completion:
def closest_num(N):
  return (N - 1)
📉 Completion Loss: 4.5878

🚨 High-loss Sample 44:
📌 Prompt:
Write a python function to find the length of the longest word.
📌 Completion:
def len_log(list1):
    max=len(list1[0])
    for i in list1:
        if len(i)>max:
            max=len(i)
    return max
📉 Completion Loss: 9.5453

🚨 High-loss Sample 45:
📌 Prompt:
Write a function to check if a string is present as a substring in a given list of string values.
📌 Completion:
def find_substring(str1, sub_str):
   if any(sub_str in s for s in str1):
       return True
   return False
📉 Completion Loss: 7.5544

🚨 High-loss Sample 46:
📌 Prompt:
Write a function to check whether the given number is undulating or not.
📌 Completion:
def is_undulating(n): 
	n = str(n)
	if (len(n) <= 2): 
		return False
	for i in range(2, len(n)): 
		if (n[i - 2] != n[i]): 
			return False
	return True
📉 Completion Loss: 10.0883

🚨 High-loss Sample 47:
📌 Prompt:
Write a function to calculate the value of 'a' to the power 'b'.
📌 Completion:
def power(a,b):
	if b==0:
		return 1
	elif a==0:
		return 0
	elif b==1:
		return a
	else:
		return a*power(a,b-1)
📉 Completion Loss: 8.8306
[Check] Prompt len: 24, Full len: 68
[Check] Prompt len: 18, Full len: 56

🚨 High-loss Sample 48:
📌 Prompt:
Given a list of tuples, write a function that returns the first value of the tuple with the smallest second value.
📌 Completion:
from operator import itemgetter 
def index_minimum(test_list):
  res = min(test_list, key = itemgetter(1))[0]
  return (res)
📉 Completion Loss: 10.2825

🚨 High-loss Sample 49:
📌 Prompt:
Write a python function to find the length of the smallest list in a list of lists.
📌 Completion:
def Find_Min_Length(lst):  
    minLength = min(len(x) for x in lst )
    return minLength
📉 Completion Loss: 8.6238
✅ Evaluation Complete. Final Avg Loss = 6.5525, Perplexity = 700.96
[Step 400] PPL(A2C) = 700.96 | AvgR = 0.4021
[Check] Prompt len: 14, Full len: 61
[Check] Prompt len: 11, Full len: 89
[Check] Prompt len: 21, Full len: 65
[Check] Prompt len: 19, Full len: 83
[Check] Prompt len: 18, Full len: 53
[Check] Prompt len: 13, Full len: 48
[Check] Prompt len: 25, Full len: 127
[Check] Prompt len: 18, Full len: 189

🚨 High-loss Sample 0:
📌 Prompt:
Write a function to find the shared elements from the given two lists.
📌 Completion:
def similar_elements(test_tup1, test_tup2):
  res = tuple(set(test_tup1) & set(test_tup2))
  return (res)
📉 Completion Loss: 4.9138

🚨 High-loss Sample 1:
📌 Prompt:
Write a python function to identify non-prime numbers.
📌 Completion:
import math
def is_not_prime(n):
    result = False
    for i in range(2,int(math.sqrt(n)) + 1):
        if n % i == 0:
            result = True
    return result
📉 Completion Loss: 6.0876

🚨 High-loss Sample 2:
📌 Prompt:
Write a function to find the n largest integers from a given list of numbers, returned in descending order.
📌 Completion:
import heapq as hq
def heap_queue_largest(nums,n):
  largest_nums = hq.nlargest(n, nums)
  return largest_nums
📉 Completion Loss: 4.7612

🚨 High-loss Sample 3:
📌 Prompt:
Write a python function to check whether the two numbers differ at one bit position only or not.
📌 Completion:
def is_Power_Of_Two (x): 
    return x and (not(x & (x - 1))) 
def differ_At_One_Bit_Pos(a,b): 
    return is_Power_Of_Two(a ^ b)
📉 Completion Loss: 5.6725

🚨 High-loss Sample 4:
📌 Prompt:
Write a function to find all words which are at least 4 characters long in a string.
📌 Completion:
import re
def find_char_long(text):
  return (re.findall(r"\b\w{4,}\b", text))
📉 Completion Loss: 4.3681

🚨 High-loss Sample 5:
📌 Prompt:
Write a function to find squares of individual elements in a list.
📌 Completion:
def square_nums(nums):
 square_nums = list(map(lambda x: x ** 2, nums))
 return square_nums
📉 Completion Loss: 4.3594

🚨 High-loss Sample 6:
📌 Prompt:
Write a python function to find the minimum number of rotations (greater than 0) required to get the same string.
📌 Completion:
def find_Rotations(str): 
    tmp = str + str
    n = len(str) 
    for i in range(1,n + 1): 
        substring = tmp[i: i+n] 
        if (str == substring): 
            return i 
    return n
📉 Completion Loss: 7.4806

🚨 High-loss Sample 7:
📌 Prompt:
Write a python function to remove first and last occurrence of a given character from the string.
📌 Completion:
def remove_Occ(s,ch): 
    for i in range(len(s)): 
        if (s[i] == ch): 
            s = s[0 : i] + s[i + 1:] 
            break
    for i in range(len(s) - 1,-1,-1):  
        if (s[i] == ch): 
            s = s[0 : i] + s[i + 1:] 
            break
    return s
📉 Completion Loss: 10.4377
[Check] Prompt len: 19, Full len: 47
[Check] Prompt len: 13, Full len: 41
[Check] Prompt len: 25, Full len: 129
[Check] Prompt len: 17, Full len: 36
[Check] Prompt len: 18, Full len: 256
[Check] Prompt len: 16, Full len: 65
[Check] Prompt len: 15, Full len: 114
[Check] Prompt len: 18, Full len: 124

🚨 High-loss Sample 8:
📌 Prompt:
Write a function to sort a given matrix in ascending order according to the sum of its rows.
📌 Completion:
def sort_matrix(M):
    result = sorted(M, key=sum)
    return result
📉 Completion Loss: 3.8170

🚨 High-loss Sample 9:
📌 Prompt:
Write a python function to find the volume of a triangular prism.
📌 Completion:
def find_Volume(l,b,h) : 
    return ((l * b * h) / 2)
📉 Completion Loss: 3.8128

🚨 High-loss Sample 10:
📌 Prompt:
Write a function to that returns true if the input string contains sequences of lowercase letters joined with an underscore and false otherwise.
📌 Completion:
import re
def text_lowercase_underscore(text):
        patterns = '^[a-z]+_[a-z]+$'
        if re.search(patterns,  text):
                return True
        else:
                return False
📉 Completion Loss: 6.2230

🚨 High-loss Sample 11:
📌 Prompt:
Write a function that returns the perimeter of a square given its side length as input.
📌 Completion:
def square_perimeter(a):
  perimeter=4*a
  return perimeter
📉 Completion Loss: 3.5311

🚨 High-loss Sample 12:
📌 Prompt:
Write a function to remove characters from the first string which are present in the second string.
📌 Completion:
NO_OF_CHARS = 256
def str_to_list(string): 
	temp = [] 
	for x in string: 
		temp.append(x) 
	return temp 
def lst_to_string(List): 
	return ''.join(List) 
def get_char_count_array(string): 
	count = [0] * NO_OF_CHARS 
	for i in string: 
		count[ord(i)] += 1
	return count 
def remove_dirty_chars(string, second_string): 
	count = get_char_count_array(second_string) 
	ip_ind = 0
	res_ind = 0
	temp = '' 
	str_list = str_to_list(string) 
	while ip_ind != len(str_list): 
		temp = str_list[ip_ind] 
		if count[ord(temp)] == 0: 
			str_list[res_ind] = str_list[ip_ind] 
			res_ind += 1
		ip_ind+=1
	return lst_to_string(str_list[0:res_ind])
📉 Completion Loss: 10.1287

🚨 High-loss Sample 13:
📌 Prompt:
Write a function to find whether a given array of integers contains any duplicate element.
📌 Completion:
def test_duplicate(arraynums):
    nums_set = set(arraynums)    
    return len(arraynums) != len(nums_set)
📉 Completion Loss: 4.4542

🚨 High-loss Sample 14:
📌 Prompt:
Write a function to check if the given number is woodball or not.
📌 Completion:
def is_woodall(x): 
	if (x % 2 == 0): 
		return False
	if (x == 1): 
		return True
	x = x + 1 
	p = 0
	while (x % 2 == 0): 
		x = x/2
		p = p + 1
		if (p == x): 
			return True
	return False
📉 Completion Loss: 5.8567

🚨 High-loss Sample 15:
📌 Prompt:
Write a python function to check if a given number is one less than twice its reverse.
📌 Completion:
def rev(num):    
    rev_num = 0
    while (num > 0):  
        rev_num = (rev_num * 10 + num % 10) 
        num = num // 10  
    return rev_num  
def check(n):    
    return (2 * rev(n) == n + 1)
📉 Completion Loss: 6.1943
[Check] Prompt len: 20, Full len: 105
[Check] Prompt len: 17, Full len: 41
[Check] Prompt len: 12, Full len: 33
[Check] Prompt len: 21, Full len: 155
[Check] Prompt len: 12, Full len: 26
[Check] Prompt len: 17, Full len: 61
[Check] Prompt len: 18, Full len: 75
[Check] Prompt len: 15, Full len: 87

🚨 High-loss Sample 16:
📌 Prompt:
Write a python function to find the largest number that can be formed with the given list of digits.
📌 Completion:
def find_Max_Num(arr) : 
    n = len(arr)
    arr.sort(reverse = True) 
    num = arr[0] 
    for i in range(1,n) : 
        num = num * 10 + arr[i] 
    return num
📉 Completion Loss: 7.4925

🚨 High-loss Sample 17:
📌 Prompt:
Write a python function to check whether the given two integers have opposite sign or not.
📌 Completion:
def opposite_Signs(x,y): 
    return ((x ^ y) < 0);
📉 Completion Loss: 4.2124

🚨 High-loss Sample 18:
📌 Prompt:
Write a function to find the nth octagonal number.
📌 Completion:
def is_octagonal(n): 
	return 3 * n * n - 2 * n
📉 Completion Loss: 4.0032

🚨 High-loss Sample 19:
📌 Prompt:
Write a python function to count the number of substrings with the sum of digits equal to their length.
📌 Completion:
from collections import defaultdict
def count_Substrings(s):
    n = len(s)
    count,sum = 0,0
    mp = defaultdict(lambda : 0)
    mp[0] += 1
    for i in range(n):
        sum += ord(s[i]) - ord('0')
        count += mp[sum - (i + 1)]
        mp[sum - (i + 1)] += 1
    return count
📉 Completion Loss: 10.3192

🚨 High-loss Sample 20:
📌 Prompt:
Write a python function to find smallest number in a list.
📌 Completion:
def smallest_num(xs):
  return min(xs)
📉 Completion Loss: 3.6584

🚨 High-loss Sample 21:
📌 Prompt:
Write a function to find the maximum difference between available pairs in the given tuple list.
📌 Completion:
def max_difference(test_list):
  temp = [abs(b - a) for a, b in test_list]
  res = max(temp)
  return (res)
📉 Completion Loss: 5.2200

🚨 High-loss Sample 22:
📌 Prompt:
Write a function to sort a list of tuples using the second value of each tuple.
📌 Completion:
def subject_marks(subjectmarks):
#subject_marks = [('English', 88), ('Science', 90), ('Maths', 97), ('Social sciences', 82)])
 subjectmarks.sort(key = lambda x: x[1])
 return subjectmarks
📉 Completion Loss: 5.9483

🚨 High-loss Sample 23:
📌 Prompt:
Write a function to flatten a list and sum all of its elements.
📌 Completion:
def recursive_list_sum(data_list):
	total = 0
	for element in data_list:
		if type(element) == type([]):
			total = total + recursive_list_sum(element)
		else:
			total = total + element
	return total
📉 Completion Loss: 6.5810
[Check] Prompt len: 15, Full len: 64
[Check] Prompt len: 17, Full len: 181
[Check] Prompt len: 17, Full len: 96
[Check] Prompt len: 16, Full len: 193
[Check] Prompt len: 17, Full len: 109
[Check] Prompt len: 10, Full len: 238
[Check] Prompt len: 22, Full len: 60
[Check] Prompt len: 16, Full len: 256

🚨 High-loss Sample 24:
📌 Prompt:
Write a python function to count the number of positive numbers in a list.
📌 Completion:
def pos_count(list):
  pos_count= 0
  for num in list: 
    if num >= 0: 
      pos_count += 1
  return pos_count
📉 Completion Loss: 4.3654

🚨 High-loss Sample 25:
📌 Prompt:
Write a function to find the number of ways to partition a set of Bell numbers.
📌 Completion:
def bell_number(n):   
    bell = [[0 for i in range(n+1)] for j in range(n+1)] 
    bell[0][0] = 1
    for i in range(1, n+1): 
        bell[i][0] = bell[i-1][i-1]  
        for j in range(1, i+1): 
            bell[i][j] = bell[i-1][j-1] + bell[i][j-1]   
    return bell[n][0]
📉 Completion Loss: 7.9925

🚨 High-loss Sample 26:
📌 Prompt:
Write a python function to check whether the given array is monotonic or not.
📌 Completion:
def is_Monotonic(A): 
    return (all(A[i] <= A[i + 1] for i in range(len(A) - 1)) or
            all(A[i] >= A[i + 1] for i in range(len(A) - 1)))
📉 Completion Loss: 5.4533

🚨 High-loss Sample 27:
📌 Prompt:
Write a function to check whether a list contains the given sublist or not.
📌 Completion:
def is_sublist(l, s):
	sub_set = False
	if s == []:
		sub_set = True
	elif s == l:
		sub_set = True
	elif len(s) > len(l):
		sub_set = False
	else:
		for i in range(len(l)):
			if l[i] == s[0]:
				n = 1
				while (n < len(s)) and (l[i+n] == s[n]):
					n += 1				
				if n == len(s):
					sub_set = True
	return sub_set
📉 Completion Loss: 8.2173

🚨 High-loss Sample 28:
📌 Prompt:
Write a function to find whether all the given tuples have equal length or not.
📌 Completion:
def find_equal_tuple(Input):
  k = 0 if not Input else len(Input[0])
  flag = 1
  for tuple in Input:
    if len(tuple) != k:
      flag = 0
      break
  return flag
def get_equal(Input):
  return find_equal_tuple(Input) == 1
📉 Completion Loss: 5.6931

🚨 High-loss Sample 29:
📌 Prompt:
Write a function to sort a list of elements.
📌 Completion:
def comb_sort(nums):
    shrink_fact = 1.3
    gaps = len(nums)
    swapped = True
    i = 0
    while gaps > 1 or swapped:
        gaps = int(float(gaps) / shrink_fact)
        swapped = False
        i = 0
        while gaps + i < len(nums):
            if nums[i] > nums[i+gaps]:
                nums[i], nums[i+gaps] = nums[i+gaps], nums[i]
                swapped = True
            i += 1
    return nums
📉 Completion Loss: 9.7914

🚨 High-loss Sample 30:
📌 Prompt:
Write a python function to check whether the given number can be represented as the difference of two squares or not.
📌 Completion:
def dif_Square(n): 
    if (n % 4 != 2): 
        return True
    return False
📉 Completion Loss: 4.1254

🚨 High-loss Sample 31:
📌 Prompt:
Write a function to check whether it follows the sequence given in the patterns array.
📌 Completion:
def is_samepatterns(colors, patterns):    
    if len(colors) != len(patterns):
        return False    
    sdict = {}
    pset = set()
    sset = set()    
    for i in range(len(patterns)):
        pset.add(patterns[i])
        sset.add(colors[i])
        if patterns[i] not in sdict.keys():
            sdict[patterns[i]] = []

        keys = sdict[patterns[i]]
        keys.append(colors[i])
        sdict[patterns[i]] = keys

    if len(pset) != len(sset):
        return False   

    for values in sdict.values():

        for i in range(len(values) - 1):
            if values[i] != values[i+1]:
                return False

    return True
📉 Completion Loss: 10.4291
[Check] Prompt len: 23, Full len: 64
[Check] Prompt len: 15, Full len: 35
[Check] Prompt len: 17, Full len: 111
[Check] Prompt len: 13, Full len: 42
[Check] Prompt len: 11, Full len: 43
[Check] Prompt len: 26, Full len: 156
[Check] Prompt len: 17, Full len: 68
[Check] Prompt len: 12, Full len: 43

🚨 High-loss Sample 32:
📌 Prompt:
Write a function to find tuples which have all elements divisible by k from the given list of tuples.
📌 Completion:
def find_tuples(test_list, K):
  res = [sub for sub in test_list if all(ele % K == 0 for ele in sub)]
  return res
📉 Completion Loss: 5.1743

🚨 High-loss Sample 33:
📌 Prompt:
Write a python function to find whether a number is divisible by 11.
📌 Completion:
def is_Diff(n): 
    return (n % 11 == 0)
📉 Completion Loss: 3.9646

🚨 High-loss Sample 34:
📌 Prompt:
Write a python function to check whether the length of the word is odd or not.
📌 Completion:
def word_len(s): 
    s = s.split(' ')   
    for word in s:    
        if len(word)%2!=0: 
            return True  
        else:
          return False
📉 Completion Loss: 7.8680

🚨 High-loss Sample 35:
📌 Prompt:
Write a function to find the nth tetrahedral number.
📌 Completion:
def tetrahedral_number(n): 
	return (n * (n + 1) * (n + 2)) / 6
📉 Completion Loss: 4.4366

🚨 High-loss Sample 36:
📌 Prompt:
Write a function to find the volume of a sphere.
📌 Completion:
import math
def volume_sphere(r):
  volume=(4/3)*math.pi*r*r*r
  return volume
📉 Completion Loss: 4.4755

🚨 High-loss Sample 37:
📌 Prompt:
Write a python function to find the character made by adding the ASCII value of all the characters of the given string modulo 26.
📌 Completion:
def get_Char(strr):  
    summ = 0
    for i in range(len(strr)): 
        summ += (ord(strr[i]) - ord('a') + 1)  
    if (summ % 26 == 0): 
        return ord('z') 
    else: 
        summ = summ % 26
        return chr(ord('a') + summ - 1)
📉 Completion Loss: 10.3311

🚨 High-loss Sample 38:
📌 Prompt:
Write a function to find the nth number in the newman conway sequence.
📌 Completion:
def sequence(n): 
	if n == 1 or n == 2: 
		return 1
	else: 
		return sequence(sequence(n-1)) + sequence(n-sequence(n-1))
📉 Completion Loss: 5.5131

🚨 High-loss Sample 39:
📌 Prompt:
Write a function to find the surface area of a sphere.
📌 Completion:
import math
def surfacearea_sphere(r):
  surfacearea=4*math.pi*r*r
  return surfacearea
📉 Completion Loss: 4.4430
[Check] Prompt len: 12, Full len: 36
[Check] Prompt len: 13, Full len: 70
[Check] Prompt len: 20, Full len: 53
[Check] Prompt len: 12, Full len: 27
[Check] Prompt len: 13, Full len: 84
[Check] Prompt len: 22, Full len: 66
[Check] Prompt len: 15, Full len: 92
[Check] Prompt len: 17, Full len: 80

🚨 High-loss Sample 40:
📌 Prompt:
Write a function to find nth centered hexagonal number.
📌 Completion:
def centered_hexagonal_number(n):
  return 3 * n * (n - 1) + 1
📉 Completion Loss: 5.1199

🚨 High-loss Sample 41:
📌 Prompt:
Write a function to merge three dictionaries into a single dictionary.
📌 Completion:
import collections as ct
def merge_dictionaries_three(dict1,dict2, dict3):
    merged_dict = dict(ct.ChainMap({},dict1,dict2,dict3))
    return merged_dict
📉 Completion Loss: 8.1369

🚨 High-loss Sample 42:
📌 Prompt:
Write a function to get the frequency of all the elements in a list, returned as a dictionary.
📌 Completion:
import collections
def freq_count(list1):
  freq_count= collections.Counter(list1)
  return freq_count
📉 Completion Loss: 6.0633

🚨 High-loss Sample 43:
📌 Prompt:
Write a function to find the closest smaller number than n.
📌 Completion:
def closest_num(N):
  return (N - 1)
📉 Completion Loss: 4.2901

🚨 High-loss Sample 44:
📌 Prompt:
Write a python function to find the length of the longest word.
📌 Completion:
def len_log(list1):
    max=len(list1[0])
    for i in list1:
        if len(i)>max:
            max=len(i)
    return max
📉 Completion Loss: 9.4965

🚨 High-loss Sample 45:
📌 Prompt:
Write a function to check if a string is present as a substring in a given list of string values.
📌 Completion:
def find_substring(str1, sub_str):
   if any(sub_str in s for s in str1):
       return True
   return False
📉 Completion Loss: 7.4366

🚨 High-loss Sample 46:
📌 Prompt:
Write a function to check whether the given number is undulating or not.
📌 Completion:
def is_undulating(n): 
	n = str(n)
	if (len(n) <= 2): 
		return False
	for i in range(2, len(n)): 
		if (n[i - 2] != n[i]): 
			return False
	return True
📉 Completion Loss: 10.0685

🚨 High-loss Sample 47:
📌 Prompt:
Write a function to calculate the value of 'a' to the power 'b'.
📌 Completion:
def power(a,b):
	if b==0:
		return 1
	elif a==0:
		return 0
	elif b==1:
		return a
	else:
		return a*power(a,b-1)
📉 Completion Loss: 8.7238
[Check] Prompt len: 24, Full len: 68
[Check] Prompt len: 18, Full len: 56

🚨 High-loss Sample 48:
📌 Prompt:
Given a list of tuples, write a function that returns the first value of the tuple with the smallest second value.
📌 Completion:
from operator import itemgetter 
def index_minimum(test_list):
  res = min(test_list, key = itemgetter(1))[0]
  return (res)
📉 Completion Loss: 10.2369

🚨 High-loss Sample 49:
📌 Prompt:
Write a python function to find the length of the smallest list in a list of lists.
📌 Completion:
def Find_Min_Length(lst):  
    minLength = min(len(x) for x in lst )
    return minLength
📉 Completion Loss: 8.5329
✅ Evaluation Complete. Final Avg Loss = 6.3522, Perplexity = 573.74
[Step 450] PPL(A2C) = 573.74 | AvgR = 0.3466
[Check] Prompt len: 14, Full len: 61
[Check] Prompt len: 11, Full len: 89
[Check] Prompt len: 21, Full len: 65
[Check] Prompt len: 19, Full len: 83
[Check] Prompt len: 18, Full len: 53
[Check] Prompt len: 13, Full len: 48
[Check] Prompt len: 25, Full len: 127
[Check] Prompt len: 18, Full len: 189

🚨 High-loss Sample 0:
📌 Prompt:
Write a function to find the shared elements from the given two lists.
📌 Completion:
def similar_elements(test_tup1, test_tup2):
  res = tuple(set(test_tup1) & set(test_tup2))
  return (res)
📉 Completion Loss: 4.6832

🚨 High-loss Sample 1:
📌 Prompt:
Write a python function to identify non-prime numbers.
📌 Completion:
import math
def is_not_prime(n):
    result = False
    for i in range(2,int(math.sqrt(n)) + 1):
        if n % i == 0:
            result = True
    return result
📉 Completion Loss: 5.9136

🚨 High-loss Sample 2:
📌 Prompt:
Write a function to find the n largest integers from a given list of numbers, returned in descending order.
📌 Completion:
import heapq as hq
def heap_queue_largest(nums,n):
  largest_nums = hq.nlargest(n, nums)
  return largest_nums
📉 Completion Loss: 4.5169

🚨 High-loss Sample 3:
📌 Prompt:
Write a python function to check whether the two numbers differ at one bit position only or not.
📌 Completion:
def is_Power_Of_Two (x): 
    return x and (not(x & (x - 1))) 
def differ_At_One_Bit_Pos(a,b): 
    return is_Power_Of_Two(a ^ b)
📉 Completion Loss: 5.4758

🚨 High-loss Sample 4:
📌 Prompt:
Write a function to find all words which are at least 4 characters long in a string.
📌 Completion:
import re
def find_char_long(text):
  return (re.findall(r"\b\w{4,}\b", text))
📉 Completion Loss: 4.1098

🚨 High-loss Sample 5:
📌 Prompt:
Write a function to find squares of individual elements in a list.
📌 Completion:
def square_nums(nums):
 square_nums = list(map(lambda x: x ** 2, nums))
 return square_nums
📉 Completion Loss: 4.0868

🚨 High-loss Sample 6:
📌 Prompt:
Write a python function to find the minimum number of rotations (greater than 0) required to get the same string.
📌 Completion:
def find_Rotations(str): 
    tmp = str + str
    n = len(str) 
    for i in range(1,n + 1): 
        substring = tmp[i: i+n] 
        if (str == substring): 
            return i 
    return n
📉 Completion Loss: 7.3736

🚨 High-loss Sample 7:
📌 Prompt:
Write a python function to remove first and last occurrence of a given character from the string.
📌 Completion:
def remove_Occ(s,ch): 
    for i in range(len(s)): 
        if (s[i] == ch): 
            s = s[0 : i] + s[i + 1:] 
            break
    for i in range(len(s) - 1,-1,-1):  
        if (s[i] == ch): 
            s = s[0 : i] + s[i + 1:] 
            break
    return s
📉 Completion Loss: 10.4348
[Check] Prompt len: 19, Full len: 47
[Check] Prompt len: 13, Full len: 41
[Check] Prompt len: 25, Full len: 129
[Check] Prompt len: 17, Full len: 36
[Check] Prompt len: 18, Full len: 256
[Check] Prompt len: 16, Full len: 65
[Check] Prompt len: 15, Full len: 114
[Check] Prompt len: 18, Full len: 124

🚨 High-loss Sample 8:
📌 Prompt:
Write a function to sort a given matrix in ascending order according to the sum of its rows.
📌 Completion:
def sort_matrix(M):
    result = sorted(M, key=sum)
    return result
📉 Completion Loss: 3.5185

🚨 High-loss Sample 9:
📌 Prompt:
Write a python function to find the volume of a triangular prism.
📌 Completion:
def find_Volume(l,b,h) : 
    return ((l * b * h) / 2)
📉 Completion Loss: 3.5049

🚨 High-loss Sample 10:
📌 Prompt:
Write a function to that returns true if the input string contains sequences of lowercase letters joined with an underscore and false otherwise.
📌 Completion:
import re
def text_lowercase_underscore(text):
        patterns = '^[a-z]+_[a-z]+$'
        if re.search(patterns,  text):
                return True
        else:
                return False
📉 Completion Loss: 6.0444

🚨 High-loss Sample 11:
📌 Prompt:
Write a function that returns the perimeter of a square given its side length as input.
📌 Completion:
def square_perimeter(a):
  perimeter=4*a
  return perimeter
📉 Completion Loss: 3.2075

🚨 High-loss Sample 12:
📌 Prompt:
Write a function to remove characters from the first string which are present in the second string.
📌 Completion:
NO_OF_CHARS = 256
def str_to_list(string): 
	temp = [] 
	for x in string: 
		temp.append(x) 
	return temp 
def lst_to_string(List): 
	return ''.join(List) 
def get_char_count_array(string): 
	count = [0] * NO_OF_CHARS 
	for i in string: 
		count[ord(i)] += 1
	return count 
def remove_dirty_chars(string, second_string): 
	count = get_char_count_array(second_string) 
	ip_ind = 0
	res_ind = 0
	temp = '' 
	str_list = str_to_list(string) 
	while ip_ind != len(str_list): 
		temp = str_list[ip_ind] 
		if count[ord(temp)] == 0: 
			str_list[res_ind] = str_list[ip_ind] 
			res_ind += 1
		ip_ind+=1
	return lst_to_string(str_list[0:res_ind])
📉 Completion Loss: 10.1391

🚨 High-loss Sample 13:
📌 Prompt:
Write a function to find whether a given array of integers contains any duplicate element.
📌 Completion:
def test_duplicate(arraynums):
    nums_set = set(arraynums)    
    return len(arraynums) != len(nums_set)
📉 Completion Loss: 4.1756

🚨 High-loss Sample 14:
📌 Prompt:
Write a function to check if the given number is woodball or not.
📌 Completion:
def is_woodall(x): 
	if (x % 2 == 0): 
		return False
	if (x == 1): 
		return True
	x = x + 1 
	p = 0
	while (x % 2 == 0): 
		x = x/2
		p = p + 1
		if (p == x): 
			return True
	return False
📉 Completion Loss: 5.6892

🚨 High-loss Sample 15:
📌 Prompt:
Write a python function to check if a given number is one less than twice its reverse.
📌 Completion:
def rev(num):    
    rev_num = 0
    while (num > 0):  
        rev_num = (rev_num * 10 + num % 10) 
        num = num // 10  
    return rev_num  
def check(n):    
    return (2 * rev(n) == n + 1)
📉 Completion Loss: 6.0379
[Check] Prompt len: 20, Full len: 105
[Check] Prompt len: 17, Full len: 41
[Check] Prompt len: 12, Full len: 33
[Check] Prompt len: 21, Full len: 155
[Check] Prompt len: 12, Full len: 26
[Check] Prompt len: 17, Full len: 61
[Check] Prompt len: 18, Full len: 75
[Check] Prompt len: 15, Full len: 87

🚨 High-loss Sample 16:
📌 Prompt:
Write a python function to find the largest number that can be formed with the given list of digits.
📌 Completion:
def find_Max_Num(arr) : 
    n = len(arr)
    arr.sort(reverse = True) 
    num = arr[0] 
    for i in range(1,n) : 
        num = num * 10 + arr[i] 
    return num
📉 Completion Loss: 7.3858

🚨 High-loss Sample 17:
📌 Prompt:
Write a python function to check whether the given two integers have opposite sign or not.
📌 Completion:
def opposite_Signs(x,y): 
    return ((x ^ y) < 0);
📉 Completion Loss: 3.9417

🚨 High-loss Sample 18:
📌 Prompt:
Write a function to find the nth octagonal number.
📌 Completion:
def is_octagonal(n): 
	return 3 * n * n - 2 * n
📉 Completion Loss: 3.7191

🚨 High-loss Sample 19:
📌 Prompt:
Write a python function to count the number of substrings with the sum of digits equal to their length.
📌 Completion:
from collections import defaultdict
def count_Substrings(s):
    n = len(s)
    count,sum = 0,0
    mp = defaultdict(lambda : 0)
    mp[0] += 1
    for i in range(n):
        sum += ord(s[i]) - ord('0')
        count += mp[sum - (i + 1)]
        mp[sum - (i + 1)] += 1
    return count
📉 Completion Loss: 10.3330

🚨 High-loss Sample 20:
📌 Prompt:
Write a python function to find smallest number in a list.
📌 Completion:
def smallest_num(xs):
  return min(xs)
📉 Completion Loss: 3.3581

🚨 High-loss Sample 21:
📌 Prompt:
Write a function to find the maximum difference between available pairs in the given tuple list.
📌 Completion:
def max_difference(test_list):
  temp = [abs(b - a) for a, b in test_list]
  res = max(temp)
  return (res)
📉 Completion Loss: 5.0021

🚨 High-loss Sample 22:
📌 Prompt:
Write a function to sort a list of tuples using the second value of each tuple.
📌 Completion:
def subject_marks(subjectmarks):
#subject_marks = [('English', 88), ('Science', 90), ('Maths', 97), ('Social sciences', 82)])
 subjectmarks.sort(key = lambda x: x[1])
 return subjectmarks
📉 Completion Loss: 5.7820

🚨 High-loss Sample 23:
📌 Prompt:
Write a function to flatten a list and sum all of its elements.
📌 Completion:
def recursive_list_sum(data_list):
	total = 0
	for element in data_list:
		if type(element) == type([]):
			total = total + recursive_list_sum(element)
		else:
			total = total + element
	return total
📉 Completion Loss: 6.4557
[Check] Prompt len: 15, Full len: 64
[Check] Prompt len: 17, Full len: 181
[Check] Prompt len: 17, Full len: 96
[Check] Prompt len: 16, Full len: 193
[Check] Prompt len: 17, Full len: 109
[Check] Prompt len: 10, Full len: 238
[Check] Prompt len: 22, Full len: 60
[Check] Prompt len: 16, Full len: 256

🚨 High-loss Sample 24:
📌 Prompt:
Write a python function to count the number of positive numbers in a list.
📌 Completion:
def pos_count(list):
  pos_count= 0
  for num in list: 
    if num >= 0: 
      pos_count += 1
  return pos_count
📉 Completion Loss: 4.0902

🚨 High-loss Sample 25:
📌 Prompt:
Write a function to find the number of ways to partition a set of Bell numbers.
📌 Completion:
def bell_number(n):   
    bell = [[0 for i in range(n+1)] for j in range(n+1)] 
    bell[0][0] = 1
    for i in range(1, n+1): 
        bell[i][0] = bell[i-1][i-1]  
        for j in range(1, i+1): 
            bell[i][j] = bell[i-1][j-1] + bell[i][j-1]   
    return bell[n][0]
📉 Completion Loss: 7.9041

🚨 High-loss Sample 26:
📌 Prompt:
Write a python function to check whether the given array is monotonic or not.
📌 Completion:
def is_Monotonic(A): 
    return (all(A[i] <= A[i + 1] for i in range(len(A) - 1)) or
            all(A[i] >= A[i + 1] for i in range(len(A) - 1)))
📉 Completion Loss: 5.2442

🚨 High-loss Sample 27:
📌 Prompt:
Write a function to check whether a list contains the given sublist or not.
📌 Completion:
def is_sublist(l, s):
	sub_set = False
	if s == []:
		sub_set = True
	elif s == l:
		sub_set = True
	elif len(s) > len(l):
		sub_set = False
	else:
		for i in range(len(l)):
			if l[i] == s[0]:
				n = 1
				while (n < len(s)) and (l[i+n] == s[n]):
					n += 1				
				if n == len(s):
					sub_set = True
	return sub_set
📉 Completion Loss: 8.1622

🚨 High-loss Sample 28:
📌 Prompt:
Write a function to find whether all the given tuples have equal length or not.
📌 Completion:
def find_equal_tuple(Input):
  k = 0 if not Input else len(Input[0])
  flag = 1
  for tuple in Input:
    if len(tuple) != k:
      flag = 0
      break
  return flag
def get_equal(Input):
  return find_equal_tuple(Input) == 1
📉 Completion Loss: 5.5079

🚨 High-loss Sample 29:
📌 Prompt:
Write a function to sort a list of elements.
📌 Completion:
def comb_sort(nums):
    shrink_fact = 1.3
    gaps = len(nums)
    swapped = True
    i = 0
    while gaps > 1 or swapped:
        gaps = int(float(gaps) / shrink_fact)
        swapped = False
        i = 0
        while gaps + i < len(nums):
            if nums[i] > nums[i+gaps]:
                nums[i], nums[i+gaps] = nums[i+gaps], nums[i]
                swapped = True
            i += 1
    return nums
📉 Completion Loss: 9.7481

🚨 High-loss Sample 30:
📌 Prompt:
Write a python function to check whether the given number can be represented as the difference of two squares or not.
📌 Completion:
def dif_Square(n): 
    if (n % 4 != 2): 
        return True
    return False
📉 Completion Loss: 3.8391

🚨 High-loss Sample 31:
📌 Prompt:
Write a function to check whether it follows the sequence given in the patterns array.
📌 Completion:
def is_samepatterns(colors, patterns):    
    if len(colors) != len(patterns):
        return False    
    sdict = {}
    pset = set()
    sset = set()    
    for i in range(len(patterns)):
        pset.add(patterns[i])
        sset.add(colors[i])
        if patterns[i] not in sdict.keys():
            sdict[patterns[i]] = []

        keys = sdict[patterns[i]]
        keys.append(colors[i])
        sdict[patterns[i]] = keys

    if len(pset) != len(sset):
        return False   

    for values in sdict.values():

        for i in range(len(values) - 1):
            if values[i] != values[i+1]:
                return False

    return True
📉 Completion Loss: 10.4067
[Check] Prompt len: 23, Full len: 64
[Check] Prompt len: 15, Full len: 35
[Check] Prompt len: 17, Full len: 111
[Check] Prompt len: 13, Full len: 42
[Check] Prompt len: 11, Full len: 43
[Check] Prompt len: 26, Full len: 156
[Check] Prompt len: 17, Full len: 68
[Check] Prompt len: 12, Full len: 43

🚨 High-loss Sample 32:
📌 Prompt:
Write a function to find tuples which have all elements divisible by k from the given list of tuples.
📌 Completion:
def find_tuples(test_list, K):
  res = [sub for sub in test_list if all(ele % K == 0 for ele in sub)]
  return res
📉 Completion Loss: 4.9591

🚨 High-loss Sample 33:
📌 Prompt:
Write a python function to find whether a number is divisible by 11.
📌 Completion:
def is_Diff(n): 
    return (n % 11 == 0)
📉 Completion Loss: 3.6668

🚨 High-loss Sample 34:
📌 Prompt:
Write a python function to check whether the length of the word is odd or not.
📌 Completion:
def word_len(s): 
    s = s.split(' ')   
    for word in s:    
        if len(word)%2!=0: 
            return True  
        else:
          return False
📉 Completion Loss: 7.7512

🚨 High-loss Sample 35:
📌 Prompt:
Write a function to find the nth tetrahedral number.
📌 Completion:
def tetrahedral_number(n): 
	return (n * (n + 1) * (n + 2)) / 6
📉 Completion Loss: 4.1782

🚨 High-loss Sample 36:
📌 Prompt:
Write a function to find the volume of a sphere.
📌 Completion:
import math
def volume_sphere(r):
  volume=(4/3)*math.pi*r*r*r
  return volume
📉 Completion Loss: 4.2252

🚨 High-loss Sample 37:
📌 Prompt:
Write a python function to find the character made by adding the ASCII value of all the characters of the given string modulo 26.
📌 Completion:
def get_Char(strr):  
    summ = 0
    for i in range(len(strr)): 
        summ += (ord(strr[i]) - ord('a') + 1)  
    if (summ % 26 == 0): 
        return ord('z') 
    else: 
        summ = summ % 26
        return chr(ord('a') + summ - 1)
📉 Completion Loss: 10.3363

🚨 High-loss Sample 38:
📌 Prompt:
Write a function to find the nth number in the newman conway sequence.
📌 Completion:
def sequence(n): 
	if n == 1 or n == 2: 
		return 1
	else: 
		return sequence(sequence(n-1)) + sequence(n-sequence(n-1))
📉 Completion Loss: 5.3079

🚨 High-loss Sample 39:
📌 Prompt:
Write a function to find the surface area of a sphere.
📌 Completion:
import math
def surfacearea_sphere(r):
  surfacearea=4*math.pi*r*r
  return surfacearea
📉 Completion Loss: 4.1752
[Check] Prompt len: 12, Full len: 36
[Check] Prompt len: 13, Full len: 70
[Check] Prompt len: 20, Full len: 53
[Check] Prompt len: 12, Full len: 27
[Check] Prompt len: 13, Full len: 84
[Check] Prompt len: 22, Full len: 66
[Check] Prompt len: 15, Full len: 92
[Check] Prompt len: 17, Full len: 80

🚨 High-loss Sample 40:
📌 Prompt:
Write a function to find nth centered hexagonal number.
📌 Completion:
def centered_hexagonal_number(n):
  return 3 * n * (n - 1) + 1
📉 Completion Loss: 4.9134

🚨 High-loss Sample 41:
📌 Prompt:
Write a function to merge three dictionaries into a single dictionary.
📌 Completion:
import collections as ct
def merge_dictionaries_three(dict1,dict2, dict3):
    merged_dict = dict(ct.ChainMap({},dict1,dict2,dict3))
    return merged_dict
📉 Completion Loss: 8.0783

🚨 High-loss Sample 42:
📌 Prompt:
Write a function to get the frequency of all the elements in a list, returned as a dictionary.
📌 Completion:
import collections
def freq_count(list1):
  freq_count= collections.Counter(list1)
  return freq_count
📉 Completion Loss: 5.8676

🚨 High-loss Sample 43:
📌 Prompt:
Write a function to find the closest smaller number than n.
📌 Completion:
def closest_num(N):
  return (N - 1)
📉 Completion Loss: 4.0335

🚨 High-loss Sample 44:
📌 Prompt:
Write a python function to find the length of the longest word.
📌 Completion:
def len_log(list1):
    max=len(list1[0])
    for i in list1:
        if len(i)>max:
            max=len(i)
    return max
📉 Completion Loss: 9.4379

🚨 High-loss Sample 45:
📌 Prompt:
Write a function to check if a string is present as a substring in a given list of string values.
📌 Completion:
def find_substring(str1, sub_str):
   if any(sub_str in s for s in str1):
       return True
   return False
📉 Completion Loss: 7.3224

🚨 High-loss Sample 46:
📌 Prompt:
Write a function to check whether the given number is undulating or not.
📌 Completion:
def is_undulating(n): 
	n = str(n)
	if (len(n) <= 2): 
		return False
	for i in range(2, len(n)): 
		if (n[i - 2] != n[i]): 
			return False
	return True
📉 Completion Loss: 10.0672

🚨 High-loss Sample 47:
📌 Prompt:
Write a function to calculate the value of 'a' to the power 'b'.
📌 Completion:
def power(a,b):
	if b==0:
		return 1
	elif a==0:
		return 0
	elif b==1:
		return a
	else:
		return a*power(a,b-1)
📉 Completion Loss: 8.7011
[Check] Prompt len: 24, Full len: 68
[Check] Prompt len: 18, Full len: 56

🚨 High-loss Sample 48:
📌 Prompt:
Given a list of tuples, write a function that returns the first value of the tuple with the smallest second value.
📌 Completion:
from operator import itemgetter 
def index_minimum(test_list):
  res = min(test_list, key = itemgetter(1))[0]
  return (res)
📉 Completion Loss: 10.2660

🚨 High-loss Sample 49:
📌 Prompt:
Write a python function to find the length of the smallest list in a list of lists.
📌 Completion:
def Find_Min_Length(lst):  
    minLength = min(len(x) for x in lst )
    return minLength
📉 Completion Loss: 8.4865
✅ Evaluation Complete. Final Avg Loss = 6.1574, Perplexity = 472.22
[Step 500] PPL(A2C) = 472.22 | AvgR = 0.4047
[Check] Prompt len: 14, Full len: 61
[Check] Prompt len: 11, Full len: 89
[Check] Prompt len: 21, Full len: 65
[Check] Prompt len: 19, Full len: 83
[Check] Prompt len: 18, Full len: 53
[Check] Prompt len: 13, Full len: 48
[Check] Prompt len: 25, Full len: 127
[Check] Prompt len: 18, Full len: 189

🚨 High-loss Sample 0:
📌 Prompt:
Write a function to find the shared elements from the given two lists.
📌 Completion:
def similar_elements(test_tup1, test_tup2):
  res = tuple(set(test_tup1) & set(test_tup2))
  return (res)
📉 Completion Loss: 4.4681

🚨 High-loss Sample 1:
📌 Prompt:
Write a python function to identify non-prime numbers.
📌 Completion:
import math
def is_not_prime(n):
    result = False
    for i in range(2,int(math.sqrt(n)) + 1):
        if n % i == 0:
            result = True
    return result
📉 Completion Loss: 5.7549

🚨 High-loss Sample 2:
📌 Prompt:
Write a function to find the n largest integers from a given list of numbers, returned in descending order.
📌 Completion:
import heapq as hq
def heap_queue_largest(nums,n):
  largest_nums = hq.nlargest(n, nums)
  return largest_nums
📉 Completion Loss: 4.2959

🚨 High-loss Sample 3:
📌 Prompt:
Write a python function to check whether the two numbers differ at one bit position only or not.
📌 Completion:
def is_Power_Of_Two (x): 
    return x and (not(x & (x - 1))) 
def differ_At_One_Bit_Pos(a,b): 
    return is_Power_Of_Two(a ^ b)
📉 Completion Loss: 5.2942

🚨 High-loss Sample 4:
📌 Prompt:
Write a function to find all words which are at least 4 characters long in a string.
📌 Completion:
import re
def find_char_long(text):
  return (re.findall(r"\b\w{4,}\b", text))
📉 Completion Loss: 3.8656

🚨 High-loss Sample 5:
📌 Prompt:
Write a function to find squares of individual elements in a list.
📌 Completion:
def square_nums(nums):
 square_nums = list(map(lambda x: x ** 2, nums))
 return square_nums
📉 Completion Loss: 3.8417

🚨 High-loss Sample 6:
📌 Prompt:
Write a python function to find the minimum number of rotations (greater than 0) required to get the same string.
📌 Completion:
def find_Rotations(str): 
    tmp = str + str
    n = len(str) 
    for i in range(1,n + 1): 
        substring = tmp[i: i+n] 
        if (str == substring): 
            return i 
    return n
📉 Completion Loss: 7.2899

🚨 High-loss Sample 7:
📌 Prompt:
Write a python function to remove first and last occurrence of a given character from the string.
📌 Completion:
def remove_Occ(s,ch): 
    for i in range(len(s)): 
        if (s[i] == ch): 
            s = s[0 : i] + s[i + 1:] 
            break
    for i in range(len(s) - 1,-1,-1):  
        if (s[i] == ch): 
            s = s[0 : i] + s[i + 1:] 
            break
    return s
📉 Completion Loss: 10.4631
[Check] Prompt len: 19, Full len: 47
[Check] Prompt len: 13, Full len: 41
[Check] Prompt len: 25, Full len: 129
[Check] Prompt len: 17, Full len: 36
[Check] Prompt len: 18, Full len: 256
[Check] Prompt len: 16, Full len: 65
[Check] Prompt len: 15, Full len: 114
[Check] Prompt len: 18, Full len: 124

🚨 High-loss Sample 8:
📌 Prompt:
Write a function to sort a given matrix in ascending order according to the sum of its rows.
📌 Completion:
def sort_matrix(M):
    result = sorted(M, key=sum)
    return result
📉 Completion Loss: 3.2440

🚨 High-loss Sample 9:
📌 Prompt:
Write a python function to find the volume of a triangular prism.
📌 Completion:
def find_Volume(l,b,h) : 
    return ((l * b * h) / 2)
📉 Completion Loss: 3.2278

🚨 High-loss Sample 10:
📌 Prompt:
Write a function to that returns true if the input string contains sequences of lowercase letters joined with an underscore and false otherwise.
📌 Completion:
import re
def text_lowercase_underscore(text):
        patterns = '^[a-z]+_[a-z]+$'
        if re.search(patterns,  text):
                return True
        else:
                return False
📉 Completion Loss: 5.8886

🚨 High-loss Sample 11:
📌 Prompt:
Write a function that returns the perimeter of a square given its side length as input.
📌 Completion:
def square_perimeter(a):
  perimeter=4*a
  return perimeter
📉 Completion Loss: 2.9185

🚨 High-loss Sample 12:
📌 Prompt:
Write a function to remove characters from the first string which are present in the second string.
📌 Completion:
NO_OF_CHARS = 256
def str_to_list(string): 
	temp = [] 
	for x in string: 
		temp.append(x) 
	return temp 
def lst_to_string(List): 
	return ''.join(List) 
def get_char_count_array(string): 
	count = [0] * NO_OF_CHARS 
	for i in string: 
		count[ord(i)] += 1
	return count 
def remove_dirty_chars(string, second_string): 
	count = get_char_count_array(second_string) 
	ip_ind = 0
	res_ind = 0
	temp = '' 
	str_list = str_to_list(string) 
	while ip_ind != len(str_list): 
		temp = str_list[ip_ind] 
		if count[ord(temp)] == 0: 
			str_list[res_ind] = str_list[ip_ind] 
			res_ind += 1
		ip_ind+=1
	return lst_to_string(str_list[0:res_ind])
📉 Completion Loss: 10.1845

🚨 High-loss Sample 13:
📌 Prompt:
Write a function to find whether a given array of integers contains any duplicate element.
📌 Completion:
def test_duplicate(arraynums):
    nums_set = set(arraynums)    
    return len(arraynums) != len(nums_set)
📉 Completion Loss: 3.9311

🚨 High-loss Sample 14:
📌 Prompt:
Write a function to check if the given number is woodball or not.
📌 Completion:
def is_woodall(x): 
	if (x % 2 == 0): 
		return False
	if (x == 1): 
		return True
	x = x + 1 
	p = 0
	while (x % 2 == 0): 
		x = x/2
		p = p + 1
		if (p == x): 
			return True
	return False
📉 Completion Loss: 5.5211

🚨 High-loss Sample 15:
📌 Prompt:
Write a python function to check if a given number is one less than twice its reverse.
📌 Completion:
def rev(num):    
    rev_num = 0
    while (num > 0):  
        rev_num = (rev_num * 10 + num % 10) 
        num = num // 10  
    return rev_num  
def check(n):    
    return (2 * rev(n) == n + 1)
📉 Completion Loss: 5.8908
[Check] Prompt len: 20, Full len: 105
[Check] Prompt len: 17, Full len: 41
[Check] Prompt len: 12, Full len: 33
[Check] Prompt len: 21, Full len: 155
[Check] Prompt len: 12, Full len: 26
[Check] Prompt len: 17, Full len: 61
[Check] Prompt len: 18, Full len: 75
[Check] Prompt len: 15, Full len: 87

🚨 High-loss Sample 16:
📌 Prompt:
Write a python function to find the largest number that can be formed with the given list of digits.
📌 Completion:
def find_Max_Num(arr) : 
    n = len(arr)
    arr.sort(reverse = True) 
    num = arr[0] 
    for i in range(1,n) : 
        num = num * 10 + arr[i] 
    return num
📉 Completion Loss: 7.2840

🚨 High-loss Sample 17:
📌 Prompt:
Write a python function to check whether the given two integers have opposite sign or not.
📌 Completion:
def opposite_Signs(x,y): 
    return ((x ^ y) < 0);
📉 Completion Loss: 3.6896

🚨 High-loss Sample 18:
📌 Prompt:
Write a function to find the nth octagonal number.
📌 Completion:
def is_octagonal(n): 
	return 3 * n * n - 2 * n
📉 Completion Loss: 3.4584

🚨 High-loss Sample 19:
📌 Prompt:
Write a python function to count the number of substrings with the sum of digits equal to their length.
📌 Completion:
from collections import defaultdict
def count_Substrings(s):
    n = len(s)
    count,sum = 0,0
    mp = defaultdict(lambda : 0)
    mp[0] += 1
    for i in range(n):
        sum += ord(s[i]) - ord('0')
        count += mp[sum - (i + 1)]
        mp[sum - (i + 1)] += 1
    return count
📉 Completion Loss: 10.3670

🚨 High-loss Sample 20:
📌 Prompt:
Write a python function to find smallest number in a list.
📌 Completion:
def smallest_num(xs):
  return min(xs)
📉 Completion Loss: 3.0873

🚨 High-loss Sample 21:
📌 Prompt:
Write a function to find the maximum difference between available pairs in the given tuple list.
📌 Completion:
def max_difference(test_list):
  temp = [abs(b - a) for a, b in test_list]
  res = max(temp)
  return (res)
📉 Completion Loss: 4.8057

🚨 High-loss Sample 22:
📌 Prompt:
Write a function to sort a list of tuples using the second value of each tuple.
📌 Completion:
def subject_marks(subjectmarks):
#subject_marks = [('English', 88), ('Science', 90), ('Maths', 97), ('Social sciences', 82)])
 subjectmarks.sort(key = lambda x: x[1])
 return subjectmarks
📉 Completion Loss: 5.6161

🚨 High-loss Sample 23:
📌 Prompt:
Write a function to flatten a list and sum all of its elements.
📌 Completion:
def recursive_list_sum(data_list):
	total = 0
	for element in data_list:
		if type(element) == type([]):
			total = total + recursive_list_sum(element)
		else:
			total = total + element
	return total
📉 Completion Loss: 6.3258
[Check] Prompt len: 15, Full len: 64
[Check] Prompt len: 17, Full len: 181
[Check] Prompt len: 17, Full len: 96
[Check] Prompt len: 16, Full len: 193
[Check] Prompt len: 17, Full len: 109
[Check] Prompt len: 10, Full len: 238
[Check] Prompt len: 22, Full len: 60
[Check] Prompt len: 16, Full len: 256

🚨 High-loss Sample 24:
📌 Prompt:
Write a python function to count the number of positive numbers in a list.
📌 Completion:
def pos_count(list):
  pos_count= 0
  for num in list: 
    if num >= 0: 
      pos_count += 1
  return pos_count
📉 Completion Loss: 3.8397

🚨 High-loss Sample 25:
📌 Prompt:
Write a function to find the number of ways to partition a set of Bell numbers.
📌 Completion:
def bell_number(n):   
    bell = [[0 for i in range(n+1)] for j in range(n+1)] 
    bell[0][0] = 1
    for i in range(1, n+1): 
        bell[i][0] = bell[i-1][i-1]  
        for j in range(1, i+1): 
            bell[i][j] = bell[i-1][j-1] + bell[i][j-1]   
    return bell[n][0]
📉 Completion Loss: 7.8201

🚨 High-loss Sample 26:
📌 Prompt:
Write a python function to check whether the given array is monotonic or not.
📌 Completion:
def is_Monotonic(A): 
    return (all(A[i] <= A[i + 1] for i in range(len(A) - 1)) or
            all(A[i] >= A[i + 1] for i in range(len(A) - 1)))
📉 Completion Loss: 5.0381

🚨 High-loss Sample 27:
📌 Prompt:
Write a function to check whether a list contains the given sublist or not.
📌 Completion:
def is_sublist(l, s):
	sub_set = False
	if s == []:
		sub_set = True
	elif s == l:
		sub_set = True
	elif len(s) > len(l):
		sub_set = False
	else:
		for i in range(len(l)):
			if l[i] == s[0]:
				n = 1
				while (n < len(s)) and (l[i+n] == s[n]):
					n += 1				
				if n == len(s):
					sub_set = True
	return sub_set
📉 Completion Loss: 8.1072

🚨 High-loss Sample 28:
📌 Prompt:
Write a function to find whether all the given tuples have equal length or not.
📌 Completion:
def find_equal_tuple(Input):
  k = 0 if not Input else len(Input[0])
  flag = 1
  for tuple in Input:
    if len(tuple) != k:
      flag = 0
      break
  return flag
def get_equal(Input):
  return find_equal_tuple(Input) == 1
📉 Completion Loss: 5.3276

🚨 High-loss Sample 29:
📌 Prompt:
Write a function to sort a list of elements.
📌 Completion:
def comb_sort(nums):
    shrink_fact = 1.3
    gaps = len(nums)
    swapped = True
    i = 0
    while gaps > 1 or swapped:
        gaps = int(float(gaps) / shrink_fact)
        swapped = False
        i = 0
        while gaps + i < len(nums):
            if nums[i] > nums[i+gaps]:
                nums[i], nums[i+gaps] = nums[i+gaps], nums[i]
                swapped = True
            i += 1
    return nums
📉 Completion Loss: 9.7548

🚨 High-loss Sample 30:
📌 Prompt:
Write a python function to check whether the given number can be represented as the difference of two squares or not.
📌 Completion:
def dif_Square(n): 
    if (n % 4 != 2): 
        return True
    return False
📉 Completion Loss: 3.5807

🚨 High-loss Sample 31:
📌 Prompt:
Write a function to check whether it follows the sequence given in the patterns array.
📌 Completion:
def is_samepatterns(colors, patterns):    
    if len(colors) != len(patterns):
        return False    
    sdict = {}
    pset = set()
    sset = set()    
    for i in range(len(patterns)):
        pset.add(patterns[i])
        sset.add(colors[i])
        if patterns[i] not in sdict.keys():
            sdict[patterns[i]] = []

        keys = sdict[patterns[i]]
        keys.append(colors[i])
        sdict[patterns[i]] = keys

    if len(pset) != len(sset):
        return False   

    for values in sdict.values():

        for i in range(len(values) - 1):
            if values[i] != values[i+1]:
                return False

    return True
📉 Completion Loss: 10.4485
[Check] Prompt len: 23, Full len: 64
[Check] Prompt len: 15, Full len: 35
[Check] Prompt len: 17, Full len: 111
[Check] Prompt len: 13, Full len: 42
[Check] Prompt len: 11, Full len: 43
[Check] Prompt len: 26, Full len: 156
[Check] Prompt len: 17, Full len: 68
[Check] Prompt len: 12, Full len: 43

🚨 High-loss Sample 32:
📌 Prompt:
Write a function to find tuples which have all elements divisible by k from the given list of tuples.
📌 Completion:
def find_tuples(test_list, K):
  res = [sub for sub in test_list if all(ele % K == 0 for ele in sub)]
  return res
📉 Completion Loss: 4.7523

🚨 High-loss Sample 33:
📌 Prompt:
Write a python function to find whether a number is divisible by 11.
📌 Completion:
def is_Diff(n): 
    return (n % 11 == 0)
📉 Completion Loss: 3.4068

🚨 High-loss Sample 34:
📌 Prompt:
Write a python function to check whether the length of the word is odd or not.
📌 Completion:
def word_len(s): 
    s = s.split(' ')   
    for word in s:    
        if len(word)%2!=0: 
            return True  
        else:
          return False
📉 Completion Loss: 7.6655

🚨 High-loss Sample 35:
📌 Prompt:
Write a function to find the nth tetrahedral number.
📌 Completion:
def tetrahedral_number(n): 
	return (n * (n + 1) * (n + 2)) / 6
📉 Completion Loss: 3.9450

🚨 High-loss Sample 36:
📌 Prompt:
Write a function to find the volume of a sphere.
📌 Completion:
import math
def volume_sphere(r):
  volume=(4/3)*math.pi*r*r*r
  return volume
📉 Completion Loss: 3.9913

🚨 High-loss Sample 37:
📌 Prompt:
Write a python function to find the character made by adding the ASCII value of all the characters of the given string modulo 26.
📌 Completion:
def get_Char(strr):  
    summ = 0
    for i in range(len(strr)): 
        summ += (ord(strr[i]) - ord('a') + 1)  
    if (summ % 26 == 0): 
        return ord('z') 
    else: 
        summ = summ % 26
        return chr(ord('a') + summ - 1)
📉 Completion Loss: 10.3669

🚨 High-loss Sample 38:
📌 Prompt:
Write a function to find the nth number in the newman conway sequence.
📌 Completion:
def sequence(n): 
	if n == 1 or n == 2: 
		return 1
	else: 
		return sequence(sequence(n-1)) + sequence(n-sequence(n-1))
📉 Completion Loss: 5.1153

🚨 High-loss Sample 39:
📌 Prompt:
Write a function to find the surface area of a sphere.
📌 Completion:
import math
def surfacearea_sphere(r):
  surfacearea=4*math.pi*r*r
  return surfacearea
📉 Completion Loss: 3.9349
[Check] Prompt len: 12, Full len: 36
[Check] Prompt len: 13, Full len: 70
[Check] Prompt len: 20, Full len: 53
[Check] Prompt len: 12, Full len: 27
[Check] Prompt len: 13, Full len: 84
[Check] Prompt len: 22, Full len: 66
[Check] Prompt len: 15, Full len: 92
[Check] Prompt len: 17, Full len: 80

🚨 High-loss Sample 40:
📌 Prompt:
Write a function to find nth centered hexagonal number.
📌 Completion:
def centered_hexagonal_number(n):
  return 3 * n * (n - 1) + 1
📉 Completion Loss: 4.7171

🚨 High-loss Sample 41:
📌 Prompt:
Write a function to merge three dictionaries into a single dictionary.
📌 Completion:
import collections as ct
def merge_dictionaries_three(dict1,dict2, dict3):
    merged_dict = dict(ct.ChainMap({},dict1,dict2,dict3))
    return merged_dict
📉 Completion Loss: 8.0187

🚨 High-loss Sample 42:
📌 Prompt:
Write a function to get the frequency of all the elements in a list, returned as a dictionary.
📌 Completion:
import collections
def freq_count(list1):
  freq_count= collections.Counter(list1)
  return freq_count
📉 Completion Loss: 5.7117

🚨 High-loss Sample 43:
📌 Prompt:
Write a function to find the closest smaller number than n.
📌 Completion:
def closest_num(N):
  return (N - 1)
📉 Completion Loss: 3.7877

🚨 High-loss Sample 44:
📌 Prompt:
Write a python function to find the length of the longest word.
📌 Completion:
def len_log(list1):
    max=len(list1[0])
    for i in list1:
        if len(i)>max:
            max=len(i)
    return max
📉 Completion Loss: 9.4087

🚨 High-loss Sample 45:
📌 Prompt:
Write a function to check if a string is present as a substring in a given list of string values.
📌 Completion:
def find_substring(str1, sub_str):
   if any(sub_str in s for s in str1):
       return True
   return False
📉 Completion Loss: 7.2335

🚨 High-loss Sample 46:
📌 Prompt:
Write a function to check whether the given number is undulating or not.
📌 Completion:
def is_undulating(n): 
	n = str(n)
	if (len(n) <= 2): 
		return False
	for i in range(2, len(n)): 
		if (n[i - 2] != n[i]): 
			return False
	return True
📉 Completion Loss: 10.0995

🚨 High-loss Sample 47:
📌 Prompt:
Write a function to calculate the value of 'a' to the power 'b'.
📌 Completion:
def power(a,b):
	if b==0:
		return 1
	elif a==0:
		return 0
	elif b==1:
		return a
	else:
		return a*power(a,b-1)
📉 Completion Loss: 8.6603
[Check] Prompt len: 24, Full len: 68
[Check] Prompt len: 18, Full len: 56

🚨 High-loss Sample 48:
📌 Prompt:
Given a list of tuples, write a function that returns the first value of the tuple with the smallest second value.
📌 Completion:
from operator import itemgetter 
def index_minimum(test_list):
  res = min(test_list, key = itemgetter(1))[0]
  return (res)
📉 Completion Loss: 10.3278

🚨 High-loss Sample 49:
📌 Prompt:
Write a python function to find the length of the smallest list in a list of lists.
📌 Completion:
def Find_Min_Length(lst):  
    minLength = min(len(x) for x in lst )
    return minLength
📉 Completion Loss: 8.4331
✅ Evaluation Complete. Final Avg Loss = 5.9982, Perplexity = 402.71
[Step 550] PPL(A2C) = 402.71 | AvgR = 0.4320
[Check] Prompt len: 14, Full len: 61
[Check] Prompt len: 11, Full len: 89
[Check] Prompt len: 21, Full len: 65
[Check] Prompt len: 19, Full len: 83
[Check] Prompt len: 18, Full len: 53
[Check] Prompt len: 13, Full len: 48
[Check] Prompt len: 25, Full len: 127
[Check] Prompt len: 18, Full len: 189

🚨 High-loss Sample 0:
📌 Prompt:
Write a function to find the shared elements from the given two lists.
📌 Completion:
def similar_elements(test_tup1, test_tup2):
  res = tuple(set(test_tup1) & set(test_tup2))
  return (res)
📉 Completion Loss: 4.2768

🚨 High-loss Sample 1:
📌 Prompt:
Write a python function to identify non-prime numbers.
📌 Completion:
import math
def is_not_prime(n):
    result = False
    for i in range(2,int(math.sqrt(n)) + 1):
        if n % i == 0:
            result = True
    return result
📉 Completion Loss: 5.5784

🚨 High-loss Sample 2:
📌 Prompt:
Write a function to find the n largest integers from a given list of numbers, returned in descending order.
📌 Completion:
import heapq as hq
def heap_queue_largest(nums,n):
  largest_nums = hq.nlargest(n, nums)
  return largest_nums
📉 Completion Loss: 4.1107

🚨 High-loss Sample 3:
📌 Prompt:
Write a python function to check whether the two numbers differ at one bit position only or not.
📌 Completion:
def is_Power_Of_Two (x): 
    return x and (not(x & (x - 1))) 
def differ_At_One_Bit_Pos(a,b): 
    return is_Power_Of_Two(a ^ b)
📉 Completion Loss: 5.1287

🚨 High-loss Sample 4:
📌 Prompt:
Write a function to find all words which are at least 4 characters long in a string.
📌 Completion:
import re
def find_char_long(text):
  return (re.findall(r"\b\w{4,}\b", text))
📉 Completion Loss: 3.6571

🚨 High-loss Sample 5:
📌 Prompt:
Write a function to find squares of individual elements in a list.
📌 Completion:
def square_nums(nums):
 square_nums = list(map(lambda x: x ** 2, nums))
 return square_nums
📉 Completion Loss: 3.6393

🚨 High-loss Sample 6:
📌 Prompt:
Write a python function to find the minimum number of rotations (greater than 0) required to get the same string.
📌 Completion:
def find_Rotations(str): 
    tmp = str + str
    n = len(str) 
    for i in range(1,n + 1): 
        substring = tmp[i: i+n] 
        if (str == substring): 
            return i 
    return n
📉 Completion Loss: 7.1610

🚨 High-loss Sample 7:
📌 Prompt:
Write a python function to remove first and last occurrence of a given character from the string.
📌 Completion:
def remove_Occ(s,ch): 
    for i in range(len(s)): 
        if (s[i] == ch): 
            s = s[0 : i] + s[i + 1:] 
            break
    for i in range(len(s) - 1,-1,-1):  
        if (s[i] == ch): 
            s = s[0 : i] + s[i + 1:] 
            break
    return s
📉 Completion Loss: 10.4120
[Check] Prompt len: 19, Full len: 47
[Check] Prompt len: 13, Full len: 41
[Check] Prompt len: 25, Full len: 129
[Check] Prompt len: 17, Full len: 36
[Check] Prompt len: 18, Full len: 256
[Check] Prompt len: 16, Full len: 65
[Check] Prompt len: 15, Full len: 114
[Check] Prompt len: 18, Full len: 124

🚨 High-loss Sample 8:
📌 Prompt:
Write a function to sort a given matrix in ascending order according to the sum of its rows.
📌 Completion:
def sort_matrix(M):
    result = sorted(M, key=sum)
    return result
📉 Completion Loss: 3.0067

🚨 High-loss Sample 9:
📌 Prompt:
Write a python function to find the volume of a triangular prism.
📌 Completion:
def find_Volume(l,b,h) : 
    return ((l * b * h) / 2)
📉 Completion Loss: 2.9969

🚨 High-loss Sample 10:
📌 Prompt:
Write a function to that returns true if the input string contains sequences of lowercase letters joined with an underscore and false otherwise.
📌 Completion:
import re
def text_lowercase_underscore(text):
        patterns = '^[a-z]+_[a-z]+$'
        if re.search(patterns,  text):
                return True
        else:
                return False
📉 Completion Loss: 5.7236

🚨 High-loss Sample 11:
📌 Prompt:
Write a function that returns the perimeter of a square given its side length as input.
📌 Completion:
def square_perimeter(a):
  perimeter=4*a
  return perimeter
📉 Completion Loss: 2.6769

🚨 High-loss Sample 12:
📌 Prompt:
Write a function to remove characters from the first string which are present in the second string.
📌 Completion:
NO_OF_CHARS = 256
def str_to_list(string): 
	temp = [] 
	for x in string: 
		temp.append(x) 
	return temp 
def lst_to_string(List): 
	return ''.join(List) 
def get_char_count_array(string): 
	count = [0] * NO_OF_CHARS 
	for i in string: 
		count[ord(i)] += 1
	return count 
def remove_dirty_chars(string, second_string): 
	count = get_char_count_array(second_string) 
	ip_ind = 0
	res_ind = 0
	temp = '' 
	str_list = str_to_list(string) 
	while ip_ind != len(str_list): 
		temp = str_list[ip_ind] 
		if count[ord(temp)] == 0: 
			str_list[res_ind] = str_list[ip_ind] 
			res_ind += 1
		ip_ind+=1
	return lst_to_string(str_list[0:res_ind])
📉 Completion Loss: 10.1576

🚨 High-loss Sample 13:
📌 Prompt:
Write a function to find whether a given array of integers contains any duplicate element.
📌 Completion:
def test_duplicate(arraynums):
    nums_set = set(arraynums)    
    return len(arraynums) != len(nums_set)
📉 Completion Loss: 3.7232

🚨 High-loss Sample 14:
📌 Prompt:
Write a function to check if the given number is woodball or not.
📌 Completion:
def is_woodall(x): 
	if (x % 2 == 0): 
		return False
	if (x == 1): 
		return True
	x = x + 1 
	p = 0
	while (x % 2 == 0): 
		x = x/2
		p = p + 1
		if (p == x): 
			return True
	return False
📉 Completion Loss: 5.3373

🚨 High-loss Sample 15:
📌 Prompt:
Write a python function to check if a given number is one less than twice its reverse.
📌 Completion:
def rev(num):    
    rev_num = 0
    while (num > 0):  
        rev_num = (rev_num * 10 + num % 10) 
        num = num // 10  
    return rev_num  
def check(n):    
    return (2 * rev(n) == n + 1)
📉 Completion Loss: 5.7197
[Check] Prompt len: 20, Full len: 105
[Check] Prompt len: 17, Full len: 41
[Check] Prompt len: 12, Full len: 33
[Check] Prompt len: 21, Full len: 155
[Check] Prompt len: 12, Full len: 26
[Check] Prompt len: 17, Full len: 61
[Check] Prompt len: 18, Full len: 75
[Check] Prompt len: 15, Full len: 87

🚨 High-loss Sample 16:
📌 Prompt:
Write a python function to find the largest number that can be formed with the given list of digits.
📌 Completion:
def find_Max_Num(arr) : 
    n = len(arr)
    arr.sort(reverse = True) 
    num = arr[0] 
    for i in range(1,n) : 
        num = num * 10 + arr[i] 
    return num
📉 Completion Loss: 7.1511

🚨 High-loss Sample 17:
📌 Prompt:
Write a python function to check whether the given two integers have opposite sign or not.
📌 Completion:
def opposite_Signs(x,y): 
    return ((x ^ y) < 0);
📉 Completion Loss: 3.4725

🚨 High-loss Sample 18:
📌 Prompt:
Write a function to find the nth octagonal number.
📌 Completion:
def is_octagonal(n): 
	return 3 * n * n - 2 * n
📉 Completion Loss: 3.2401

🚨 High-loss Sample 19:
📌 Prompt:
Write a python function to count the number of substrings with the sum of digits equal to their length.
📌 Completion:
from collections import defaultdict
def count_Substrings(s):
    n = len(s)
    count,sum = 0,0
    mp = defaultdict(lambda : 0)
    mp[0] += 1
    for i in range(n):
        sum += ord(s[i]) - ord('0')
        count += mp[sum - (i + 1)]
        mp[sum - (i + 1)] += 1
    return count
📉 Completion Loss: 10.3476

🚨 High-loss Sample 20:
📌 Prompt:
Write a python function to find smallest number in a list.
📌 Completion:
def smallest_num(xs):
  return min(xs)
📉 Completion Loss: 2.8545

🚨 High-loss Sample 21:
📌 Prompt:
Write a function to find the maximum difference between available pairs in the given tuple list.
📌 Completion:
def max_difference(test_list):
  temp = [abs(b - a) for a, b in test_list]
  res = max(temp)
  return (res)
📉 Completion Loss: 4.6272

🚨 High-loss Sample 22:
📌 Prompt:
Write a function to sort a list of tuples using the second value of each tuple.
📌 Completion:
def subject_marks(subjectmarks):
#subject_marks = [('English', 88), ('Science', 90), ('Maths', 97), ('Social sciences', 82)])
 subjectmarks.sort(key = lambda x: x[1])
 return subjectmarks
📉 Completion Loss: 5.4633

🚨 High-loss Sample 23:
📌 Prompt:
Write a function to flatten a list and sum all of its elements.
📌 Completion:
def recursive_list_sum(data_list):
	total = 0
	for element in data_list:
		if type(element) == type([]):
			total = total + recursive_list_sum(element)
		else:
			total = total + element
	return total
📉 Completion Loss: 6.1854
[Check] Prompt len: 15, Full len: 64
[Check] Prompt len: 17, Full len: 181
[Check] Prompt len: 17, Full len: 96
[Check] Prompt len: 16, Full len: 193
[Check] Prompt len: 17, Full len: 109
[Check] Prompt len: 10, Full len: 238
[Check] Prompt len: 22, Full len: 60
[Check] Prompt len: 16, Full len: 256

🚨 High-loss Sample 24:
📌 Prompt:
Write a python function to count the number of positive numbers in a list.
📌 Completion:
def pos_count(list):
  pos_count= 0
  for num in list: 
    if num >= 0: 
      pos_count += 1
  return pos_count
📉 Completion Loss: 3.6238

🚨 High-loss Sample 25:
📌 Prompt:
Write a function to find the number of ways to partition a set of Bell numbers.
📌 Completion:
def bell_number(n):   
    bell = [[0 for i in range(n+1)] for j in range(n+1)] 
    bell[0][0] = 1
    for i in range(1, n+1): 
        bell[i][0] = bell[i-1][i-1]  
        for j in range(1, i+1): 
            bell[i][j] = bell[i-1][j-1] + bell[i][j-1]   
    return bell[n][0]
📉 Completion Loss: 7.7135

🚨 High-loss Sample 26:
📌 Prompt:
Write a python function to check whether the given array is monotonic or not.
📌 Completion:
def is_Monotonic(A): 
    return (all(A[i] <= A[i + 1] for i in range(len(A) - 1)) or
            all(A[i] >= A[i + 1] for i in range(len(A) - 1)))
📉 Completion Loss: 4.8437

🚨 High-loss Sample 27:
📌 Prompt:
Write a function to check whether a list contains the given sublist or not.
📌 Completion:
def is_sublist(l, s):
	sub_set = False
	if s == []:
		sub_set = True
	elif s == l:
		sub_set = True
	elif len(s) > len(l):
		sub_set = False
	else:
		for i in range(len(l)):
			if l[i] == s[0]:
				n = 1
				while (n < len(s)) and (l[i+n] == s[n]):
					n += 1				
				if n == len(s):
					sub_set = True
	return sub_set
📉 Completion Loss: 8.0215

🚨 High-loss Sample 28:
📌 Prompt:
Write a function to find whether all the given tuples have equal length or not.
📌 Completion:
def find_equal_tuple(Input):
  k = 0 if not Input else len(Input[0])
  flag = 1
  for tuple in Input:
    if len(tuple) != k:
      flag = 0
      break
  return flag
def get_equal(Input):
  return find_equal_tuple(Input) == 1
📉 Completion Loss: 5.1290

🚨 High-loss Sample 29:
📌 Prompt:
Write a function to sort a list of elements.
📌 Completion:
def comb_sort(nums):
    shrink_fact = 1.3
    gaps = len(nums)
    swapped = True
    i = 0
    while gaps > 1 or swapped:
        gaps = int(float(gaps) / shrink_fact)
        swapped = False
        i = 0
        while gaps + i < len(nums):
            if nums[i] > nums[i+gaps]:
                nums[i], nums[i+gaps] = nums[i+gaps], nums[i]
                swapped = True
            i += 1
    return nums
📉 Completion Loss: 9.7027

🚨 High-loss Sample 30:
📌 Prompt:
Write a python function to check whether the given number can be represented as the difference of two squares or not.
📌 Completion:
def dif_Square(n): 
    if (n % 4 != 2): 
        return True
    return False
📉 Completion Loss: 3.3515

🚨 High-loss Sample 31:
📌 Prompt:
Write a function to check whether it follows the sequence given in the patterns array.
📌 Completion:
def is_samepatterns(colors, patterns):    
    if len(colors) != len(patterns):
        return False    
    sdict = {}
    pset = set()
    sset = set()    
    for i in range(len(patterns)):
        pset.add(patterns[i])
        sset.add(colors[i])
        if patterns[i] not in sdict.keys():
            sdict[patterns[i]] = []

        keys = sdict[patterns[i]]
        keys.append(colors[i])
        sdict[patterns[i]] = keys

    if len(pset) != len(sset):
        return False   

    for values in sdict.values():

        for i in range(len(values) - 1):
            if values[i] != values[i+1]:
                return False

    return True
📉 Completion Loss: 10.4087
[Check] Prompt len: 23, Full len: 64
[Check] Prompt len: 15, Full len: 35
[Check] Prompt len: 17, Full len: 111
[Check] Prompt len: 13, Full len: 42
[Check] Prompt len: 11, Full len: 43
[Check] Prompt len: 26, Full len: 156
[Check] Prompt len: 17, Full len: 68
[Check] Prompt len: 12, Full len: 43

🚨 High-loss Sample 32:
📌 Prompt:
Write a function to find tuples which have all elements divisible by k from the given list of tuples.
📌 Completion:
def find_tuples(test_list, K):
  res = [sub for sub in test_list if all(ele % K == 0 for ele in sub)]
  return res
📉 Completion Loss: 4.5770

🚨 High-loss Sample 33:
📌 Prompt:
Write a python function to find whether a number is divisible by 11.
📌 Completion:
def is_Diff(n): 
    return (n % 11 == 0)
📉 Completion Loss: 3.1803

🚨 High-loss Sample 34:
📌 Prompt:
Write a python function to check whether the length of the word is odd or not.
📌 Completion:
def word_len(s): 
    s = s.split(' ')   
    for word in s:    
        if len(word)%2!=0: 
            return True  
        else:
          return False
📉 Completion Loss: 7.5336

🚨 High-loss Sample 35:
📌 Prompt:
Write a function to find the nth tetrahedral number.
📌 Completion:
def tetrahedral_number(n): 
	return (n * (n + 1) * (n + 2)) / 6
📉 Completion Loss: 3.7433

🚨 High-loss Sample 36:
📌 Prompt:
Write a function to find the volume of a sphere.
📌 Completion:
import math
def volume_sphere(r):
  volume=(4/3)*math.pi*r*r*r
  return volume
📉 Completion Loss: 3.7853

🚨 High-loss Sample 37:
📌 Prompt:
Write a python function to find the character made by adding the ASCII value of all the characters of the given string modulo 26.
📌 Completion:
def get_Char(strr):  
    summ = 0
    for i in range(len(strr)): 
        summ += (ord(strr[i]) - ord('a') + 1)  
    if (summ % 26 == 0): 
        return ord('z') 
    else: 
        summ = summ % 26
        return chr(ord('a') + summ - 1)
📉 Completion Loss: 10.3104

🚨 High-loss Sample 38:
📌 Prompt:
Write a function to find the nth number in the newman conway sequence.
📌 Completion:
def sequence(n): 
	if n == 1 or n == 2: 
		return 1
	else: 
		return sequence(sequence(n-1)) + sequence(n-sequence(n-1))
📉 Completion Loss: 4.9380

🚨 High-loss Sample 39:
📌 Prompt:
Write a function to find the surface area of a sphere.
📌 Completion:
import math
def surfacearea_sphere(r):
  surfacearea=4*math.pi*r*r
  return surfacearea
📉 Completion Loss: 3.7316
[Check] Prompt len: 12, Full len: 36
[Check] Prompt len: 13, Full len: 70
[Check] Prompt len: 20, Full len: 53
[Check] Prompt len: 12, Full len: 27
[Check] Prompt len: 13, Full len: 84
[Check] Prompt len: 22, Full len: 66
[Check] Prompt len: 15, Full len: 92
[Check] Prompt len: 17, Full len: 80

🚨 High-loss Sample 40:
📌 Prompt:
Write a function to find nth centered hexagonal number.
📌 Completion:
def centered_hexagonal_number(n):
  return 3 * n * (n - 1) + 1
📉 Completion Loss: 4.5413

🚨 High-loss Sample 41:
📌 Prompt:
Write a function to merge three dictionaries into a single dictionary.
📌 Completion:
import collections as ct
def merge_dictionaries_three(dict1,dict2, dict3):
    merged_dict = dict(ct.ChainMap({},dict1,dict2,dict3))
    return merged_dict
📉 Completion Loss: 7.9429

🚨 High-loss Sample 42:
📌 Prompt:
Write a function to get the frequency of all the elements in a list, returned as a dictionary.
📌 Completion:
import collections
def freq_count(list1):
  freq_count= collections.Counter(list1)
  return freq_count
📉 Completion Loss: 5.5900

🚨 High-loss Sample 43:
📌 Prompt:
Write a function to find the closest smaller number than n.
📌 Completion:
def closest_num(N):
  return (N - 1)
📉 Completion Loss: 3.5726

🚨 High-loss Sample 44:
📌 Prompt:
Write a python function to find the length of the longest word.
📌 Completion:
def len_log(list1):
    max=len(list1[0])
    for i in list1:
        if len(i)>max:
            max=len(i)
    return max
📉 Completion Loss: 9.3148

🚨 High-loss Sample 45:
📌 Prompt:
Write a function to check if a string is present as a substring in a given list of string values.
📌 Completion:
def find_substring(str1, sub_str):
   if any(sub_str in s for s in str1):
       return True
   return False
📉 Completion Loss: 7.1243

🚨 High-loss Sample 46:
📌 Prompt:
Write a function to check whether the given number is undulating or not.
📌 Completion:
def is_undulating(n): 
	n = str(n)
	if (len(n) <= 2): 
		return False
	for i in range(2, len(n)): 
		if (n[i - 2] != n[i]): 
			return False
	return True
📉 Completion Loss: 10.0695

🚨 High-loss Sample 47:
📌 Prompt:
Write a function to calculate the value of 'a' to the power 'b'.
📌 Completion:
def power(a,b):
	if b==0:
		return 1
	elif a==0:
		return 0
	elif b==1:
		return a
	else:
		return a*power(a,b-1)
📉 Completion Loss: 8.5581
[Check] Prompt len: 24, Full len: 68
[Check] Prompt len: 18, Full len: 56

🚨 High-loss Sample 48:
📌 Prompt:
Given a list of tuples, write a function that returns the first value of the tuple with the smallest second value.
📌 Completion:
from operator import itemgetter 
def index_minimum(test_list):
  res = min(test_list, key = itemgetter(1))[0]
  return (res)
📉 Completion Loss: 10.3169

🚨 High-loss Sample 49:
📌 Prompt:
Write a python function to find the length of the smallest list in a list of lists.
📌 Completion:
def Find_Min_Length(lst):  
    minLength = min(len(x) for x in lst )
    return minLength
📉 Completion Loss: 8.3591
✅ Evaluation Complete. Final Avg Loss = 5.8500, Perplexity = 347.23
[Step 600] PPL(A2C) = 347.23 | AvgR = 0.4529
[Check] Prompt len: 14, Full len: 61
[Check] Prompt len: 11, Full len: 89
[Check] Prompt len: 21, Full len: 65
[Check] Prompt len: 19, Full len: 83
[Check] Prompt len: 18, Full len: 53
[Check] Prompt len: 13, Full len: 48
[Check] Prompt len: 25, Full len: 127
[Check] Prompt len: 18, Full len: 189

🚨 High-loss Sample 0:
📌 Prompt:
Write a function to find the shared elements from the given two lists.
📌 Completion:
def similar_elements(test_tup1, test_tup2):
  res = tuple(set(test_tup1) & set(test_tup2))
  return (res)
📉 Completion Loss: 4.1358

🚨 High-loss Sample 1:
📌 Prompt:
Write a python function to identify non-prime numbers.
📌 Completion:
import math
def is_not_prime(n):
    result = False
    for i in range(2,int(math.sqrt(n)) + 1):
        if n % i == 0:
            result = True
    return result
📉 Completion Loss: 5.4584

🚨 High-loss Sample 2:
📌 Prompt:
Write a function to find the n largest integers from a given list of numbers, returned in descending order.
📌 Completion:
import heapq as hq
def heap_queue_largest(nums,n):
  largest_nums = hq.nlargest(n, nums)
  return largest_nums
📉 Completion Loss: 3.9820

🚨 High-loss Sample 3:
📌 Prompt:
Write a python function to check whether the two numbers differ at one bit position only or not.
📌 Completion:
def is_Power_Of_Two (x): 
    return x and (not(x & (x - 1))) 
def differ_At_One_Bit_Pos(a,b): 
    return is_Power_Of_Two(a ^ b)
📉 Completion Loss: 5.0159

🚨 High-loss Sample 4:
📌 Prompt:
Write a function to find all words which are at least 4 characters long in a string.
📌 Completion:
import re
def find_char_long(text):
  return (re.findall(r"\b\w{4,}\b", text))
📉 Completion Loss: 3.5167

🚨 High-loss Sample 5:
📌 Prompt:
Write a function to find squares of individual elements in a list.
📌 Completion:
def square_nums(nums):
 square_nums = list(map(lambda x: x ** 2, nums))
 return square_nums
📉 Completion Loss: 3.4928

🚨 High-loss Sample 6:
📌 Prompt:
Write a python function to find the minimum number of rotations (greater than 0) required to get the same string.
📌 Completion:
def find_Rotations(str): 
    tmp = str + str
    n = len(str) 
    for i in range(1,n + 1): 
        substring = tmp[i: i+n] 
        if (str == substring): 
            return i 
    return n
📉 Completion Loss: 7.0576

🚨 High-loss Sample 7:
📌 Prompt:
Write a python function to remove first and last occurrence of a given character from the string.
📌 Completion:
def remove_Occ(s,ch): 
    for i in range(len(s)): 
        if (s[i] == ch): 
            s = s[0 : i] + s[i + 1:] 
            break
    for i in range(len(s) - 1,-1,-1):  
        if (s[i] == ch): 
            s = s[0 : i] + s[i + 1:] 
            break
    return s
📉 Completion Loss: 10.3334
[Check] Prompt len: 19, Full len: 47
[Check] Prompt len: 13, Full len: 41
[Check] Prompt len: 25, Full len: 129
[Check] Prompt len: 17, Full len: 36
[Check] Prompt len: 18, Full len: 256
[Check] Prompt len: 16, Full len: 65
[Check] Prompt len: 15, Full len: 114
[Check] Prompt len: 18, Full len: 124

🚨 High-loss Sample 8:
📌 Prompt:
Write a function to sort a given matrix in ascending order according to the sum of its rows.
📌 Completion:
def sort_matrix(M):
    result = sorted(M, key=sum)
    return result
📉 Completion Loss: 2.8527

🚨 High-loss Sample 9:
📌 Prompt:
Write a python function to find the volume of a triangular prism.
📌 Completion:
def find_Volume(l,b,h) : 
    return ((l * b * h) / 2)
📉 Completion Loss: 2.8455

🚨 High-loss Sample 10:
📌 Prompt:
Write a function to that returns true if the input string contains sequences of lowercase letters joined with an underscore and false otherwise.
📌 Completion:
import re
def text_lowercase_underscore(text):
        patterns = '^[a-z]+_[a-z]+$'
        if re.search(patterns,  text):
                return True
        else:
                return False
📉 Completion Loss: 5.6151

🚨 High-loss Sample 11:
📌 Prompt:
Write a function that returns the perimeter of a square given its side length as input.
📌 Completion:
def square_perimeter(a):
  perimeter=4*a
  return perimeter
📉 Completion Loss: 2.5165

🚨 High-loss Sample 12:
📌 Prompt:
Write a function to remove characters from the first string which are present in the second string.
📌 Completion:
NO_OF_CHARS = 256
def str_to_list(string): 
	temp = [] 
	for x in string: 
		temp.append(x) 
	return temp 
def lst_to_string(List): 
	return ''.join(List) 
def get_char_count_array(string): 
	count = [0] * NO_OF_CHARS 
	for i in string: 
		count[ord(i)] += 1
	return count 
def remove_dirty_chars(string, second_string): 
	count = get_char_count_array(second_string) 
	ip_ind = 0
	res_ind = 0
	temp = '' 
	str_list = str_to_list(string) 
	while ip_ind != len(str_list): 
		temp = str_list[ip_ind] 
		if count[ord(temp)] == 0: 
			str_list[res_ind] = str_list[ip_ind] 
			res_ind += 1
		ip_ind+=1
	return lst_to_string(str_list[0:res_ind])
📉 Completion Loss: 10.0984

🚨 High-loss Sample 13:
📌 Prompt:
Write a function to find whether a given array of integers contains any duplicate element.
📌 Completion:
def test_duplicate(arraynums):
    nums_set = set(arraynums)    
    return len(arraynums) != len(nums_set)
📉 Completion Loss: 3.5924

🚨 High-loss Sample 14:
📌 Prompt:
Write a function to check if the given number is woodball or not.
📌 Completion:
def is_woodall(x): 
	if (x % 2 == 0): 
		return False
	if (x == 1): 
		return True
	x = x + 1 
	p = 0
	while (x % 2 == 0): 
		x = x/2
		p = p + 1
		if (p == x): 
			return True
	return False
📉 Completion Loss: 5.2045

🚨 High-loss Sample 15:
📌 Prompt:
Write a python function to check if a given number is one less than twice its reverse.
📌 Completion:
def rev(num):    
    rev_num = 0
    while (num > 0):  
        rev_num = (rev_num * 10 + num % 10) 
        num = num // 10  
    return rev_num  
def check(n):    
    return (2 * rev(n) == n + 1)
📉 Completion Loss: 5.5942
[Check] Prompt len: 20, Full len: 105
[Check] Prompt len: 17, Full len: 41
[Check] Prompt len: 12, Full len: 33
[Check] Prompt len: 21, Full len: 155
[Check] Prompt len: 12, Full len: 26
[Check] Prompt len: 17, Full len: 61
[Check] Prompt len: 18, Full len: 75
[Check] Prompt len: 15, Full len: 87

🚨 High-loss Sample 16:
📌 Prompt:
Write a python function to find the largest number that can be formed with the given list of digits.
📌 Completion:
def find_Max_Num(arr) : 
    n = len(arr)
    arr.sort(reverse = True) 
    num = arr[0] 
    for i in range(1,n) : 
        num = num * 10 + arr[i] 
    return num
📉 Completion Loss: 7.0845

🚨 High-loss Sample 17:
📌 Prompt:
Write a python function to check whether the given two integers have opposite sign or not.
📌 Completion:
def opposite_Signs(x,y): 
    return ((x ^ y) < 0);
📉 Completion Loss: 3.3202

🚨 High-loss Sample 18:
📌 Prompt:
Write a function to find the nth octagonal number.
📌 Completion:
def is_octagonal(n): 
	return 3 * n * n - 2 * n
📉 Completion Loss: 3.0905

🚨 High-loss Sample 19:
📌 Prompt:
Write a python function to count the number of substrings with the sum of digits equal to their length.
📌 Completion:
from collections import defaultdict
def count_Substrings(s):
    n = len(s)
    count,sum = 0,0
    mp = defaultdict(lambda : 0)
    mp[0] += 1
    for i in range(n):
        sum += ord(s[i]) - ord('0')
        count += mp[sum - (i + 1)]
        mp[sum - (i + 1)] += 1
    return count
📉 Completion Loss: 10.2491

🚨 High-loss Sample 20:
📌 Prompt:
Write a python function to find smallest number in a list.
📌 Completion:
def smallest_num(xs):
  return min(xs)
📉 Completion Loss: 2.6893

🚨 High-loss Sample 21:
📌 Prompt:
Write a function to find the maximum difference between available pairs in the given tuple list.
📌 Completion:
def max_difference(test_list):
  temp = [abs(b - a) for a, b in test_list]
  res = max(temp)
  return (res)
📉 Completion Loss: 4.5005

🚨 High-loss Sample 22:
📌 Prompt:
Write a function to sort a list of tuples using the second value of each tuple.
📌 Completion:
def subject_marks(subjectmarks):
#subject_marks = [('English', 88), ('Science', 90), ('Maths', 97), ('Social sciences', 82)])
 subjectmarks.sort(key = lambda x: x[1])
 return subjectmarks
📉 Completion Loss: 5.3412

🚨 High-loss Sample 23:
📌 Prompt:
Write a function to flatten a list and sum all of its elements.
📌 Completion:
def recursive_list_sum(data_list):
	total = 0
	for element in data_list:
		if type(element) == type([]):
			total = total + recursive_list_sum(element)
		else:
			total = total + element
	return total
📉 Completion Loss: 6.0871
[Check] Prompt len: 15, Full len: 64
[Check] Prompt len: 17, Full len: 181
[Check] Prompt len: 17, Full len: 96
[Check] Prompt len: 16, Full len: 193
[Check] Prompt len: 17, Full len: 109
[Check] Prompt len: 10, Full len: 238
[Check] Prompt len: 22, Full len: 60
[Check] Prompt len: 16, Full len: 256

🚨 High-loss Sample 24:
📌 Prompt:
Write a python function to count the number of positive numbers in a list.
📌 Completion:
def pos_count(list):
  pos_count= 0
  for num in list: 
    if num >= 0: 
      pos_count += 1
  return pos_count
📉 Completion Loss: 3.4924

🚨 High-loss Sample 25:
📌 Prompt:
Write a function to find the number of ways to partition a set of Bell numbers.
📌 Completion:
def bell_number(n):   
    bell = [[0 for i in range(n+1)] for j in range(n+1)] 
    bell[0][0] = 1
    for i in range(1, n+1): 
        bell[i][0] = bell[i-1][i-1]  
        for j in range(1, i+1): 
            bell[i][j] = bell[i-1][j-1] + bell[i][j-1]   
    return bell[n][0]
📉 Completion Loss: 7.6475

🚨 High-loss Sample 26:
📌 Prompt:
Write a python function to check whether the given array is monotonic or not.
📌 Completion:
def is_Monotonic(A): 
    return (all(A[i] <= A[i + 1] for i in range(len(A) - 1)) or
            all(A[i] >= A[i + 1] for i in range(len(A) - 1)))
📉 Completion Loss: 4.7144

🚨 High-loss Sample 27:
📌 Prompt:
Write a function to check whether a list contains the given sublist or not.
📌 Completion:
def is_sublist(l, s):
	sub_set = False
	if s == []:
		sub_set = True
	elif s == l:
		sub_set = True
	elif len(s) > len(l):
		sub_set = False
	else:
		for i in range(len(l)):
			if l[i] == s[0]:
				n = 1
				while (n < len(s)) and (l[i+n] == s[n]):
					n += 1				
				if n == len(s):
					sub_set = True
	return sub_set
📉 Completion Loss: 7.9520

🚨 High-loss Sample 28:
📌 Prompt:
Write a function to find whether all the given tuples have equal length or not.
📌 Completion:
def find_equal_tuple(Input):
  k = 0 if not Input else len(Input[0])
  flag = 1
  for tuple in Input:
    if len(tuple) != k:
      flag = 0
      break
  return flag
def get_equal(Input):
  return find_equal_tuple(Input) == 1
📉 Completion Loss: 4.9952

🚨 High-loss Sample 29:
📌 Prompt:
Write a function to sort a list of elements.
📌 Completion:
def comb_sort(nums):
    shrink_fact = 1.3
    gaps = len(nums)
    swapped = True
    i = 0
    while gaps > 1 or swapped:
        gaps = int(float(gaps) / shrink_fact)
        swapped = False
        i = 0
        while gaps + i < len(nums):
            if nums[i] > nums[i+gaps]:
                nums[i], nums[i+gaps] = nums[i+gaps], nums[i]
                swapped = True
            i += 1
    return nums
📉 Completion Loss: 9.6176

🚨 High-loss Sample 30:
📌 Prompt:
Write a python function to check whether the given number can be represented as the difference of two squares or not.
📌 Completion:
def dif_Square(n): 
    if (n % 4 != 2): 
        return True
    return False
📉 Completion Loss: 3.2088

🚨 High-loss Sample 31:
📌 Prompt:
Write a function to check whether it follows the sequence given in the patterns array.
📌 Completion:
def is_samepatterns(colors, patterns):    
    if len(colors) != len(patterns):
        return False    
    sdict = {}
    pset = set()
    sset = set()    
    for i in range(len(patterns)):
        pset.add(patterns[i])
        sset.add(colors[i])
        if patterns[i] not in sdict.keys():
            sdict[patterns[i]] = []

        keys = sdict[patterns[i]]
        keys.append(colors[i])
        sdict[patterns[i]] = keys

    if len(pset) != len(sset):
        return False   

    for values in sdict.values():

        for i in range(len(values) - 1):
            if values[i] != values[i+1]:
                return False

    return True
📉 Completion Loss: 10.3245
[Check] Prompt len: 23, Full len: 64
[Check] Prompt len: 15, Full len: 35
[Check] Prompt len: 17, Full len: 111
[Check] Prompt len: 13, Full len: 42
[Check] Prompt len: 11, Full len: 43
[Check] Prompt len: 26, Full len: 156
[Check] Prompt len: 17, Full len: 68
[Check] Prompt len: 12, Full len: 43

🚨 High-loss Sample 32:
📌 Prompt:
Write a function to find tuples which have all elements divisible by k from the given list of tuples.
📌 Completion:
def find_tuples(test_list, K):
  res = [sub for sub in test_list if all(ele % K == 0 for ele in sub)]
  return res
📉 Completion Loss: 4.4434

🚨 High-loss Sample 33:
📌 Prompt:
Write a python function to find whether a number is divisible by 11.
📌 Completion:
def is_Diff(n): 
    return (n % 11 == 0)
📉 Completion Loss: 3.0301

🚨 High-loss Sample 34:
📌 Prompt:
Write a python function to check whether the length of the word is odd or not.
📌 Completion:
def word_len(s): 
    s = s.split(' ')   
    for word in s:    
        if len(word)%2!=0: 
            return True  
        else:
          return False
📉 Completion Loss: 7.4947

🚨 High-loss Sample 35:
📌 Prompt:
Write a function to find the nth tetrahedral number.
📌 Completion:
def tetrahedral_number(n): 
	return (n * (n + 1) * (n + 2)) / 6
📉 Completion Loss: 3.5980

🚨 High-loss Sample 36:
📌 Prompt:
Write a function to find the volume of a sphere.
📌 Completion:
import math
def volume_sphere(r):
  volume=(4/3)*math.pi*r*r*r
  return volume
📉 Completion Loss: 3.6324

🚨 High-loss Sample 37:
📌 Prompt:
Write a python function to find the character made by adding the ASCII value of all the characters of the given string modulo 26.
📌 Completion:
def get_Char(strr):  
    summ = 0
    for i in range(len(strr)): 
        summ += (ord(strr[i]) - ord('a') + 1)  
    if (summ % 26 == 0): 
        return ord('z') 
    else: 
        summ = summ % 26
        return chr(ord('a') + summ - 1)
📉 Completion Loss: 10.2422

🚨 High-loss Sample 38:
📌 Prompt:
Write a function to find the nth number in the newman conway sequence.
📌 Completion:
def sequence(n): 
	if n == 1 or n == 2: 
		return 1
	else: 
		return sequence(sequence(n-1)) + sequence(n-sequence(n-1))
📉 Completion Loss: 4.8473

🚨 High-loss Sample 39:
📌 Prompt:
Write a function to find the surface area of a sphere.
📌 Completion:
import math
def surfacearea_sphere(r):
  surfacearea=4*math.pi*r*r
  return surfacearea
📉 Completion Loss: 3.5812
[Check] Prompt len: 12, Full len: 36
[Check] Prompt len: 13, Full len: 70
[Check] Prompt len: 20, Full len: 53
[Check] Prompt len: 12, Full len: 27
[Check] Prompt len: 13, Full len: 84
[Check] Prompt len: 22, Full len: 66
[Check] Prompt len: 15, Full len: 92
[Check] Prompt len: 17, Full len: 80

🚨 High-loss Sample 40:
📌 Prompt:
Write a function to find nth centered hexagonal number.
📌 Completion:
def centered_hexagonal_number(n):
  return 3 * n * (n - 1) + 1
📉 Completion Loss: 4.3948

🚨 High-loss Sample 41:
📌 Prompt:
Write a function to merge three dictionaries into a single dictionary.
📌 Completion:
import collections as ct
def merge_dictionaries_three(dict1,dict2, dict3):
    merged_dict = dict(ct.ChainMap({},dict1,dict2,dict3))
    return merged_dict
📉 Completion Loss: 7.8147

🚨 High-loss Sample 42:
📌 Prompt:
Write a function to get the frequency of all the elements in a list, returned as a dictionary.
📌 Completion:
import collections
def freq_count(list1):
  freq_count= collections.Counter(list1)
  return freq_count
📉 Completion Loss: 5.5055

🚨 High-loss Sample 43:
📌 Prompt:
Write a function to find the closest smaller number than n.
📌 Completion:
def closest_num(N):
  return (N - 1)
📉 Completion Loss: 3.4251

🚨 High-loss Sample 44:
📌 Prompt:
Write a python function to find the length of the longest word.
📌 Completion:
def len_log(list1):
    max=len(list1[0])
    for i in list1:
        if len(i)>max:
            max=len(i)
    return max
📉 Completion Loss: 9.3027

🚨 High-loss Sample 45:
📌 Prompt:
Write a function to check if a string is present as a substring in a given list of string values.
📌 Completion:
def find_substring(str1, sub_str):
   if any(sub_str in s for s in str1):
       return True
   return False
📉 Completion Loss: 7.0821

🚨 High-loss Sample 46:
📌 Prompt:
Write a function to check whether the given number is undulating or not.
📌 Completion:
def is_undulating(n): 
	n = str(n)
	if (len(n) <= 2): 
		return False
	for i in range(2, len(n)): 
		if (n[i - 2] != n[i]): 
			return False
	return True
📉 Completion Loss: 10.1033

🚨 High-loss Sample 47:
📌 Prompt:
Write a function to calculate the value of 'a' to the power 'b'.
📌 Completion:
def power(a,b):
	if b==0:
		return 1
	elif a==0:
		return 0
	elif b==1:
		return a
	else:
		return a*power(a,b-1)
📉 Completion Loss: 8.5469
[Check] Prompt len: 24, Full len: 68
[Check] Prompt len: 18, Full len: 56

🚨 High-loss Sample 48:
📌 Prompt:
Given a list of tuples, write a function that returns the first value of the tuple with the smallest second value.
📌 Completion:
from operator import itemgetter 
def index_minimum(test_list):
  res = min(test_list, key = itemgetter(1))[0]
  return (res)
📉 Completion Loss: 10.2648

🚨 High-loss Sample 49:
📌 Prompt:
Write a python function to find the length of the smallest list in a list of lists.
📌 Completion:
def Find_Min_Length(lst):  
    minLength = min(len(x) for x in lst )
    return minLength
📉 Completion Loss: 8.2845
✅ Evaluation Complete. Final Avg Loss = 5.7748, Perplexity = 322.09
[Step 650] PPL(A2C) = 322.09 | AvgR = 0.4240
[Check] Prompt len: 14, Full len: 61
[Check] Prompt len: 11, Full len: 89
[Check] Prompt len: 21, Full len: 65
[Check] Prompt len: 19, Full len: 83
[Check] Prompt len: 18, Full len: 53
[Check] Prompt len: 13, Full len: 48
[Check] Prompt len: 25, Full len: 127
[Check] Prompt len: 18, Full len: 189

🚨 High-loss Sample 0:
📌 Prompt:
Write a function to find the shared elements from the given two lists.
📌 Completion:
def similar_elements(test_tup1, test_tup2):
  res = tuple(set(test_tup1) & set(test_tup2))
  return (res)
📉 Completion Loss: 3.9927

🚨 High-loss Sample 1:
📌 Prompt:
Write a python function to identify non-prime numbers.
📌 Completion:
import math
def is_not_prime(n):
    result = False
    for i in range(2,int(math.sqrt(n)) + 1):
        if n % i == 0:
            result = True
    return result
📉 Completion Loss: 5.3842

🚨 High-loss Sample 2:
📌 Prompt:
Write a function to find the n largest integers from a given list of numbers, returned in descending order.
📌 Completion:
import heapq as hq
def heap_queue_largest(nums,n):
  largest_nums = hq.nlargest(n, nums)
  return largest_nums
📉 Completion Loss: 3.8540

🚨 High-loss Sample 3:
📌 Prompt:
Write a python function to check whether the two numbers differ at one bit position only or not.
📌 Completion:
def is_Power_Of_Two (x): 
    return x and (not(x & (x - 1))) 
def differ_At_One_Bit_Pos(a,b): 
    return is_Power_Of_Two(a ^ b)
📉 Completion Loss: 4.9037

🚨 High-loss Sample 4:
📌 Prompt:
Write a function to find all words which are at least 4 characters long in a string.
📌 Completion:
import re
def find_char_long(text):
  return (re.findall(r"\b\w{4,}\b", text))
📉 Completion Loss: 3.3754

🚨 High-loss Sample 5:
📌 Prompt:
Write a function to find squares of individual elements in a list.
📌 Completion:
def square_nums(nums):
 square_nums = list(map(lambda x: x ** 2, nums))
 return square_nums
📉 Completion Loss: 3.3369

🚨 High-loss Sample 6:
📌 Prompt:
Write a python function to find the minimum number of rotations (greater than 0) required to get the same string.
📌 Completion:
def find_Rotations(str): 
    tmp = str + str
    n = len(str) 
    for i in range(1,n + 1): 
        substring = tmp[i: i+n] 
        if (str == substring): 
            return i 
    return n
📉 Completion Loss: 7.0358

🚨 High-loss Sample 7:
📌 Prompt:
Write a python function to remove first and last occurrence of a given character from the string.
📌 Completion:
def remove_Occ(s,ch): 
    for i in range(len(s)): 
        if (s[i] == ch): 
            s = s[0 : i] + s[i + 1:] 
            break
    for i in range(len(s) - 1,-1,-1):  
        if (s[i] == ch): 
            s = s[0 : i] + s[i + 1:] 
            break
    return s
📉 Completion Loss: 10.3965
[Check] Prompt len: 19, Full len: 47
[Check] Prompt len: 13, Full len: 41
[Check] Prompt len: 25, Full len: 129
[Check] Prompt len: 17, Full len: 36
[Check] Prompt len: 18, Full len: 256
[Check] Prompt len: 16, Full len: 65
[Check] Prompt len: 15, Full len: 114
[Check] Prompt len: 18, Full len: 124

🚨 High-loss Sample 8:
📌 Prompt:
Write a function to sort a given matrix in ascending order according to the sum of its rows.
📌 Completion:
def sort_matrix(M):
    result = sorted(M, key=sum)
    return result
📉 Completion Loss: 2.6913

🚨 High-loss Sample 9:
📌 Prompt:
Write a python function to find the volume of a triangular prism.
📌 Completion:
def find_Volume(l,b,h) : 
    return ((l * b * h) / 2)
📉 Completion Loss: 2.6813

🚨 High-loss Sample 10:
📌 Prompt:
Write a function to that returns true if the input string contains sequences of lowercase letters joined with an underscore and false otherwise.
📌 Completion:
import re
def text_lowercase_underscore(text):
        patterns = '^[a-z]+_[a-z]+$'
        if re.search(patterns,  text):
                return True
        else:
                return False
📉 Completion Loss: 5.5326

🚨 High-loss Sample 11:
📌 Prompt:
Write a function that returns the perimeter of a square given its side length as input.
📌 Completion:
def square_perimeter(a):
  perimeter=4*a
  return perimeter
📉 Completion Loss: 2.3509

🚨 High-loss Sample 12:
📌 Prompt:
Write a function to remove characters from the first string which are present in the second string.
📌 Completion:
NO_OF_CHARS = 256
def str_to_list(string): 
	temp = [] 
	for x in string: 
		temp.append(x) 
	return temp 
def lst_to_string(List): 
	return ''.join(List) 
def get_char_count_array(string): 
	count = [0] * NO_OF_CHARS 
	for i in string: 
		count[ord(i)] += 1
	return count 
def remove_dirty_chars(string, second_string): 
	count = get_char_count_array(second_string) 
	ip_ind = 0
	res_ind = 0
	temp = '' 
	str_list = str_to_list(string) 
	while ip_ind != len(str_list): 
		temp = str_list[ip_ind] 
		if count[ord(temp)] == 0: 
			str_list[res_ind] = str_list[ip_ind] 
			res_ind += 1
		ip_ind+=1
	return lst_to_string(str_list[0:res_ind])
📉 Completion Loss: 10.0841

🚨 High-loss Sample 13:
📌 Prompt:
Write a function to find whether a given array of integers contains any duplicate element.
📌 Completion:
def test_duplicate(arraynums):
    nums_set = set(arraynums)    
    return len(arraynums) != len(nums_set)
📉 Completion Loss: 3.4441

🚨 High-loss Sample 14:
📌 Prompt:
Write a function to check if the given number is woodball or not.
📌 Completion:
def is_woodall(x): 
	if (x % 2 == 0): 
		return False
	if (x == 1): 
		return True
	x = x + 1 
	p = 0
	while (x % 2 == 0): 
		x = x/2
		p = p + 1
		if (p == x): 
			return True
	return False
📉 Completion Loss: 5.0784

🚨 High-loss Sample 15:
📌 Prompt:
Write a python function to check if a given number is one less than twice its reverse.
📌 Completion:
def rev(num):    
    rev_num = 0
    while (num > 0):  
        rev_num = (rev_num * 10 + num % 10) 
        num = num // 10  
    return rev_num  
def check(n):    
    return (2 * rev(n) == n + 1)
📉 Completion Loss: 5.5109
[Check] Prompt len: 20, Full len: 105
[Check] Prompt len: 17, Full len: 41
[Check] Prompt len: 12, Full len: 33
[Check] Prompt len: 21, Full len: 155
[Check] Prompt len: 12, Full len: 26
[Check] Prompt len: 17, Full len: 61
[Check] Prompt len: 18, Full len: 75
[Check] Prompt len: 15, Full len: 87

🚨 High-loss Sample 16:
📌 Prompt:
Write a python function to find the largest number that can be formed with the given list of digits.
📌 Completion:
def find_Max_Num(arr) : 
    n = len(arr)
    arr.sort(reverse = True) 
    num = arr[0] 
    for i in range(1,n) : 
        num = num * 10 + arr[i] 
    return num
📉 Completion Loss: 7.0693

🚨 High-loss Sample 17:
📌 Prompt:
Write a python function to check whether the given two integers have opposite sign or not.
📌 Completion:
def opposite_Signs(x,y): 
    return ((x ^ y) < 0);
📉 Completion Loss: 3.1718

🚨 High-loss Sample 18:
📌 Prompt:
Write a function to find the nth octagonal number.
📌 Completion:
def is_octagonal(n): 
	return 3 * n * n - 2 * n
📉 Completion Loss: 2.9399

🚨 High-loss Sample 19:
📌 Prompt:
Write a python function to count the number of substrings with the sum of digits equal to their length.
📌 Completion:
from collections import defaultdict
def count_Substrings(s):
    n = len(s)
    count,sum = 0,0
    mp = defaultdict(lambda : 0)
    mp[0] += 1
    for i in range(n):
        sum += ord(s[i]) - ord('0')
        count += mp[sum - (i + 1)]
        mp[sum - (i + 1)] += 1
    return count
📉 Completion Loss: 10.2703

🚨 High-loss Sample 20:
📌 Prompt:
Write a python function to find smallest number in a list.
📌 Completion:
def smallest_num(xs):
  return min(xs)
📉 Completion Loss: 2.5386

🚨 High-loss Sample 21:
📌 Prompt:
Write a function to find the maximum difference between available pairs in the given tuple list.
📌 Completion:
def max_difference(test_list):
  temp = [abs(b - a) for a, b in test_list]
  res = max(temp)
  return (res)
📉 Completion Loss: 4.3843

🚨 High-loss Sample 22:
📌 Prompt:
Write a function to sort a list of tuples using the second value of each tuple.
📌 Completion:
def subject_marks(subjectmarks):
#subject_marks = [('English', 88), ('Science', 90), ('Maths', 97), ('Social sciences', 82)])
 subjectmarks.sort(key = lambda x: x[1])
 return subjectmarks
📉 Completion Loss: 5.2297

🚨 High-loss Sample 23:
📌 Prompt:
Write a function to flatten a list and sum all of its elements.
📌 Completion:
def recursive_list_sum(data_list):
	total = 0
	for element in data_list:
		if type(element) == type([]):
			total = total + recursive_list_sum(element)
		else:
			total = total + element
	return total
📉 Completion Loss: 5.9968
[Check] Prompt len: 15, Full len: 64
[Check] Prompt len: 17, Full len: 181
[Check] Prompt len: 17, Full len: 96
[Check] Prompt len: 16, Full len: 193
[Check] Prompt len: 17, Full len: 109
[Check] Prompt len: 10, Full len: 238
[Check] Prompt len: 22, Full len: 60
[Check] Prompt len: 16, Full len: 256

🚨 High-loss Sample 24:
📌 Prompt:
Write a python function to count the number of positive numbers in a list.
📌 Completion:
def pos_count(list):
  pos_count= 0
  for num in list: 
    if num >= 0: 
      pos_count += 1
  return pos_count
📉 Completion Loss: 3.3605

🚨 High-loss Sample 25:
📌 Prompt:
Write a function to find the number of ways to partition a set of Bell numbers.
📌 Completion:
def bell_number(n):   
    bell = [[0 for i in range(n+1)] for j in range(n+1)] 
    bell[0][0] = 1
    for i in range(1, n+1): 
        bell[i][0] = bell[i-1][i-1]  
        for j in range(1, i+1): 
            bell[i][j] = bell[i-1][j-1] + bell[i][j-1]   
    return bell[n][0]
📉 Completion Loss: 7.6119

🚨 High-loss Sample 26:
📌 Prompt:
Write a python function to check whether the given array is monotonic or not.
📌 Completion:
def is_Monotonic(A): 
    return (all(A[i] <= A[i + 1] for i in range(len(A) - 1)) or
            all(A[i] >= A[i + 1] for i in range(len(A) - 1)))
📉 Completion Loss: 4.5940

🚨 High-loss Sample 27:
📌 Prompt:
Write a function to check whether a list contains the given sublist or not.
📌 Completion:
def is_sublist(l, s):
	sub_set = False
	if s == []:
		sub_set = True
	elif s == l:
		sub_set = True
	elif len(s) > len(l):
		sub_set = False
	else:
		for i in range(len(l)):
			if l[i] == s[0]:
				n = 1
				while (n < len(s)) and (l[i+n] == s[n]):
					n += 1				
				if n == len(s):
					sub_set = True
	return sub_set
📉 Completion Loss: 7.8864

🚨 High-loss Sample 28:
📌 Prompt:
Write a function to find whether all the given tuples have equal length or not.
📌 Completion:
def find_equal_tuple(Input):
  k = 0 if not Input else len(Input[0])
  flag = 1
  for tuple in Input:
    if len(tuple) != k:
      flag = 0
      break
  return flag
def get_equal(Input):
  return find_equal_tuple(Input) == 1
📉 Completion Loss: 4.8968

🚨 High-loss Sample 29:
📌 Prompt:
Write a function to sort a list of elements.
📌 Completion:
def comb_sort(nums):
    shrink_fact = 1.3
    gaps = len(nums)
    swapped = True
    i = 0
    while gaps > 1 or swapped:
        gaps = int(float(gaps) / shrink_fact)
        swapped = False
        i = 0
        while gaps + i < len(nums):
            if nums[i] > nums[i+gaps]:
                nums[i], nums[i+gaps] = nums[i+gaps], nums[i]
                swapped = True
            i += 1
    return nums
📉 Completion Loss: 9.6687

🚨 High-loss Sample 30:
📌 Prompt:
Write a python function to check whether the given number can be represented as the difference of two squares or not.
📌 Completion:
def dif_Square(n): 
    if (n % 4 != 2): 
        return True
    return False
📉 Completion Loss: 3.0610

🚨 High-loss Sample 31:
📌 Prompt:
Write a function to check whether it follows the sequence given in the patterns array.
📌 Completion:
def is_samepatterns(colors, patterns):    
    if len(colors) != len(patterns):
        return False    
    sdict = {}
    pset = set()
    sset = set()    
    for i in range(len(patterns)):
        pset.add(patterns[i])
        sset.add(colors[i])
        if patterns[i] not in sdict.keys():
            sdict[patterns[i]] = []

        keys = sdict[patterns[i]]
        keys.append(colors[i])
        sdict[patterns[i]] = keys

    if len(pset) != len(sset):
        return False   

    for values in sdict.values():

        for i in range(len(values) - 1):
            if values[i] != values[i+1]:
                return False

    return True
📉 Completion Loss: 10.3710
[Check] Prompt len: 23, Full len: 64
[Check] Prompt len: 15, Full len: 35
[Check] Prompt len: 17, Full len: 111
[Check] Prompt len: 13, Full len: 42
[Check] Prompt len: 11, Full len: 43
[Check] Prompt len: 26, Full len: 156
[Check] Prompt len: 17, Full len: 68
[Check] Prompt len: 12, Full len: 43

🚨 High-loss Sample 32:
📌 Prompt:
Write a function to find tuples which have all elements divisible by k from the given list of tuples.
📌 Completion:
def find_tuples(test_list, K):
  res = [sub for sub in test_list if all(ele % K == 0 for ele in sub)]
  return res
📉 Completion Loss: 4.3237

🚨 High-loss Sample 33:
📌 Prompt:
Write a python function to find whether a number is divisible by 11.
📌 Completion:
def is_Diff(n): 
    return (n % 11 == 0)
📉 Completion Loss: 2.8814

🚨 High-loss Sample 34:
📌 Prompt:
Write a python function to check whether the length of the word is odd or not.
📌 Completion:
def word_len(s): 
    s = s.split(' ')   
    for word in s:    
        if len(word)%2!=0: 
            return True  
        else:
          return False
📉 Completion Loss: 7.5133

🚨 High-loss Sample 35:
📌 Prompt:
Write a function to find the nth tetrahedral number.
📌 Completion:
def tetrahedral_number(n): 
	return (n * (n + 1) * (n + 2)) / 6
📉 Completion Loss: 3.4512

🚨 High-loss Sample 36:
📌 Prompt:
Write a function to find the volume of a sphere.
📌 Completion:
import math
def volume_sphere(r):
  volume=(4/3)*math.pi*r*r*r
  return volume
📉 Completion Loss: 3.4968

🚨 High-loss Sample 37:
📌 Prompt:
Write a python function to find the character made by adding the ASCII value of all the characters of the given string modulo 26.
📌 Completion:
def get_Char(strr):  
    summ = 0
    for i in range(len(strr)): 
        summ += (ord(strr[i]) - ord('a') + 1)  
    if (summ % 26 == 0): 
        return ord('z') 
    else: 
        summ = summ % 26
        return chr(ord('a') + summ - 1)
📉 Completion Loss: 10.3111

🚨 High-loss Sample 38:
📌 Prompt:
Write a function to find the nth number in the newman conway sequence.
📌 Completion:
def sequence(n): 
	if n == 1 or n == 2: 
		return 1
	else: 
		return sequence(sequence(n-1)) + sequence(n-sequence(n-1))
📉 Completion Loss: 4.7403

🚨 High-loss Sample 39:
📌 Prompt:
Write a function to find the surface area of a sphere.
📌 Completion:
import math
def surfacearea_sphere(r):
  surfacearea=4*math.pi*r*r
  return surfacearea
📉 Completion Loss: 3.4445
[Check] Prompt len: 12, Full len: 36
[Check] Prompt len: 13, Full len: 70
[Check] Prompt len: 20, Full len: 53
[Check] Prompt len: 12, Full len: 27
[Check] Prompt len: 13, Full len: 84
[Check] Prompt len: 22, Full len: 66
[Check] Prompt len: 15, Full len: 92
[Check] Prompt len: 17, Full len: 80

🚨 High-loss Sample 40:
📌 Prompt:
Write a function to find nth centered hexagonal number.
📌 Completion:
def centered_hexagonal_number(n):
  return 3 * n * (n - 1) + 1
📉 Completion Loss: 4.2656

🚨 High-loss Sample 41:
📌 Prompt:
Write a function to merge three dictionaries into a single dictionary.
📌 Completion:
import collections as ct
def merge_dictionaries_three(dict1,dict2, dict3):
    merged_dict = dict(ct.ChainMap({},dict1,dict2,dict3))
    return merged_dict
📉 Completion Loss: 7.7635

🚨 High-loss Sample 42:
📌 Prompt:
Write a function to get the frequency of all the elements in a list, returned as a dictionary.
📌 Completion:
import collections
def freq_count(list1):
  freq_count= collections.Counter(list1)
  return freq_count
📉 Completion Loss: 5.4378

🚨 High-loss Sample 43:
📌 Prompt:
Write a function to find the closest smaller number than n.
📌 Completion:
def closest_num(N):
  return (N - 1)
📉 Completion Loss: 3.3034

🚨 High-loss Sample 44:
📌 Prompt:
Write a python function to find the length of the longest word.
📌 Completion:
def len_log(list1):
    max=len(list1[0])
    for i in list1:
        if len(i)>max:
            max=len(i)
    return max
📉 Completion Loss: 9.3645

🚨 High-loss Sample 45:
📌 Prompt:
Write a function to check if a string is present as a substring in a given list of string values.
📌 Completion:
def find_substring(str1, sub_str):
   if any(sub_str in s for s in str1):
       return True
   return False
📉 Completion Loss: 7.0811

🚨 High-loss Sample 46:
📌 Prompt:
Write a function to check whether the given number is undulating or not.
📌 Completion:
def is_undulating(n): 
	n = str(n)
	if (len(n) <= 2): 
		return False
	for i in range(2, len(n)): 
		if (n[i - 2] != n[i]): 
			return False
	return True
📉 Completion Loss: 10.1110

🚨 High-loss Sample 47:
📌 Prompt:
Write a function to calculate the value of 'a' to the power 'b'.
📌 Completion:
def power(a,b):
	if b==0:
		return 1
	elif a==0:
		return 0
	elif b==1:
		return a
	else:
		return a*power(a,b-1)
📉 Completion Loss: 8.5480
[Check] Prompt len: 24, Full len: 68
[Check] Prompt len: 18, Full len: 56

🚨 High-loss Sample 48:
📌 Prompt:
Given a list of tuples, write a function that returns the first value of the tuple with the smallest second value.
📌 Completion:
from operator import itemgetter 
def index_minimum(test_list):
  res = min(test_list, key = itemgetter(1))[0]
  return (res)
📉 Completion Loss: 10.2860

🚨 High-loss Sample 49:
📌 Prompt:
Write a python function to find the length of the smallest list in a list of lists.
📌 Completion:
def Find_Min_Length(lst):  
    minLength = min(len(x) for x in lst )
    return minLength
📉 Completion Loss: 8.3060
✅ Evaluation Complete. Final Avg Loss = 5.6991, Perplexity = 298.61
[Step 700] PPL(A2C) = 298.61 | AvgR = 0.4611
[Check] Prompt len: 14, Full len: 61
[Check] Prompt len: 11, Full len: 89
[Check] Prompt len: 21, Full len: 65
[Check] Prompt len: 19, Full len: 83
[Check] Prompt len: 18, Full len: 53
[Check] Prompt len: 13, Full len: 48
[Check] Prompt len: 25, Full len: 127
[Check] Prompt len: 18, Full len: 189

🚨 High-loss Sample 0:
📌 Prompt:
Write a function to find the shared elements from the given two lists.
📌 Completion:
def similar_elements(test_tup1, test_tup2):
  res = tuple(set(test_tup1) & set(test_tup2))
  return (res)
📉 Completion Loss: 3.8863

🚨 High-loss Sample 1:
📌 Prompt:
Write a python function to identify non-prime numbers.
📌 Completion:
import math
def is_not_prime(n):
    result = False
    for i in range(2,int(math.sqrt(n)) + 1):
        if n % i == 0:
            result = True
    return result
📉 Completion Loss: 5.2814

🚨 High-loss Sample 2:
📌 Prompt:
Write a function to find the n largest integers from a given list of numbers, returned in descending order.
📌 Completion:
import heapq as hq
def heap_queue_largest(nums,n):
  largest_nums = hq.nlargest(n, nums)
  return largest_nums
📉 Completion Loss: 3.7258

🚨 High-loss Sample 3:
📌 Prompt:
Write a python function to check whether the two numbers differ at one bit position only or not.
📌 Completion:
def is_Power_Of_Two (x): 
    return x and (not(x & (x - 1))) 
def differ_At_One_Bit_Pos(a,b): 
    return is_Power_Of_Two(a ^ b)
📉 Completion Loss: 4.7861

🚨 High-loss Sample 4:
📌 Prompt:
Write a function to find all words which are at least 4 characters long in a string.
📌 Completion:
import re
def find_char_long(text):
  return (re.findall(r"\b\w{4,}\b", text))
📉 Completion Loss: 3.2581

🚨 High-loss Sample 5:
📌 Prompt:
Write a function to find squares of individual elements in a list.
📌 Completion:
def square_nums(nums):
 square_nums = list(map(lambda x: x ** 2, nums))
 return square_nums
📉 Completion Loss: 3.2159

🚨 High-loss Sample 6:
📌 Prompt:
Write a python function to find the minimum number of rotations (greater than 0) required to get the same string.
📌 Completion:
def find_Rotations(str): 
    tmp = str + str
    n = len(str) 
    for i in range(1,n + 1): 
        substring = tmp[i: i+n] 
        if (str == substring): 
            return i 
    return n
📉 Completion Loss: 6.9828

🚨 High-loss Sample 7:
📌 Prompt:
Write a python function to remove first and last occurrence of a given character from the string.
📌 Completion:
def remove_Occ(s,ch): 
    for i in range(len(s)): 
        if (s[i] == ch): 
            s = s[0 : i] + s[i + 1:] 
            break
    for i in range(len(s) - 1,-1,-1):  
        if (s[i] == ch): 
            s = s[0 : i] + s[i + 1:] 
            break
    return s
📉 Completion Loss: 10.4420
[Check] Prompt len: 19, Full len: 47
[Check] Prompt len: 13, Full len: 41
[Check] Prompt len: 25, Full len: 129
[Check] Prompt len: 17, Full len: 36
[Check] Prompt len: 18, Full len: 256
[Check] Prompt len: 16, Full len: 65
[Check] Prompt len: 15, Full len: 114
[Check] Prompt len: 18, Full len: 124

🚨 High-loss Sample 8:
📌 Prompt:
Write a function to sort a given matrix in ascending order according to the sum of its rows.
📌 Completion:
def sort_matrix(M):
    result = sorted(M, key=sum)
    return result
📉 Completion Loss: 2.5736

🚨 High-loss Sample 9:
📌 Prompt:
Write a python function to find the volume of a triangular prism.
📌 Completion:
def find_Volume(l,b,h) : 
    return ((l * b * h) / 2)
📉 Completion Loss: 2.5708

🚨 High-loss Sample 10:
📌 Prompt:
Write a function to that returns true if the input string contains sequences of lowercase letters joined with an underscore and false otherwise.
📌 Completion:
import re
def text_lowercase_underscore(text):
        patterns = '^[a-z]+_[a-z]+$'
        if re.search(patterns,  text):
                return True
        else:
                return False
📉 Completion Loss: 5.4401

🚨 High-loss Sample 11:
📌 Prompt:
Write a function that returns the perimeter of a square given its side length as input.
📌 Completion:
def square_perimeter(a):
  perimeter=4*a
  return perimeter
📉 Completion Loss: 2.2484

🚨 High-loss Sample 12:
📌 Prompt:
Write a function to remove characters from the first string which are present in the second string.
📌 Completion:
NO_OF_CHARS = 256
def str_to_list(string): 
	temp = [] 
	for x in string: 
		temp.append(x) 
	return temp 
def lst_to_string(List): 
	return ''.join(List) 
def get_char_count_array(string): 
	count = [0] * NO_OF_CHARS 
	for i in string: 
		count[ord(i)] += 1
	return count 
def remove_dirty_chars(string, second_string): 
	count = get_char_count_array(second_string) 
	ip_ind = 0
	res_ind = 0
	temp = '' 
	str_list = str_to_list(string) 
	while ip_ind != len(str_list): 
		temp = str_list[ip_ind] 
		if count[ord(temp)] == 0: 
			str_list[res_ind] = str_list[ip_ind] 
			res_ind += 1
		ip_ind+=1
	return lst_to_string(str_list[0:res_ind])
📉 Completion Loss: 10.0959

🚨 High-loss Sample 13:
📌 Prompt:
Write a function to find whether a given array of integers contains any duplicate element.
📌 Completion:
def test_duplicate(arraynums):
    nums_set = set(arraynums)    
    return len(arraynums) != len(nums_set)
📉 Completion Loss: 3.3155

🚨 High-loss Sample 14:
📌 Prompt:
Write a function to check if the given number is woodball or not.
📌 Completion:
def is_woodall(x): 
	if (x % 2 == 0): 
		return False
	if (x == 1): 
		return True
	x = x + 1 
	p = 0
	while (x % 2 == 0): 
		x = x/2
		p = p + 1
		if (p == x): 
			return True
	return False
📉 Completion Loss: 4.9729

🚨 High-loss Sample 15:
📌 Prompt:
Write a python function to check if a given number is one less than twice its reverse.
📌 Completion:
def rev(num):    
    rev_num = 0
    while (num > 0):  
        rev_num = (rev_num * 10 + num % 10) 
        num = num // 10  
    return rev_num  
def check(n):    
    return (2 * rev(n) == n + 1)
📉 Completion Loss: 5.4344
[Check] Prompt len: 20, Full len: 105
[Check] Prompt len: 17, Full len: 41
[Check] Prompt len: 12, Full len: 33
[Check] Prompt len: 21, Full len: 155
[Check] Prompt len: 12, Full len: 26
[Check] Prompt len: 17, Full len: 61
[Check] Prompt len: 18, Full len: 75
[Check] Prompt len: 15, Full len: 87

🚨 High-loss Sample 16:
📌 Prompt:
Write a python function to find the largest number that can be formed with the given list of digits.
📌 Completion:
def find_Max_Num(arr) : 
    n = len(arr)
    arr.sort(reverse = True) 
    num = arr[0] 
    for i in range(1,n) : 
        num = num * 10 + arr[i] 
    return num
📉 Completion Loss: 6.9683

🚨 High-loss Sample 17:
📌 Prompt:
Write a python function to check whether the given two integers have opposite sign or not.
📌 Completion:
def opposite_Signs(x,y): 
    return ((x ^ y) < 0);
📉 Completion Loss: 3.0567

🚨 High-loss Sample 18:
📌 Prompt:
Write a function to find the nth octagonal number.
📌 Completion:
def is_octagonal(n): 
	return 3 * n * n - 2 * n
📉 Completion Loss: 2.8386

🚨 High-loss Sample 19:
📌 Prompt:
Write a python function to count the number of substrings with the sum of digits equal to their length.
📌 Completion:
from collections import defaultdict
def count_Substrings(s):
    n = len(s)
    count,sum = 0,0
    mp = defaultdict(lambda : 0)
    mp[0] += 1
    for i in range(n):
        sum += ord(s[i]) - ord('0')
        count += mp[sum - (i + 1)]
        mp[sum - (i + 1)] += 1
    return count
📉 Completion Loss: 10.2837

🚨 High-loss Sample 20:
📌 Prompt:
Write a python function to find smallest number in a list.
📌 Completion:
def smallest_num(xs):
  return min(xs)
📉 Completion Loss: 2.4480

🚨 High-loss Sample 21:
📌 Prompt:
Write a function to find the maximum difference between available pairs in the given tuple list.
📌 Completion:
def max_difference(test_list):
  temp = [abs(b - a) for a, b in test_list]
  res = max(temp)
  return (res)
📉 Completion Loss: 4.2716

🚨 High-loss Sample 22:
📌 Prompt:
Write a function to sort a list of tuples using the second value of each tuple.
📌 Completion:
def subject_marks(subjectmarks):
#subject_marks = [('English', 88), ('Science', 90), ('Maths', 97), ('Social sciences', 82)])
 subjectmarks.sort(key = lambda x: x[1])
 return subjectmarks
📉 Completion Loss: 5.1298

🚨 High-loss Sample 23:
📌 Prompt:
Write a function to flatten a list and sum all of its elements.
📌 Completion:
def recursive_list_sum(data_list):
	total = 0
	for element in data_list:
		if type(element) == type([]):
			total = total + recursive_list_sum(element)
		else:
			total = total + element
	return total
📉 Completion Loss: 5.8838
[Check] Prompt len: 15, Full len: 64
[Check] Prompt len: 17, Full len: 181
[Check] Prompt len: 17, Full len: 96
[Check] Prompt len: 16, Full len: 193
[Check] Prompt len: 17, Full len: 109
[Check] Prompt len: 10, Full len: 238
[Check] Prompt len: 22, Full len: 60
[Check] Prompt len: 16, Full len: 256

🚨 High-loss Sample 24:
📌 Prompt:
Write a python function to count the number of positive numbers in a list.
📌 Completion:
def pos_count(list):
  pos_count= 0
  for num in list: 
    if num >= 0: 
      pos_count += 1
  return pos_count
📉 Completion Loss: 3.2344

🚨 High-loss Sample 25:
📌 Prompt:
Write a function to find the number of ways to partition a set of Bell numbers.
📌 Completion:
def bell_number(n):   
    bell = [[0 for i in range(n+1)] for j in range(n+1)] 
    bell[0][0] = 1
    for i in range(1, n+1): 
        bell[i][0] = bell[i-1][i-1]  
        for j in range(1, i+1): 
            bell[i][j] = bell[i-1][j-1] + bell[i][j-1]   
    return bell[n][0]
📉 Completion Loss: 7.5445

🚨 High-loss Sample 26:
📌 Prompt:
Write a python function to check whether the given array is monotonic or not.
📌 Completion:
def is_Monotonic(A): 
    return (all(A[i] <= A[i + 1] for i in range(len(A) - 1)) or
            all(A[i] >= A[i + 1] for i in range(len(A) - 1)))
📉 Completion Loss: 4.4985

🚨 High-loss Sample 27:
📌 Prompt:
Write a function to check whether a list contains the given sublist or not.
📌 Completion:
def is_sublist(l, s):
	sub_set = False
	if s == []:
		sub_set = True
	elif s == l:
		sub_set = True
	elif len(s) > len(l):
		sub_set = False
	else:
		for i in range(len(l)):
			if l[i] == s[0]:
				n = 1
				while (n < len(s)) and (l[i+n] == s[n]):
					n += 1				
				if n == len(s):
					sub_set = True
	return sub_set
📉 Completion Loss: 7.8207

🚨 High-loss Sample 28:
📌 Prompt:
Write a function to find whether all the given tuples have equal length or not.
📌 Completion:
def find_equal_tuple(Input):
  k = 0 if not Input else len(Input[0])
  flag = 1
  for tuple in Input:
    if len(tuple) != k:
      flag = 0
      break
  return flag
def get_equal(Input):
  return find_equal_tuple(Input) == 1
📉 Completion Loss: 4.7799

🚨 High-loss Sample 29:
📌 Prompt:
Write a function to sort a list of elements.
📌 Completion:
def comb_sort(nums):
    shrink_fact = 1.3
    gaps = len(nums)
    swapped = True
    i = 0
    while gaps > 1 or swapped:
        gaps = int(float(gaps) / shrink_fact)
        swapped = False
        i = 0
        while gaps + i < len(nums):
            if nums[i] > nums[i+gaps]:
                nums[i], nums[i+gaps] = nums[i+gaps], nums[i]
                swapped = True
            i += 1
    return nums
📉 Completion Loss: 9.6751

🚨 High-loss Sample 30:
📌 Prompt:
Write a python function to check whether the given number can be represented as the difference of two squares or not.
📌 Completion:
def dif_Square(n): 
    if (n % 4 != 2): 
        return True
    return False
📉 Completion Loss: 2.9378

🚨 High-loss Sample 31:
📌 Prompt:
Write a function to check whether it follows the sequence given in the patterns array.
📌 Completion:
def is_samepatterns(colors, patterns):    
    if len(colors) != len(patterns):
        return False    
    sdict = {}
    pset = set()
    sset = set()    
    for i in range(len(patterns)):
        pset.add(patterns[i])
        sset.add(colors[i])
        if patterns[i] not in sdict.keys():
            sdict[patterns[i]] = []

        keys = sdict[patterns[i]]
        keys.append(colors[i])
        sdict[patterns[i]] = keys

    if len(pset) != len(sset):
        return False   

    for values in sdict.values():

        for i in range(len(values) - 1):
            if values[i] != values[i+1]:
                return False

    return True
📉 Completion Loss: 10.4130
[Check] Prompt len: 23, Full len: 64
[Check] Prompt len: 15, Full len: 35
[Check] Prompt len: 17, Full len: 111
[Check] Prompt len: 13, Full len: 42
[Check] Prompt len: 11, Full len: 43
[Check] Prompt len: 26, Full len: 156
[Check] Prompt len: 17, Full len: 68
[Check] Prompt len: 12, Full len: 43

🚨 High-loss Sample 32:
📌 Prompt:
Write a function to find tuples which have all elements divisible by k from the given list of tuples.
📌 Completion:
def find_tuples(test_list, K):
  res = [sub for sub in test_list if all(ele % K == 0 for ele in sub)]
  return res
📉 Completion Loss: 4.2187

🚨 High-loss Sample 33:
📌 Prompt:
Write a python function to find whether a number is divisible by 11.
📌 Completion:
def is_Diff(n): 
    return (n % 11 == 0)
📉 Completion Loss: 2.7695

🚨 High-loss Sample 34:
📌 Prompt:
Write a python function to check whether the length of the word is odd or not.
📌 Completion:
def word_len(s): 
    s = s.split(' ')   
    for word in s:    
        if len(word)%2!=0: 
            return True  
        else:
          return False
📉 Completion Loss: 7.4292

🚨 High-loss Sample 35:
📌 Prompt:
Write a function to find the nth tetrahedral number.
📌 Completion:
def tetrahedral_number(n): 
	return (n * (n + 1) * (n + 2)) / 6
📉 Completion Loss: 3.3443

🚨 High-loss Sample 36:
📌 Prompt:
Write a function to find the volume of a sphere.
📌 Completion:
import math
def volume_sphere(r):
  volume=(4/3)*math.pi*r*r*r
  return volume
📉 Completion Loss: 3.3893

🚨 High-loss Sample 37:
📌 Prompt:
Write a python function to find the character made by adding the ASCII value of all the characters of the given string modulo 26.
📌 Completion:
def get_Char(strr):  
    summ = 0
    for i in range(len(strr)): 
        summ += (ord(strr[i]) - ord('a') + 1)  
    if (summ % 26 == 0): 
        return ord('z') 
    else: 
        summ = summ % 26
        return chr(ord('a') + summ - 1)
📉 Completion Loss: 10.3404

🚨 High-loss Sample 38:
📌 Prompt:
Write a function to find the nth number in the newman conway sequence.
📌 Completion:
def sequence(n): 
	if n == 1 or n == 2: 
		return 1
	else: 
		return sequence(sequence(n-1)) + sequence(n-sequence(n-1))
📉 Completion Loss: 4.5924

🚨 High-loss Sample 39:
📌 Prompt:
Write a function to find the surface area of a sphere.
📌 Completion:
import math
def surfacearea_sphere(r):
  surfacearea=4*math.pi*r*r
  return surfacearea
📉 Completion Loss: 3.3412
[Check] Prompt len: 12, Full len: 36
[Check] Prompt len: 13, Full len: 70
[Check] Prompt len: 20, Full len: 53
[Check] Prompt len: 12, Full len: 27
[Check] Prompt len: 13, Full len: 84
[Check] Prompt len: 22, Full len: 66
[Check] Prompt len: 15, Full len: 92
[Check] Prompt len: 17, Full len: 80

🚨 High-loss Sample 40:
📌 Prompt:
Write a function to find nth centered hexagonal number.
📌 Completion:
def centered_hexagonal_number(n):
  return 3 * n * (n - 1) + 1
📉 Completion Loss: 4.1820

🚨 High-loss Sample 41:
📌 Prompt:
Write a function to merge three dictionaries into a single dictionary.
📌 Completion:
import collections as ct
def merge_dictionaries_three(dict1,dict2, dict3):
    merged_dict = dict(ct.ChainMap({},dict1,dict2,dict3))
    return merged_dict
📉 Completion Loss: 7.6978

🚨 High-loss Sample 42:
📌 Prompt:
Write a function to get the frequency of all the elements in a list, returned as a dictionary.
📌 Completion:
import collections
def freq_count(list1):
  freq_count= collections.Counter(list1)
  return freq_count
📉 Completion Loss: 5.3171

🚨 High-loss Sample 43:
📌 Prompt:
Write a function to find the closest smaller number than n.
📌 Completion:
def closest_num(N):
  return (N - 1)
📉 Completion Loss: 3.2151

🚨 High-loss Sample 44:
📌 Prompt:
Write a python function to find the length of the longest word.
📌 Completion:
def len_log(list1):
    max=len(list1[0])
    for i in list1:
        if len(i)>max:
            max=len(i)
    return max
📉 Completion Loss: 9.2996

🚨 High-loss Sample 45:
📌 Prompt:
Write a function to check if a string is present as a substring in a given list of string values.
📌 Completion:
def find_substring(str1, sub_str):
   if any(sub_str in s for s in str1):
       return True
   return False
📉 Completion Loss: 6.9659

🚨 High-loss Sample 46:
📌 Prompt:
Write a function to check whether the given number is undulating or not.
📌 Completion:
def is_undulating(n): 
	n = str(n)
	if (len(n) <= 2): 
		return False
	for i in range(2, len(n)): 
		if (n[i - 2] != n[i]): 
			return False
	return True
📉 Completion Loss: 10.0185

🚨 High-loss Sample 47:
📌 Prompt:
Write a function to calculate the value of 'a' to the power 'b'.
📌 Completion:
def power(a,b):
	if b==0:
		return 1
	elif a==0:
		return 0
	elif b==1:
		return a
	else:
		return a*power(a,b-1)
📉 Completion Loss: 8.4314
[Check] Prompt len: 24, Full len: 68
[Check] Prompt len: 18, Full len: 56

🚨 High-loss Sample 48:
📌 Prompt:
Given a list of tuples, write a function that returns the first value of the tuple with the smallest second value.
📌 Completion:
from operator import itemgetter 
def index_minimum(test_list):
  res = min(test_list, key = itemgetter(1))[0]
  return (res)
📉 Completion Loss: 10.2589

🚨 High-loss Sample 49:
📌 Prompt:
Write a python function to find the length of the smallest list in a list of lists.
📌 Completion:
def Find_Min_Length(lst):  
    minLength = min(len(x) for x in lst )
    return minLength
📉 Completion Loss: 8.2365
✅ Evaluation Complete. Final Avg Loss = 5.5886, Perplexity = 267.36
[Step 750] PPL(A2C) = 267.36 | AvgR = 0.3746
[Check] Prompt len: 14, Full len: 61
[Check] Prompt len: 11, Full len: 89
[Check] Prompt len: 21, Full len: 65
[Check] Prompt len: 19, Full len: 83
[Check] Prompt len: 18, Full len: 53
[Check] Prompt len: 13, Full len: 48
[Check] Prompt len: 25, Full len: 127
[Check] Prompt len: 18, Full len: 189

🚨 High-loss Sample 0:
📌 Prompt:
Write a function to find the shared elements from the given two lists.
📌 Completion:
def similar_elements(test_tup1, test_tup2):
  res = tuple(set(test_tup1) & set(test_tup2))
  return (res)
📉 Completion Loss: 3.7936

🚨 High-loss Sample 1:
📌 Prompt:
Write a python function to identify non-prime numbers.
📌 Completion:
import math
def is_not_prime(n):
    result = False
    for i in range(2,int(math.sqrt(n)) + 1):
        if n % i == 0:
            result = True
    return result
📉 Completion Loss: 5.2039

🚨 High-loss Sample 2:
📌 Prompt:
Write a function to find the n largest integers from a given list of numbers, returned in descending order.
📌 Completion:
import heapq as hq
def heap_queue_largest(nums,n):
  largest_nums = hq.nlargest(n, nums)
  return largest_nums
📉 Completion Loss: 3.6083

🚨 High-loss Sample 3:
📌 Prompt:
Write a python function to check whether the two numbers differ at one bit position only or not.
📌 Completion:
def is_Power_Of_Two (x): 
    return x and (not(x & (x - 1))) 
def differ_At_One_Bit_Pos(a,b): 
    return is_Power_Of_Two(a ^ b)
📉 Completion Loss: 4.7062

🚨 High-loss Sample 4:
📌 Prompt:
Write a function to find all words which are at least 4 characters long in a string.
📌 Completion:
import re
def find_char_long(text):
  return (re.findall(r"\b\w{4,}\b", text))
📉 Completion Loss: 3.1536

🚨 High-loss Sample 5:
📌 Prompt:
Write a function to find squares of individual elements in a list.
📌 Completion:
def square_nums(nums):
 square_nums = list(map(lambda x: x ** 2, nums))
 return square_nums
📉 Completion Loss: 3.0993

🚨 High-loss Sample 6:
📌 Prompt:
Write a python function to find the minimum number of rotations (greater than 0) required to get the same string.
📌 Completion:
def find_Rotations(str): 
    tmp = str + str
    n = len(str) 
    for i in range(1,n + 1): 
        substring = tmp[i: i+n] 
        if (str == substring): 
            return i 
    return n
📉 Completion Loss: 6.9038

🚨 High-loss Sample 7:
📌 Prompt:
Write a python function to remove first and last occurrence of a given character from the string.
📌 Completion:
def remove_Occ(s,ch): 
    for i in range(len(s)): 
        if (s[i] == ch): 
            s = s[0 : i] + s[i + 1:] 
            break
    for i in range(len(s) - 1,-1,-1):  
        if (s[i] == ch): 
            s = s[0 : i] + s[i + 1:] 
            break
    return s
📉 Completion Loss: 10.3765
[Check] Prompt len: 19, Full len: 47
[Check] Prompt len: 13, Full len: 41
[Check] Prompt len: 25, Full len: 129
[Check] Prompt len: 17, Full len: 36
[Check] Prompt len: 18, Full len: 256
[Check] Prompt len: 16, Full len: 65
[Check] Prompt len: 15, Full len: 114
[Check] Prompt len: 18, Full len: 124

🚨 High-loss Sample 8:
📌 Prompt:
Write a function to sort a given matrix in ascending order according to the sum of its rows.
📌 Completion:
def sort_matrix(M):
    result = sorted(M, key=sum)
    return result
📉 Completion Loss: 2.4617

🚨 High-loss Sample 9:
📌 Prompt:
Write a python function to find the volume of a triangular prism.
📌 Completion:
def find_Volume(l,b,h) : 
    return ((l * b * h) / 2)
📉 Completion Loss: 2.4507

🚨 High-loss Sample 10:
📌 Prompt:
Write a function to that returns true if the input string contains sequences of lowercase letters joined with an underscore and false otherwise.
📌 Completion:
import re
def text_lowercase_underscore(text):
        patterns = '^[a-z]+_[a-z]+$'
        if re.search(patterns,  text):
                return True
        else:
                return False
📉 Completion Loss: 5.3768

🚨 High-loss Sample 11:
📌 Prompt:
Write a function that returns the perimeter of a square given its side length as input.
📌 Completion:
def square_perimeter(a):
  perimeter=4*a
  return perimeter
📉 Completion Loss: 2.1234

🚨 High-loss Sample 12:
📌 Prompt:
Write a function to remove characters from the first string which are present in the second string.
📌 Completion:
NO_OF_CHARS = 256
def str_to_list(string): 
	temp = [] 
	for x in string: 
		temp.append(x) 
	return temp 
def lst_to_string(List): 
	return ''.join(List) 
def get_char_count_array(string): 
	count = [0] * NO_OF_CHARS 
	for i in string: 
		count[ord(i)] += 1
	return count 
def remove_dirty_chars(string, second_string): 
	count = get_char_count_array(second_string) 
	ip_ind = 0
	res_ind = 0
	temp = '' 
	str_list = str_to_list(string) 
	while ip_ind != len(str_list): 
		temp = str_list[ip_ind] 
		if count[ord(temp)] == 0: 
			str_list[res_ind] = str_list[ip_ind] 
			res_ind += 1
		ip_ind+=1
	return lst_to_string(str_list[0:res_ind])
📉 Completion Loss: 10.0277

🚨 High-loss Sample 13:
📌 Prompt:
Write a function to find whether a given array of integers contains any duplicate element.
📌 Completion:
def test_duplicate(arraynums):
    nums_set = set(arraynums)    
    return len(arraynums) != len(nums_set)
📉 Completion Loss: 3.2133

🚨 High-loss Sample 14:
📌 Prompt:
Write a function to check if the given number is woodball or not.
📌 Completion:
def is_woodall(x): 
	if (x % 2 == 0): 
		return False
	if (x == 1): 
		return True
	x = x + 1 
	p = 0
	while (x % 2 == 0): 
		x = x/2
		p = p + 1
		if (p == x): 
			return True
	return False
📉 Completion Loss: 4.8690

🚨 High-loss Sample 15:
📌 Prompt:
Write a python function to check if a given number is one less than twice its reverse.
📌 Completion:
def rev(num):    
    rev_num = 0
    while (num > 0):  
        rev_num = (rev_num * 10 + num % 10) 
        num = num // 10  
    return rev_num  
def check(n):    
    return (2 * rev(n) == n + 1)
📉 Completion Loss: 5.3604
[Check] Prompt len: 20, Full len: 105
[Check] Prompt len: 17, Full len: 41
[Check] Prompt len: 12, Full len: 33
[Check] Prompt len: 21, Full len: 155
[Check] Prompt len: 12, Full len: 26
[Check] Prompt len: 17, Full len: 61
[Check] Prompt len: 18, Full len: 75
[Check] Prompt len: 15, Full len: 87

🚨 High-loss Sample 16:
📌 Prompt:
Write a python function to find the largest number that can be formed with the given list of digits.
📌 Completion:
def find_Max_Num(arr) : 
    n = len(arr)
    arr.sort(reverse = True) 
    num = arr[0] 
    for i in range(1,n) : 
        num = num * 10 + arr[i] 
    return num
📉 Completion Loss: 6.8738

🚨 High-loss Sample 17:
📌 Prompt:
Write a python function to check whether the given two integers have opposite sign or not.
📌 Completion:
def opposite_Signs(x,y): 
    return ((x ^ y) < 0);
📉 Completion Loss: 2.9352

🚨 High-loss Sample 18:
📌 Prompt:
Write a function to find the nth octagonal number.
📌 Completion:
def is_octagonal(n): 
	return 3 * n * n - 2 * n
📉 Completion Loss: 2.7136

🚨 High-loss Sample 19:
📌 Prompt:
Write a python function to count the number of substrings with the sum of digits equal to their length.
📌 Completion:
from collections import defaultdict
def count_Substrings(s):
    n = len(s)
    count,sum = 0,0
    mp = defaultdict(lambda : 0)
    mp[0] += 1
    for i in range(n):
        sum += ord(s[i]) - ord('0')
        count += mp[sum - (i + 1)]
        mp[sum - (i + 1)] += 1
    return count
📉 Completion Loss: 10.2140

🚨 High-loss Sample 20:
📌 Prompt:
Write a python function to find smallest number in a list.
📌 Completion:
def smallest_num(xs):
  return min(xs)
📉 Completion Loss: 2.3074

🚨 High-loss Sample 21:
📌 Prompt:
Write a function to find the maximum difference between available pairs in the given tuple list.
📌 Completion:
def max_difference(test_list):
  temp = [abs(b - a) for a, b in test_list]
  res = max(temp)
  return (res)
📉 Completion Loss: 4.1520

🚨 High-loss Sample 22:
📌 Prompt:
Write a function to sort a list of tuples using the second value of each tuple.
📌 Completion:
def subject_marks(subjectmarks):
#subject_marks = [('English', 88), ('Science', 90), ('Maths', 97), ('Social sciences', 82)])
 subjectmarks.sort(key = lambda x: x[1])
 return subjectmarks
📉 Completion Loss: 5.0446

🚨 High-loss Sample 23:
📌 Prompt:
Write a function to flatten a list and sum all of its elements.
📌 Completion:
def recursive_list_sum(data_list):
	total = 0
	for element in data_list:
		if type(element) == type([]):
			total = total + recursive_list_sum(element)
		else:
			total = total + element
	return total
📉 Completion Loss: 5.7795
[Check] Prompt len: 15, Full len: 64
[Check] Prompt len: 17, Full len: 181
[Check] Prompt len: 17, Full len: 96
[Check] Prompt len: 16, Full len: 193
[Check] Prompt len: 17, Full len: 109
[Check] Prompt len: 10, Full len: 238
[Check] Prompt len: 22, Full len: 60
[Check] Prompt len: 16, Full len: 256

🚨 High-loss Sample 24:
📌 Prompt:
Write a python function to count the number of positive numbers in a list.
📌 Completion:
def pos_count(list):
  pos_count= 0
  for num in list: 
    if num >= 0: 
      pos_count += 1
  return pos_count
📉 Completion Loss: 3.1177

🚨 High-loss Sample 25:
📌 Prompt:
Write a function to find the number of ways to partition a set of Bell numbers.
📌 Completion:
def bell_number(n):   
    bell = [[0 for i in range(n+1)] for j in range(n+1)] 
    bell[0][0] = 1
    for i in range(1, n+1): 
        bell[i][0] = bell[i-1][i-1]  
        for j in range(1, i+1): 
            bell[i][j] = bell[i-1][j-1] + bell[i][j-1]   
    return bell[n][0]
📉 Completion Loss: 7.4675

🚨 High-loss Sample 26:
📌 Prompt:
Write a python function to check whether the given array is monotonic or not.
📌 Completion:
def is_Monotonic(A): 
    return (all(A[i] <= A[i + 1] for i in range(len(A) - 1)) or
            all(A[i] >= A[i + 1] for i in range(len(A) - 1)))
📉 Completion Loss: 4.4000

🚨 High-loss Sample 27:
📌 Prompt:
Write a function to check whether a list contains the given sublist or not.
📌 Completion:
def is_sublist(l, s):
	sub_set = False
	if s == []:
		sub_set = True
	elif s == l:
		sub_set = True
	elif len(s) > len(l):
		sub_set = False
	else:
		for i in range(len(l)):
			if l[i] == s[0]:
				n = 1
				while (n < len(s)) and (l[i+n] == s[n]):
					n += 1				
				if n == len(s):
					sub_set = True
	return sub_set
📉 Completion Loss: 7.7277

🚨 High-loss Sample 28:
📌 Prompt:
Write a function to find whether all the given tuples have equal length or not.
📌 Completion:
def find_equal_tuple(Input):
  k = 0 if not Input else len(Input[0])
  flag = 1
  for tuple in Input:
    if len(tuple) != k:
      flag = 0
      break
  return flag
def get_equal(Input):
  return find_equal_tuple(Input) == 1
📉 Completion Loss: 4.6947

🚨 High-loss Sample 29:
📌 Prompt:
Write a function to sort a list of elements.
📌 Completion:
def comb_sort(nums):
    shrink_fact = 1.3
    gaps = len(nums)
    swapped = True
    i = 0
    while gaps > 1 or swapped:
        gaps = int(float(gaps) / shrink_fact)
        swapped = False
        i = 0
        while gaps + i < len(nums):
            if nums[i] > nums[i+gaps]:
                nums[i], nums[i+gaps] = nums[i+gaps], nums[i]
                swapped = True
            i += 1
    return nums
📉 Completion Loss: 9.6381

🚨 High-loss Sample 30:
📌 Prompt:
Write a python function to check whether the given number can be represented as the difference of two squares or not.
📌 Completion:
def dif_Square(n): 
    if (n % 4 != 2): 
        return True
    return False
📉 Completion Loss: 2.8250

🚨 High-loss Sample 31:
📌 Prompt:
Write a function to check whether it follows the sequence given in the patterns array.
📌 Completion:
def is_samepatterns(colors, patterns):    
    if len(colors) != len(patterns):
        return False    
    sdict = {}
    pset = set()
    sset = set()    
    for i in range(len(patterns)):
        pset.add(patterns[i])
        sset.add(colors[i])
        if patterns[i] not in sdict.keys():
            sdict[patterns[i]] = []

        keys = sdict[patterns[i]]
        keys.append(colors[i])
        sdict[patterns[i]] = keys

    if len(pset) != len(sset):
        return False   

    for values in sdict.values():

        for i in range(len(values) - 1):
            if values[i] != values[i+1]:
                return False

    return True
📉 Completion Loss: 10.3586
[Check] Prompt len: 23, Full len: 64
[Check] Prompt len: 15, Full len: 35
[Check] Prompt len: 17, Full len: 111
[Check] Prompt len: 13, Full len: 42
[Check] Prompt len: 11, Full len: 43
[Check] Prompt len: 26, Full len: 156
[Check] Prompt len: 17, Full len: 68
[Check] Prompt len: 12, Full len: 43

🚨 High-loss Sample 32:
📌 Prompt:
Write a function to find tuples which have all elements divisible by k from the given list of tuples.
📌 Completion:
def find_tuples(test_list, K):
  res = [sub for sub in test_list if all(ele % K == 0 for ele in sub)]
  return res
📉 Completion Loss: 4.1119

🚨 High-loss Sample 33:
📌 Prompt:
Write a python function to find whether a number is divisible by 11.
📌 Completion:
def is_Diff(n): 
    return (n % 11 == 0)
📉 Completion Loss: 2.6392

🚨 High-loss Sample 34:
📌 Prompt:
Write a python function to check whether the length of the word is odd or not.
📌 Completion:
def word_len(s): 
    s = s.split(' ')   
    for word in s:    
        if len(word)%2!=0: 
            return True  
        else:
          return False
📉 Completion Loss: 7.3650

🚨 High-loss Sample 35:
📌 Prompt:
Write a function to find the nth tetrahedral number.
📌 Completion:
def tetrahedral_number(n): 
	return (n * (n + 1) * (n + 2)) / 6
📉 Completion Loss: 3.2229

🚨 High-loss Sample 36:
📌 Prompt:
Write a function to find the volume of a sphere.
📌 Completion:
import math
def volume_sphere(r):
  volume=(4/3)*math.pi*r*r*r
  return volume
📉 Completion Loss: 3.2852

🚨 High-loss Sample 37:
📌 Prompt:
Write a python function to find the character made by adding the ASCII value of all the characters of the given string modulo 26.
📌 Completion:
def get_Char(strr):  
    summ = 0
    for i in range(len(strr)): 
        summ += (ord(strr[i]) - ord('a') + 1)  
    if (summ % 26 == 0): 
        return ord('z') 
    else: 
        summ = summ % 26
        return chr(ord('a') + summ - 1)
📉 Completion Loss: 10.2785

🚨 High-loss Sample 38:
📌 Prompt:
Write a function to find the nth number in the newman conway sequence.
📌 Completion:
def sequence(n): 
	if n == 1 or n == 2: 
		return 1
	else: 
		return sequence(sequence(n-1)) + sequence(n-sequence(n-1))
📉 Completion Loss: 4.4923

🚨 High-loss Sample 39:
📌 Prompt:
Write a function to find the surface area of a sphere.
📌 Completion:
import math
def surfacearea_sphere(r):
  surfacearea=4*math.pi*r*r
  return surfacearea
📉 Completion Loss: 3.2307
[Check] Prompt len: 12, Full len: 36
[Check] Prompt len: 13, Full len: 70
[Check] Prompt len: 20, Full len: 53
[Check] Prompt len: 12, Full len: 27
[Check] Prompt len: 13, Full len: 84
[Check] Prompt len: 22, Full len: 66
[Check] Prompt len: 15, Full len: 92
[Check] Prompt len: 17, Full len: 80

🚨 High-loss Sample 40:
📌 Prompt:
Write a function to find nth centered hexagonal number.
📌 Completion:
def centered_hexagonal_number(n):
  return 3 * n * (n - 1) + 1
📉 Completion Loss: 4.0553

🚨 High-loss Sample 41:
📌 Prompt:
Write a function to merge three dictionaries into a single dictionary.
📌 Completion:
import collections as ct
def merge_dictionaries_three(dict1,dict2, dict3):
    merged_dict = dict(ct.ChainMap({},dict1,dict2,dict3))
    return merged_dict
📉 Completion Loss: 7.6352

🚨 High-loss Sample 42:
📌 Prompt:
Write a function to get the frequency of all the elements in a list, returned as a dictionary.
📌 Completion:
import collections
def freq_count(list1):
  freq_count= collections.Counter(list1)
  return freq_count
📉 Completion Loss: 5.1931

🚨 High-loss Sample 43:
📌 Prompt:
Write a function to find the closest smaller number than n.
📌 Completion:
def closest_num(N):
  return (N - 1)
📉 Completion Loss: 3.0612

🚨 High-loss Sample 44:
📌 Prompt:
Write a python function to find the length of the longest word.
📌 Completion:
def len_log(list1):
    max=len(list1[0])
    for i in list1:
        if len(i)>max:
            max=len(i)
    return max
📉 Completion Loss: 9.2228

🚨 High-loss Sample 45:
📌 Prompt:
Write a function to check if a string is present as a substring in a given list of string values.
📌 Completion:
def find_substring(str1, sub_str):
   if any(sub_str in s for s in str1):
       return True
   return False
📉 Completion Loss: 6.8504

🚨 High-loss Sample 46:
📌 Prompt:
Write a function to check whether the given number is undulating or not.
📌 Completion:
def is_undulating(n): 
	n = str(n)
	if (len(n) <= 2): 
		return False
	for i in range(2, len(n)): 
		if (n[i - 2] != n[i]): 
			return False
	return True
📉 Completion Loss: 9.8881

🚨 High-loss Sample 47:
📌 Prompt:
Write a function to calculate the value of 'a' to the power 'b'.
📌 Completion:
def power(a,b):
	if b==0:
		return 1
	elif a==0:
		return 0
	elif b==1:
		return a
	else:
		return a*power(a,b-1)
📉 Completion Loss: 8.3226
[Check] Prompt len: 24, Full len: 68
[Check] Prompt len: 18, Full len: 56

🚨 High-loss Sample 48:
📌 Prompt:
Given a list of tuples, write a function that returns the first value of the tuple with the smallest second value.
📌 Completion:
from operator import itemgetter 
def index_minimum(test_list):
  res = min(test_list, key = itemgetter(1))[0]
  return (res)
📉 Completion Loss: 10.1891

🚨 High-loss Sample 49:
📌 Prompt:
Write a python function to find the length of the smallest list in a list of lists.
📌 Completion:
def Find_Min_Length(lst):  
    minLength = min(len(x) for x in lst )
    return minLength
📉 Completion Loss: 8.1457
✅ Evaluation Complete. Final Avg Loss = 5.4976, Perplexity = 244.11
[Step 800] PPL(A2C) = 244.11 | AvgR = 0.3732
[Check] Prompt len: 14, Full len: 61
[Check] Prompt len: 11, Full len: 89
[Check] Prompt len: 21, Full len: 65
[Check] Prompt len: 19, Full len: 83
[Check] Prompt len: 18, Full len: 53
[Check] Prompt len: 13, Full len: 48
[Check] Prompt len: 25, Full len: 127
[Check] Prompt len: 18, Full len: 189

🚨 High-loss Sample 0:
📌 Prompt:
Write a function to find the shared elements from the given two lists.
📌 Completion:
def similar_elements(test_tup1, test_tup2):
  res = tuple(set(test_tup1) & set(test_tup2))
  return (res)
📉 Completion Loss: 3.7131

🚨 High-loss Sample 1:
📌 Prompt:
Write a python function to identify non-prime numbers.
📌 Completion:
import math
def is_not_prime(n):
    result = False
    for i in range(2,int(math.sqrt(n)) + 1):
        if n % i == 0:
            result = True
    return result
📉 Completion Loss: 5.1316

🚨 High-loss Sample 2:
📌 Prompt:
Write a function to find the n largest integers from a given list of numbers, returned in descending order.
📌 Completion:
import heapq as hq
def heap_queue_largest(nums,n):
  largest_nums = hq.nlargest(n, nums)
  return largest_nums
📉 Completion Loss: 3.5436

🚨 High-loss Sample 3:
📌 Prompt:
Write a python function to check whether the two numbers differ at one bit position only or not.
📌 Completion:
def is_Power_Of_Two (x): 
    return x and (not(x & (x - 1))) 
def differ_At_One_Bit_Pos(a,b): 
    return is_Power_Of_Two(a ^ b)
📉 Completion Loss: 4.6407

🚨 High-loss Sample 4:
📌 Prompt:
Write a function to find all words which are at least 4 characters long in a string.
📌 Completion:
import re
def find_char_long(text):
  return (re.findall(r"\b\w{4,}\b", text))
📉 Completion Loss: 3.0716

🚨 High-loss Sample 5:
📌 Prompt:
Write a function to find squares of individual elements in a list.
📌 Completion:
def square_nums(nums):
 square_nums = list(map(lambda x: x ** 2, nums))
 return square_nums
📉 Completion Loss: 3.0069

🚨 High-loss Sample 6:
📌 Prompt:
Write a python function to find the minimum number of rotations (greater than 0) required to get the same string.
📌 Completion:
def find_Rotations(str): 
    tmp = str + str
    n = len(str) 
    for i in range(1,n + 1): 
        substring = tmp[i: i+n] 
        if (str == substring): 
            return i 
    return n
📉 Completion Loss: 6.8403

🚨 High-loss Sample 7:
📌 Prompt:
Write a python function to remove first and last occurrence of a given character from the string.
📌 Completion:
def remove_Occ(s,ch): 
    for i in range(len(s)): 
        if (s[i] == ch): 
            s = s[0 : i] + s[i + 1:] 
            break
    for i in range(len(s) - 1,-1,-1):  
        if (s[i] == ch): 
            s = s[0 : i] + s[i + 1:] 
            break
    return s
📉 Completion Loss: 10.3492
[Check] Prompt len: 19, Full len: 47
[Check] Prompt len: 13, Full len: 41
[Check] Prompt len: 25, Full len: 129
[Check] Prompt len: 17, Full len: 36
[Check] Prompt len: 18, Full len: 256
[Check] Prompt len: 16, Full len: 65
[Check] Prompt len: 15, Full len: 114
[Check] Prompt len: 18, Full len: 124

🚨 High-loss Sample 8:
📌 Prompt:
Write a function to sort a given matrix in ascending order according to the sum of its rows.
📌 Completion:
def sort_matrix(M):
    result = sorted(M, key=sum)
    return result
📉 Completion Loss: 2.3559

🚨 High-loss Sample 9:
📌 Prompt:
Write a python function to find the volume of a triangular prism.
📌 Completion:
def find_Volume(l,b,h) : 
    return ((l * b * h) / 2)
📉 Completion Loss: 2.3443

🚨 High-loss Sample 10:
📌 Prompt:
Write a function to that returns true if the input string contains sequences of lowercase letters joined with an underscore and false otherwise.
📌 Completion:
import re
def text_lowercase_underscore(text):
        patterns = '^[a-z]+_[a-z]+$'
        if re.search(patterns,  text):
                return True
        else:
                return False
📉 Completion Loss: 5.3046

🚨 High-loss Sample 11:
📌 Prompt:
Write a function that returns the perimeter of a square given its side length as input.
📌 Completion:
def square_perimeter(a):
  perimeter=4*a
  return perimeter
📉 Completion Loss: 2.0157

🚨 High-loss Sample 12:
📌 Prompt:
Write a function to remove characters from the first string which are present in the second string.
📌 Completion:
NO_OF_CHARS = 256
def str_to_list(string): 
	temp = [] 
	for x in string: 
		temp.append(x) 
	return temp 
def lst_to_string(List): 
	return ''.join(List) 
def get_char_count_array(string): 
	count = [0] * NO_OF_CHARS 
	for i in string: 
		count[ord(i)] += 1
	return count 
def remove_dirty_chars(string, second_string): 
	count = get_char_count_array(second_string) 
	ip_ind = 0
	res_ind = 0
	temp = '' 
	str_list = str_to_list(string) 
	while ip_ind != len(str_list): 
		temp = str_list[ip_ind] 
		if count[ord(temp)] == 0: 
			str_list[res_ind] = str_list[ip_ind] 
			res_ind += 1
		ip_ind+=1
	return lst_to_string(str_list[0:res_ind])
📉 Completion Loss: 9.9799

🚨 High-loss Sample 13:
📌 Prompt:
Write a function to find whether a given array of integers contains any duplicate element.
📌 Completion:
def test_duplicate(arraynums):
    nums_set = set(arraynums)    
    return len(arraynums) != len(nums_set)
📉 Completion Loss: 3.1258

🚨 High-loss Sample 14:
📌 Prompt:
Write a function to check if the given number is woodball or not.
📌 Completion:
def is_woodall(x): 
	if (x % 2 == 0): 
		return False
	if (x == 1): 
		return True
	x = x + 1 
	p = 0
	while (x % 2 == 0): 
		x = x/2
		p = p + 1
		if (p == x): 
			return True
	return False
📉 Completion Loss: 4.7993

🚨 High-loss Sample 15:
📌 Prompt:
Write a python function to check if a given number is one less than twice its reverse.
📌 Completion:
def rev(num):    
    rev_num = 0
    while (num > 0):  
        rev_num = (rev_num * 10 + num % 10) 
        num = num // 10  
    return rev_num  
def check(n):    
    return (2 * rev(n) == n + 1)
📉 Completion Loss: 5.2833
[Check] Prompt len: 20, Full len: 105
[Check] Prompt len: 17, Full len: 41
[Check] Prompt len: 12, Full len: 33
[Check] Prompt len: 21, Full len: 155
[Check] Prompt len: 12, Full len: 26
[Check] Prompt len: 17, Full len: 61
[Check] Prompt len: 18, Full len: 75
[Check] Prompt len: 15, Full len: 87

🚨 High-loss Sample 16:
📌 Prompt:
Write a python function to find the largest number that can be formed with the given list of digits.
📌 Completion:
def find_Max_Num(arr) : 
    n = len(arr)
    arr.sort(reverse = True) 
    num = arr[0] 
    for i in range(1,n) : 
        num = num * 10 + arr[i] 
    return num
📉 Completion Loss: 6.8343

🚨 High-loss Sample 17:
📌 Prompt:
Write a python function to check whether the given two integers have opposite sign or not.
📌 Completion:
def opposite_Signs(x,y): 
    return ((x ^ y) < 0);
📉 Completion Loss: 2.8482

🚨 High-loss Sample 18:
📌 Prompt:
Write a function to find the nth octagonal number.
📌 Completion:
def is_octagonal(n): 
	return 3 * n * n - 2 * n
📉 Completion Loss: 2.6141

🚨 High-loss Sample 19:
📌 Prompt:
Write a python function to count the number of substrings with the sum of digits equal to their length.
📌 Completion:
from collections import defaultdict
def count_Substrings(s):
    n = len(s)
    count,sum = 0,0
    mp = defaultdict(lambda : 0)
    mp[0] += 1
    for i in range(n):
        sum += ord(s[i]) - ord('0')
        count += mp[sum - (i + 1)]
        mp[sum - (i + 1)] += 1
    return count
📉 Completion Loss: 10.1702

🚨 High-loss Sample 20:
📌 Prompt:
Write a python function to find smallest number in a list.
📌 Completion:
def smallest_num(xs):
  return min(xs)
📉 Completion Loss: 2.1971

🚨 High-loss Sample 21:
📌 Prompt:
Write a function to find the maximum difference between available pairs in the given tuple list.
📌 Completion:
def max_difference(test_list):
  temp = [abs(b - a) for a, b in test_list]
  res = max(temp)
  return (res)
📉 Completion Loss: 4.0902

🚨 High-loss Sample 22:
📌 Prompt:
Write a function to sort a list of tuples using the second value of each tuple.
📌 Completion:
def subject_marks(subjectmarks):
#subject_marks = [('English', 88), ('Science', 90), ('Maths', 97), ('Social sciences', 82)])
 subjectmarks.sort(key = lambda x: x[1])
 return subjectmarks
📉 Completion Loss: 4.9779

🚨 High-loss Sample 23:
📌 Prompt:
Write a function to flatten a list and sum all of its elements.
📌 Completion:
def recursive_list_sum(data_list):
	total = 0
	for element in data_list:
		if type(element) == type([]):
			total = total + recursive_list_sum(element)
		else:
			total = total + element
	return total
📉 Completion Loss: 5.7415
[Check] Prompt len: 15, Full len: 64
[Check] Prompt len: 17, Full len: 181
[Check] Prompt len: 17, Full len: 96
[Check] Prompt len: 16, Full len: 193
[Check] Prompt len: 17, Full len: 109
[Check] Prompt len: 10, Full len: 238
[Check] Prompt len: 22, Full len: 60
[Check] Prompt len: 16, Full len: 256

🚨 High-loss Sample 24:
📌 Prompt:
Write a python function to count the number of positive numbers in a list.
📌 Completion:
def pos_count(list):
  pos_count= 0
  for num in list: 
    if num >= 0: 
      pos_count += 1
  return pos_count
📉 Completion Loss: 3.0315

🚨 High-loss Sample 25:
📌 Prompt:
Write a function to find the number of ways to partition a set of Bell numbers.
📌 Completion:
def bell_number(n):   
    bell = [[0 for i in range(n+1)] for j in range(n+1)] 
    bell[0][0] = 1
    for i in range(1, n+1): 
        bell[i][0] = bell[i-1][i-1]  
        for j in range(1, i+1): 
            bell[i][j] = bell[i-1][j-1] + bell[i][j-1]   
    return bell[n][0]
📉 Completion Loss: 7.4312

🚨 High-loss Sample 26:
📌 Prompt:
Write a python function to check whether the given array is monotonic or not.
📌 Completion:
def is_Monotonic(A): 
    return (all(A[i] <= A[i + 1] for i in range(len(A) - 1)) or
            all(A[i] >= A[i + 1] for i in range(len(A) - 1)))
📉 Completion Loss: 4.3251

🚨 High-loss Sample 27:
📌 Prompt:
Write a function to check whether a list contains the given sublist or not.
📌 Completion:
def is_sublist(l, s):
	sub_set = False
	if s == []:
		sub_set = True
	elif s == l:
		sub_set = True
	elif len(s) > len(l):
		sub_set = False
	else:
		for i in range(len(l)):
			if l[i] == s[0]:
				n = 1
				while (n < len(s)) and (l[i+n] == s[n]):
					n += 1				
				if n == len(s):
					sub_set = True
	return sub_set
📉 Completion Loss: 7.6908

🚨 High-loss Sample 28:
📌 Prompt:
Write a function to find whether all the given tuples have equal length or not.
📌 Completion:
def find_equal_tuple(Input):
  k = 0 if not Input else len(Input[0])
  flag = 1
  for tuple in Input:
    if len(tuple) != k:
      flag = 0
      break
  return flag
def get_equal(Input):
  return find_equal_tuple(Input) == 1
📉 Completion Loss: 4.6242

🚨 High-loss Sample 29:
📌 Prompt:
Write a function to sort a list of elements.
📌 Completion:
def comb_sort(nums):
    shrink_fact = 1.3
    gaps = len(nums)
    swapped = True
    i = 0
    while gaps > 1 or swapped:
        gaps = int(float(gaps) / shrink_fact)
        swapped = False
        i = 0
        while gaps + i < len(nums):
            if nums[i] > nums[i+gaps]:
                nums[i], nums[i+gaps] = nums[i+gaps], nums[i]
                swapped = True
            i += 1
    return nums
📉 Completion Loss: 9.6094

🚨 High-loss Sample 30:
📌 Prompt:
Write a python function to check whether the given number can be represented as the difference of two squares or not.
📌 Completion:
def dif_Square(n): 
    if (n % 4 != 2): 
        return True
    return False
📉 Completion Loss: 2.7303

🚨 High-loss Sample 31:
📌 Prompt:
Write a function to check whether it follows the sequence given in the patterns array.
📌 Completion:
def is_samepatterns(colors, patterns):    
    if len(colors) != len(patterns):
        return False    
    sdict = {}
    pset = set()
    sset = set()    
    for i in range(len(patterns)):
        pset.add(patterns[i])
        sset.add(colors[i])
        if patterns[i] not in sdict.keys():
            sdict[patterns[i]] = []

        keys = sdict[patterns[i]]
        keys.append(colors[i])
        sdict[patterns[i]] = keys

    if len(pset) != len(sset):
        return False   

    for values in sdict.values():

        for i in range(len(values) - 1):
            if values[i] != values[i+1]:
                return False

    return True
📉 Completion Loss: 10.3339
[Check] Prompt len: 23, Full len: 64
[Check] Prompt len: 15, Full len: 35
[Check] Prompt len: 17, Full len: 111
[Check] Prompt len: 13, Full len: 42
[Check] Prompt len: 11, Full len: 43
[Check] Prompt len: 26, Full len: 156
[Check] Prompt len: 17, Full len: 68
[Check] Prompt len: 12, Full len: 43

🚨 High-loss Sample 32:
📌 Prompt:
Write a function to find tuples which have all elements divisible by k from the given list of tuples.
📌 Completion:
def find_tuples(test_list, K):
  res = [sub for sub in test_list if all(ele % K == 0 for ele in sub)]
  return res
📉 Completion Loss: 4.0497

🚨 High-loss Sample 33:
📌 Prompt:
Write a python function to find whether a number is divisible by 11.
📌 Completion:
def is_Diff(n): 
    return (n % 11 == 0)
📉 Completion Loss: 2.5471

🚨 High-loss Sample 34:
📌 Prompt:
Write a python function to check whether the length of the word is odd or not.
📌 Completion:
def word_len(s): 
    s = s.split(' ')   
    for word in s:    
        if len(word)%2!=0: 
            return True  
        else:
          return False
📉 Completion Loss: 7.3399

🚨 High-loss Sample 35:
📌 Prompt:
Write a function to find the nth tetrahedral number.
📌 Completion:
def tetrahedral_number(n): 
	return (n * (n + 1) * (n + 2)) / 6
📉 Completion Loss: 3.1303

🚨 High-loss Sample 36:
📌 Prompt:
Write a function to find the volume of a sphere.
📌 Completion:
import math
def volume_sphere(r):
  volume=(4/3)*math.pi*r*r*r
  return volume
📉 Completion Loss: 3.1950

🚨 High-loss Sample 37:
📌 Prompt:
Write a python function to find the character made by adding the ASCII value of all the characters of the given string modulo 26.
📌 Completion:
def get_Char(strr):  
    summ = 0
    for i in range(len(strr)): 
        summ += (ord(strr[i]) - ord('a') + 1)  
    if (summ % 26 == 0): 
        return ord('z') 
    else: 
        summ = summ % 26
        return chr(ord('a') + summ - 1)
📉 Completion Loss: 10.2521

🚨 High-loss Sample 38:
📌 Prompt:
Write a function to find the nth number in the newman conway sequence.
📌 Completion:
def sequence(n): 
	if n == 1 or n == 2: 
		return 1
	else: 
		return sequence(sequence(n-1)) + sequence(n-sequence(n-1))
📉 Completion Loss: 4.4451

🚨 High-loss Sample 39:
📌 Prompt:
Write a function to find the surface area of a sphere.
📌 Completion:
import math
def surfacearea_sphere(r):
  surfacearea=4*math.pi*r*r
  return surfacearea
📉 Completion Loss: 3.1467
[Check] Prompt len: 12, Full len: 36
[Check] Prompt len: 13, Full len: 70
[Check] Prompt len: 20, Full len: 53
[Check] Prompt len: 12, Full len: 27
[Check] Prompt len: 13, Full len: 84
[Check] Prompt len: 22, Full len: 66
[Check] Prompt len: 15, Full len: 92
[Check] Prompt len: 17, Full len: 80

🚨 High-loss Sample 40:
📌 Prompt:
Write a function to find nth centered hexagonal number.
📌 Completion:
def centered_hexagonal_number(n):
  return 3 * n * (n - 1) + 1
📉 Completion Loss: 3.9686

🚨 High-loss Sample 41:
📌 Prompt:
Write a function to merge three dictionaries into a single dictionary.
📌 Completion:
import collections as ct
def merge_dictionaries_three(dict1,dict2, dict3):
    merged_dict = dict(ct.ChainMap({},dict1,dict2,dict3))
    return merged_dict
📉 Completion Loss: 7.5986

🚨 High-loss Sample 42:
📌 Prompt:
Write a function to get the frequency of all the elements in a list, returned as a dictionary.
📌 Completion:
import collections
def freq_count(list1):
  freq_count= collections.Counter(list1)
  return freq_count
📉 Completion Loss: 5.1648

🚨 High-loss Sample 43:
📌 Prompt:
Write a function to find the closest smaller number than n.
📌 Completion:
def closest_num(N):
  return (N - 1)
📉 Completion Loss: 2.9712

🚨 High-loss Sample 44:
📌 Prompt:
Write a python function to find the length of the longest word.
📌 Completion:
def len_log(list1):
    max=len(list1[0])
    for i in list1:
        if len(i)>max:
            max=len(i)
    return max
📉 Completion Loss: 9.2098

🚨 High-loss Sample 45:
📌 Prompt:
Write a function to check if a string is present as a substring in a given list of string values.
📌 Completion:
def find_substring(str1, sub_str):
   if any(sub_str in s for s in str1):
       return True
   return False
📉 Completion Loss: 6.8380

🚨 High-loss Sample 46:
📌 Prompt:
Write a function to check whether the given number is undulating or not.
📌 Completion:
def is_undulating(n): 
	n = str(n)
	if (len(n) <= 2): 
		return False
	for i in range(2, len(n)): 
		if (n[i - 2] != n[i]): 
			return False
	return True
📉 Completion Loss: 9.9065

🚨 High-loss Sample 47:
📌 Prompt:
Write a function to calculate the value of 'a' to the power 'b'.
📌 Completion:
def power(a,b):
	if b==0:
		return 1
	elif a==0:
		return 0
	elif b==1:
		return a
	else:
		return a*power(a,b-1)
📉 Completion Loss: 8.3390
[Check] Prompt len: 24, Full len: 68
[Check] Prompt len: 18, Full len: 56

🚨 High-loss Sample 48:
📌 Prompt:
Given a list of tuples, write a function that returns the first value of the tuple with the smallest second value.
📌 Completion:
from operator import itemgetter 
def index_minimum(test_list):
  res = min(test_list, key = itemgetter(1))[0]
  return (res)
📉 Completion Loss: 10.1800

🚨 High-loss Sample 49:
📌 Prompt:
Write a python function to find the length of the smallest list in a list of lists.
📌 Completion:
def Find_Min_Length(lst):  
    minLength = min(len(x) for x in lst )
    return minLength
📉 Completion Loss: 8.1193
✅ Evaluation Complete. Final Avg Loss = 5.4562, Perplexity = 234.21
[Step 850] PPL(A2C) = 234.21 | AvgR = 0.3369
[Check] Prompt len: 14, Full len: 61
[Check] Prompt len: 11, Full len: 89
[Check] Prompt len: 21, Full len: 65
[Check] Prompt len: 19, Full len: 83
[Check] Prompt len: 18, Full len: 53
[Check] Prompt len: 13, Full len: 48
[Check] Prompt len: 25, Full len: 127
[Check] Prompt len: 18, Full len: 189

🚨 High-loss Sample 0:
📌 Prompt:
Write a function to find the shared elements from the given two lists.
📌 Completion:
def similar_elements(test_tup1, test_tup2):
  res = tuple(set(test_tup1) & set(test_tup2))
  return (res)
📉 Completion Loss: 3.6347

🚨 High-loss Sample 1:
📌 Prompt:
Write a python function to identify non-prime numbers.
📌 Completion:
import math
def is_not_prime(n):
    result = False
    for i in range(2,int(math.sqrt(n)) + 1):
        if n % i == 0:
            result = True
    return result
📉 Completion Loss: 5.0744

🚨 High-loss Sample 2:
📌 Prompt:
Write a function to find the n largest integers from a given list of numbers, returned in descending order.
📌 Completion:
import heapq as hq
def heap_queue_largest(nums,n):
  largest_nums = hq.nlargest(n, nums)
  return largest_nums
📉 Completion Loss: 3.4534

🚨 High-loss Sample 3:
📌 Prompt:
Write a python function to check whether the two numbers differ at one bit position only or not.
📌 Completion:
def is_Power_Of_Two (x): 
    return x and (not(x & (x - 1))) 
def differ_At_One_Bit_Pos(a,b): 
    return is_Power_Of_Two(a ^ b)
📉 Completion Loss: 4.5658

🚨 High-loss Sample 4:
📌 Prompt:
Write a function to find all words which are at least 4 characters long in a string.
📌 Completion:
import re
def find_char_long(text):
  return (re.findall(r"\b\w{4,}\b", text))
📉 Completion Loss: 2.9878

🚨 High-loss Sample 5:
📌 Prompt:
Write a function to find squares of individual elements in a list.
📌 Completion:
def square_nums(nums):
 square_nums = list(map(lambda x: x ** 2, nums))
 return square_nums
📉 Completion Loss: 2.9226

🚨 High-loss Sample 6:
📌 Prompt:
Write a python function to find the minimum number of rotations (greater than 0) required to get the same string.
📌 Completion:
def find_Rotations(str): 
    tmp = str + str
    n = len(str) 
    for i in range(1,n + 1): 
        substring = tmp[i: i+n] 
        if (str == substring): 
            return i 
    return n
📉 Completion Loss: 6.7891

🚨 High-loss Sample 7:
📌 Prompt:
Write a python function to remove first and last occurrence of a given character from the string.
📌 Completion:
def remove_Occ(s,ch): 
    for i in range(len(s)): 
        if (s[i] == ch): 
            s = s[0 : i] + s[i + 1:] 
            break
    for i in range(len(s) - 1,-1,-1):  
        if (s[i] == ch): 
            s = s[0 : i] + s[i + 1:] 
            break
    return s
📉 Completion Loss: 10.3229
[Check] Prompt len: 19, Full len: 47
[Check] Prompt len: 13, Full len: 41
[Check] Prompt len: 25, Full len: 129
[Check] Prompt len: 17, Full len: 36
[Check] Prompt len: 18, Full len: 256
[Check] Prompt len: 16, Full len: 65
[Check] Prompt len: 15, Full len: 114
[Check] Prompt len: 18, Full len: 124

🚨 High-loss Sample 8:
📌 Prompt:
Write a function to sort a given matrix in ascending order according to the sum of its rows.
📌 Completion:
def sort_matrix(M):
    result = sorted(M, key=sum)
    return result
📉 Completion Loss: 2.2781

🚨 High-loss Sample 9:
📌 Prompt:
Write a python function to find the volume of a triangular prism.
📌 Completion:
def find_Volume(l,b,h) : 
    return ((l * b * h) / 2)
📉 Completion Loss: 2.2654

🚨 High-loss Sample 10:
📌 Prompt:
Write a function to that returns true if the input string contains sequences of lowercase letters joined with an underscore and false otherwise.
📌 Completion:
import re
def text_lowercase_underscore(text):
        patterns = '^[a-z]+_[a-z]+$'
        if re.search(patterns,  text):
                return True
        else:
                return False
📉 Completion Loss: 5.2415

🚨 High-loss Sample 11:
📌 Prompt:
Write a function that returns the perimeter of a square given its side length as input.
📌 Completion:
def square_perimeter(a):
  perimeter=4*a
  return perimeter
📉 Completion Loss: 1.9292

🚨 High-loss Sample 12:
📌 Prompt:
Write a function to remove characters from the first string which are present in the second string.
📌 Completion:
NO_OF_CHARS = 256
def str_to_list(string): 
	temp = [] 
	for x in string: 
		temp.append(x) 
	return temp 
def lst_to_string(List): 
	return ''.join(List) 
def get_char_count_array(string): 
	count = [0] * NO_OF_CHARS 
	for i in string: 
		count[ord(i)] += 1
	return count 
def remove_dirty_chars(string, second_string): 
	count = get_char_count_array(second_string) 
	ip_ind = 0
	res_ind = 0
	temp = '' 
	str_list = str_to_list(string) 
	while ip_ind != len(str_list): 
		temp = str_list[ip_ind] 
		if count[ord(temp)] == 0: 
			str_list[res_ind] = str_list[ip_ind] 
			res_ind += 1
		ip_ind+=1
	return lst_to_string(str_list[0:res_ind])
📉 Completion Loss: 9.9657

🚨 High-loss Sample 13:
📌 Prompt:
Write a function to find whether a given array of integers contains any duplicate element.
📌 Completion:
def test_duplicate(arraynums):
    nums_set = set(arraynums)    
    return len(arraynums) != len(nums_set)
📉 Completion Loss: 3.0474

🚨 High-loss Sample 14:
📌 Prompt:
Write a function to check if the given number is woodball or not.
📌 Completion:
def is_woodall(x): 
	if (x % 2 == 0): 
		return False
	if (x == 1): 
		return True
	x = x + 1 
	p = 0
	while (x % 2 == 0): 
		x = x/2
		p = p + 1
		if (p == x): 
			return True
	return False
📉 Completion Loss: 4.7238

🚨 High-loss Sample 15:
📌 Prompt:
Write a python function to check if a given number is one less than twice its reverse.
📌 Completion:
def rev(num):    
    rev_num = 0
    while (num > 0):  
        rev_num = (rev_num * 10 + num % 10) 
        num = num // 10  
    return rev_num  
def check(n):    
    return (2 * rev(n) == n + 1)
📉 Completion Loss: 5.2211
[Check] Prompt len: 20, Full len: 105
[Check] Prompt len: 17, Full len: 41
[Check] Prompt len: 12, Full len: 33
[Check] Prompt len: 21, Full len: 155
[Check] Prompt len: 12, Full len: 26
[Check] Prompt len: 17, Full len: 61
[Check] Prompt len: 18, Full len: 75
[Check] Prompt len: 15, Full len: 87

🚨 High-loss Sample 16:
📌 Prompt:
Write a python function to find the largest number that can be formed with the given list of digits.
📌 Completion:
def find_Max_Num(arr) : 
    n = len(arr)
    arr.sort(reverse = True) 
    num = arr[0] 
    for i in range(1,n) : 
        num = num * 10 + arr[i] 
    return num
📉 Completion Loss: 6.7396

🚨 High-loss Sample 17:
📌 Prompt:
Write a python function to check whether the given two integers have opposite sign or not.
📌 Completion:
def opposite_Signs(x,y): 
    return ((x ^ y) < 0);
📉 Completion Loss: 2.7534

🚨 High-loss Sample 18:
📌 Prompt:
Write a function to find the nth octagonal number.
📌 Completion:
def is_octagonal(n): 
	return 3 * n * n - 2 * n
📉 Completion Loss: 2.5295

🚨 High-loss Sample 19:
📌 Prompt:
Write a python function to count the number of substrings with the sum of digits equal to their length.
📌 Completion:
from collections import defaultdict
def count_Substrings(s):
    n = len(s)
    count,sum = 0,0
    mp = defaultdict(lambda : 0)
    mp[0] += 1
    for i in range(n):
        sum += ord(s[i]) - ord('0')
        count += mp[sum - (i + 1)]
        mp[sum - (i + 1)] += 1
    return count
📉 Completion Loss: 10.1738

🚨 High-loss Sample 20:
📌 Prompt:
Write a python function to find smallest number in a list.
📌 Completion:
def smallest_num(xs):
  return min(xs)
📉 Completion Loss: 2.1124

🚨 High-loss Sample 21:
📌 Prompt:
Write a function to find the maximum difference between available pairs in the given tuple list.
📌 Completion:
def max_difference(test_list):
  temp = [abs(b - a) for a, b in test_list]
  res = max(temp)
  return (res)
📉 Completion Loss: 3.9891

🚨 High-loss Sample 22:
📌 Prompt:
Write a function to sort a list of tuples using the second value of each tuple.
📌 Completion:
def subject_marks(subjectmarks):
#subject_marks = [('English', 88), ('Science', 90), ('Maths', 97), ('Social sciences', 82)])
 subjectmarks.sort(key = lambda x: x[1])
 return subjectmarks
📉 Completion Loss: 4.9042

🚨 High-loss Sample 23:
📌 Prompt:
Write a function to flatten a list and sum all of its elements.
📌 Completion:
def recursive_list_sum(data_list):
	total = 0
	for element in data_list:
		if type(element) == type([]):
			total = total + recursive_list_sum(element)
		else:
			total = total + element
	return total
📉 Completion Loss: 5.6600
[Check] Prompt len: 15, Full len: 64
[Check] Prompt len: 17, Full len: 181
[Check] Prompt len: 17, Full len: 96
[Check] Prompt len: 16, Full len: 193
[Check] Prompt len: 17, Full len: 109
[Check] Prompt len: 10, Full len: 238
[Check] Prompt len: 22, Full len: 60
[Check] Prompt len: 16, Full len: 256

🚨 High-loss Sample 24:
📌 Prompt:
Write a python function to count the number of positive numbers in a list.
📌 Completion:
def pos_count(list):
  pos_count= 0
  for num in list: 
    if num >= 0: 
      pos_count += 1
  return pos_count
📉 Completion Loss: 2.9342

🚨 High-loss Sample 25:
📌 Prompt:
Write a function to find the number of ways to partition a set of Bell numbers.
📌 Completion:
def bell_number(n):   
    bell = [[0 for i in range(n+1)] for j in range(n+1)] 
    bell[0][0] = 1
    for i in range(1, n+1): 
        bell[i][0] = bell[i-1][i-1]  
        for j in range(1, i+1): 
            bell[i][j] = bell[i-1][j-1] + bell[i][j-1]   
    return bell[n][0]
📉 Completion Loss: 7.3828

🚨 High-loss Sample 26:
📌 Prompt:
Write a python function to check whether the given array is monotonic or not.
📌 Completion:
def is_Monotonic(A): 
    return (all(A[i] <= A[i + 1] for i in range(len(A) - 1)) or
            all(A[i] >= A[i + 1] for i in range(len(A) - 1)))
📉 Completion Loss: 4.2603

🚨 High-loss Sample 27:
📌 Prompt:
Write a function to check whether a list contains the given sublist or not.
📌 Completion:
def is_sublist(l, s):
	sub_set = False
	if s == []:
		sub_set = True
	elif s == l:
		sub_set = True
	elif len(s) > len(l):
		sub_set = False
	else:
		for i in range(len(l)):
			if l[i] == s[0]:
				n = 1
				while (n < len(s)) and (l[i+n] == s[n]):
					n += 1				
				if n == len(s):
					sub_set = True
	return sub_set
📉 Completion Loss: 7.6514

🚨 High-loss Sample 28:
📌 Prompt:
Write a function to find whether all the given tuples have equal length or not.
📌 Completion:
def find_equal_tuple(Input):
  k = 0 if not Input else len(Input[0])
  flag = 1
  for tuple in Input:
    if len(tuple) != k:
      flag = 0
      break
  return flag
def get_equal(Input):
  return find_equal_tuple(Input) == 1
📉 Completion Loss: 4.5467

🚨 High-loss Sample 29:
📌 Prompt:
Write a function to sort a list of elements.
📌 Completion:
def comb_sort(nums):
    shrink_fact = 1.3
    gaps = len(nums)
    swapped = True
    i = 0
    while gaps > 1 or swapped:
        gaps = int(float(gaps) / shrink_fact)
        swapped = False
        i = 0
        while gaps + i < len(nums):
            if nums[i] > nums[i+gaps]:
                nums[i], nums[i+gaps] = nums[i+gaps], nums[i]
                swapped = True
            i += 1
    return nums
📉 Completion Loss: 9.6061

🚨 High-loss Sample 30:
📌 Prompt:
Write a python function to check whether the given number can be represented as the difference of two squares or not.
📌 Completion:
def dif_Square(n): 
    if (n % 4 != 2): 
        return True
    return False
📉 Completion Loss: 2.6406

🚨 High-loss Sample 31:
📌 Prompt:
Write a function to check whether it follows the sequence given in the patterns array.
📌 Completion:
def is_samepatterns(colors, patterns):    
    if len(colors) != len(patterns):
        return False    
    sdict = {}
    pset = set()
    sset = set()    
    for i in range(len(patterns)):
        pset.add(patterns[i])
        sset.add(colors[i])
        if patterns[i] not in sdict.keys():
            sdict[patterns[i]] = []

        keys = sdict[patterns[i]]
        keys.append(colors[i])
        sdict[patterns[i]] = keys

    if len(pset) != len(sset):
        return False   

    for values in sdict.values():

        for i in range(len(values) - 1):
            if values[i] != values[i+1]:
                return False

    return True
📉 Completion Loss: 10.3343
[Check] Prompt len: 23, Full len: 64
[Check] Prompt len: 15, Full len: 35
[Check] Prompt len: 17, Full len: 111
[Check] Prompt len: 13, Full len: 42
[Check] Prompt len: 11, Full len: 43
[Check] Prompt len: 26, Full len: 156
[Check] Prompt len: 17, Full len: 68
[Check] Prompt len: 12, Full len: 43

🚨 High-loss Sample 32:
📌 Prompt:
Write a function to find tuples which have all elements divisible by k from the given list of tuples.
📌 Completion:
def find_tuples(test_list, K):
  res = [sub for sub in test_list if all(ele % K == 0 for ele in sub)]
  return res
📉 Completion Loss: 3.9486

🚨 High-loss Sample 33:
📌 Prompt:
Write a python function to find whether a number is divisible by 11.
📌 Completion:
def is_Diff(n): 
    return (n % 11 == 0)
📉 Completion Loss: 2.4543

🚨 High-loss Sample 34:
📌 Prompt:
Write a python function to check whether the length of the word is odd or not.
📌 Completion:
def word_len(s): 
    s = s.split(' ')   
    for word in s:    
        if len(word)%2!=0: 
            return True  
        else:
          return False
📉 Completion Loss: 7.2407

🚨 High-loss Sample 35:
📌 Prompt:
Write a function to find the nth tetrahedral number.
📌 Completion:
def tetrahedral_number(n): 
	return (n * (n + 1) * (n + 2)) / 6
📉 Completion Loss: 3.0506

🚨 High-loss Sample 36:
📌 Prompt:
Write a function to find the volume of a sphere.
📌 Completion:
import math
def volume_sphere(r):
  volume=(4/3)*math.pi*r*r*r
  return volume
📉 Completion Loss: 3.1246

🚨 High-loss Sample 37:
📌 Prompt:
Write a python function to find the character made by adding the ASCII value of all the characters of the given string modulo 26.
📌 Completion:
def get_Char(strr):  
    summ = 0
    for i in range(len(strr)): 
        summ += (ord(strr[i]) - ord('a') + 1)  
    if (summ % 26 == 0): 
        return ord('z') 
    else: 
        summ = summ % 26
        return chr(ord('a') + summ - 1)
📉 Completion Loss: 10.2310

🚨 High-loss Sample 38:
📌 Prompt:
Write a function to find the nth number in the newman conway sequence.
📌 Completion:
def sequence(n): 
	if n == 1 or n == 2: 
		return 1
	else: 
		return sequence(sequence(n-1)) + sequence(n-sequence(n-1))
📉 Completion Loss: 4.3569

🚨 High-loss Sample 39:
📌 Prompt:
Write a function to find the surface area of a sphere.
📌 Completion:
import math
def surfacearea_sphere(r):
  surfacearea=4*math.pi*r*r
  return surfacearea
📉 Completion Loss: 3.0713
[Check] Prompt len: 12, Full len: 36
[Check] Prompt len: 13, Full len: 70
[Check] Prompt len: 20, Full len: 53
[Check] Prompt len: 12, Full len: 27
[Check] Prompt len: 13, Full len: 84
[Check] Prompt len: 22, Full len: 66
[Check] Prompt len: 15, Full len: 92
[Check] Prompt len: 17, Full len: 80

🚨 High-loss Sample 40:
📌 Prompt:
Write a function to find nth centered hexagonal number.
📌 Completion:
def centered_hexagonal_number(n):
  return 3 * n * (n - 1) + 1
📉 Completion Loss: 3.8955

🚨 High-loss Sample 41:
📌 Prompt:
Write a function to merge three dictionaries into a single dictionary.
📌 Completion:
import collections as ct
def merge_dictionaries_three(dict1,dict2, dict3):
    merged_dict = dict(ct.ChainMap({},dict1,dict2,dict3))
    return merged_dict
📉 Completion Loss: 7.5851

🚨 High-loss Sample 42:
📌 Prompt:
Write a function to get the frequency of all the elements in a list, returned as a dictionary.
📌 Completion:
import collections
def freq_count(list1):
  freq_count= collections.Counter(list1)
  return freq_count
📉 Completion Loss: 5.0362

🚨 High-loss Sample 43:
📌 Prompt:
Write a function to find the closest smaller number than n.
📌 Completion:
def closest_num(N):
  return (N - 1)
📉 Completion Loss: 2.8761

🚨 High-loss Sample 44:
📌 Prompt:
Write a python function to find the length of the longest word.
📌 Completion:
def len_log(list1):
    max=len(list1[0])
    for i in list1:
        if len(i)>max:
            max=len(i)
    return max
📉 Completion Loss: 9.1254

🚨 High-loss Sample 45:
📌 Prompt:
Write a function to check if a string is present as a substring in a given list of string values.
📌 Completion:
def find_substring(str1, sub_str):
   if any(sub_str in s for s in str1):
       return True
   return False
📉 Completion Loss: 6.7285

🚨 High-loss Sample 46:
📌 Prompt:
Write a function to check whether the given number is undulating or not.
📌 Completion:
def is_undulating(n): 
	n = str(n)
	if (len(n) <= 2): 
		return False
	for i in range(2, len(n)): 
		if (n[i - 2] != n[i]): 
			return False
	return True
📉 Completion Loss: 9.8521

🚨 High-loss Sample 47:
📌 Prompt:
Write a function to calculate the value of 'a' to the power 'b'.
📌 Completion:
def power(a,b):
	if b==0:
		return 1
	elif a==0:
		return 0
	elif b==1:
		return a
	else:
		return a*power(a,b-1)
📉 Completion Loss: 8.2611
[Check] Prompt len: 24, Full len: 68
[Check] Prompt len: 18, Full len: 56

🚨 High-loss Sample 48:
📌 Prompt:
Given a list of tuples, write a function that returns the first value of the tuple with the smallest second value.
📌 Completion:
from operator import itemgetter 
def index_minimum(test_list):
  res = min(test_list, key = itemgetter(1))[0]
  return (res)
📉 Completion Loss: 10.1619

🚨 High-loss Sample 49:
📌 Prompt:
Write a python function to find the length of the smallest list in a list of lists.
📌 Completion:
def Find_Min_Length(lst):  
    minLength = min(len(x) for x in lst )
    return minLength
📉 Completion Loss: 8.0265
✅ Evaluation Complete. Final Avg Loss = 5.3683, Perplexity = 214.51
[Step 900] PPL(A2C) = 214.51 | AvgR = 0.4030
[Check] Prompt len: 14, Full len: 61
[Check] Prompt len: 11, Full len: 89
[Check] Prompt len: 21, Full len: 65
[Check] Prompt len: 19, Full len: 83
[Check] Prompt len: 18, Full len: 53
[Check] Prompt len: 13, Full len: 48
[Check] Prompt len: 25, Full len: 127
[Check] Prompt len: 18, Full len: 189

🚨 High-loss Sample 0:
📌 Prompt:
Write a function to find the shared elements from the given two lists.
📌 Completion:
def similar_elements(test_tup1, test_tup2):
  res = tuple(set(test_tup1) & set(test_tup2))
  return (res)
📉 Completion Loss: 3.5357

🚨 High-loss Sample 1:
📌 Prompt:
Write a python function to identify non-prime numbers.
📌 Completion:
import math
def is_not_prime(n):
    result = False
    for i in range(2,int(math.sqrt(n)) + 1):
        if n % i == 0:
            result = True
    return result
📉 Completion Loss: 4.9535

🚨 High-loss Sample 2:
📌 Prompt:
Write a function to find the n largest integers from a given list of numbers, returned in descending order.
📌 Completion:
import heapq as hq
def heap_queue_largest(nums,n):
  largest_nums = hq.nlargest(n, nums)
  return largest_nums
📉 Completion Loss: 3.3445

🚨 High-loss Sample 3:
📌 Prompt:
Write a python function to check whether the two numbers differ at one bit position only or not.
📌 Completion:
def is_Power_Of_Two (x): 
    return x and (not(x & (x - 1))) 
def differ_At_One_Bit_Pos(a,b): 
    return is_Power_Of_Two(a ^ b)
📉 Completion Loss: 4.4688

🚨 High-loss Sample 4:
📌 Prompt:
Write a function to find all words which are at least 4 characters long in a string.
📌 Completion:
import re
def find_char_long(text):
  return (re.findall(r"\b\w{4,}\b", text))
📉 Completion Loss: 2.8788

🚨 High-loss Sample 5:
📌 Prompt:
Write a function to find squares of individual elements in a list.
📌 Completion:
def square_nums(nums):
 square_nums = list(map(lambda x: x ** 2, nums))
 return square_nums
📉 Completion Loss: 2.8067

🚨 High-loss Sample 6:
📌 Prompt:
Write a python function to find the minimum number of rotations (greater than 0) required to get the same string.
📌 Completion:
def find_Rotations(str): 
    tmp = str + str
    n = len(str) 
    for i in range(1,n + 1): 
        substring = tmp[i: i+n] 
        if (str == substring): 
            return i 
    return n
📉 Completion Loss: 6.6888

🚨 High-loss Sample 7:
📌 Prompt:
Write a python function to remove first and last occurrence of a given character from the string.
📌 Completion:
def remove_Occ(s,ch): 
    for i in range(len(s)): 
        if (s[i] == ch): 
            s = s[0 : i] + s[i + 1:] 
            break
    for i in range(len(s) - 1,-1,-1):  
        if (s[i] == ch): 
            s = s[0 : i] + s[i + 1:] 
            break
    return s
📉 Completion Loss: 10.2201
[Check] Prompt len: 19, Full len: 47
[Check] Prompt len: 13, Full len: 41
[Check] Prompt len: 25, Full len: 129
[Check] Prompt len: 17, Full len: 36
[Check] Prompt len: 18, Full len: 256
[Check] Prompt len: 16, Full len: 65
[Check] Prompt len: 15, Full len: 114
[Check] Prompt len: 18, Full len: 124

🚨 High-loss Sample 8:
📌 Prompt:
Write a function to sort a given matrix in ascending order according to the sum of its rows.
📌 Completion:
def sort_matrix(M):
    result = sorted(M, key=sum)
    return result
📉 Completion Loss: 2.1485

🚨 High-loss Sample 9:
📌 Prompt:
Write a python function to find the volume of a triangular prism.
📌 Completion:
def find_Volume(l,b,h) : 
    return ((l * b * h) / 2)
📉 Completion Loss: 2.1378

🚨 High-loss Sample 10:
📌 Prompt:
Write a function to that returns true if the input string contains sequences of lowercase letters joined with an underscore and false otherwise.
📌 Completion:
import re
def text_lowercase_underscore(text):
        patterns = '^[a-z]+_[a-z]+$'
        if re.search(patterns,  text):
                return True
        else:
                return False
📉 Completion Loss: 5.1163

🚨 High-loss Sample 11:
📌 Prompt:
Write a function that returns the perimeter of a square given its side length as input.
📌 Completion:
def square_perimeter(a):
  perimeter=4*a
  return perimeter
📉 Completion Loss: 1.7989

🚨 High-loss Sample 12:
📌 Prompt:
Write a function to remove characters from the first string which are present in the second string.
📌 Completion:
NO_OF_CHARS = 256
def str_to_list(string): 
	temp = [] 
	for x in string: 
		temp.append(x) 
	return temp 
def lst_to_string(List): 
	return ''.join(List) 
def get_char_count_array(string): 
	count = [0] * NO_OF_CHARS 
	for i in string: 
		count[ord(i)] += 1
	return count 
def remove_dirty_chars(string, second_string): 
	count = get_char_count_array(second_string) 
	ip_ind = 0
	res_ind = 0
	temp = '' 
	str_list = str_to_list(string) 
	while ip_ind != len(str_list): 
		temp = str_list[ip_ind] 
		if count[ord(temp)] == 0: 
			str_list[res_ind] = str_list[ip_ind] 
			res_ind += 1
		ip_ind+=1
	return lst_to_string(str_list[0:res_ind])
📉 Completion Loss: 9.8852

🚨 High-loss Sample 13:
📌 Prompt:
Write a function to find whether a given array of integers contains any duplicate element.
📌 Completion:
def test_duplicate(arraynums):
    nums_set = set(arraynums)    
    return len(arraynums) != len(nums_set)
📉 Completion Loss: 2.9283

🚨 High-loss Sample 14:
📌 Prompt:
Write a function to check if the given number is woodball or not.
📌 Completion:
def is_woodall(x): 
	if (x % 2 == 0): 
		return False
	if (x == 1): 
		return True
	x = x + 1 
	p = 0
	while (x % 2 == 0): 
		x = x/2
		p = p + 1
		if (p == x): 
			return True
	return False
📉 Completion Loss: 4.6039

🚨 High-loss Sample 15:
📌 Prompt:
Write a python function to check if a given number is one less than twice its reverse.
📌 Completion:
def rev(num):    
    rev_num = 0
    while (num > 0):  
        rev_num = (rev_num * 10 + num % 10) 
        num = num // 10  
    return rev_num  
def check(n):    
    return (2 * rev(n) == n + 1)
📉 Completion Loss: 5.0902
[Check] Prompt len: 20, Full len: 105
[Check] Prompt len: 17, Full len: 41
[Check] Prompt len: 12, Full len: 33
[Check] Prompt len: 21, Full len: 155
[Check] Prompt len: 12, Full len: 26
[Check] Prompt len: 17, Full len: 61
[Check] Prompt len: 18, Full len: 75
[Check] Prompt len: 15, Full len: 87

🚨 High-loss Sample 16:
📌 Prompt:
Write a python function to find the largest number that can be formed with the given list of digits.
📌 Completion:
def find_Max_Num(arr) : 
    n = len(arr)
    arr.sort(reverse = True) 
    num = arr[0] 
    for i in range(1,n) : 
        num = num * 10 + arr[i] 
    return num
📉 Completion Loss: 6.6323

🚨 High-loss Sample 17:
📌 Prompt:
Write a python function to check whether the given two integers have opposite sign or not.
📌 Completion:
def opposite_Signs(x,y): 
    return ((x ^ y) < 0);
📉 Completion Loss: 2.6399

🚨 High-loss Sample 18:
📌 Prompt:
Write a function to find the nth octagonal number.
📌 Completion:
def is_octagonal(n): 
	return 3 * n * n - 2 * n
📉 Completion Loss: 2.4104

🚨 High-loss Sample 19:
📌 Prompt:
Write a python function to count the number of substrings with the sum of digits equal to their length.
📌 Completion:
from collections import defaultdict
def count_Substrings(s):
    n = len(s)
    count,sum = 0,0
    mp = defaultdict(lambda : 0)
    mp[0] += 1
    for i in range(n):
        sum += ord(s[i]) - ord('0')
        count += mp[sum - (i + 1)]
        mp[sum - (i + 1)] += 1
    return count
📉 Completion Loss: 10.1064

🚨 High-loss Sample 20:
📌 Prompt:
Write a python function to find smallest number in a list.
📌 Completion:
def smallest_num(xs):
  return min(xs)
📉 Completion Loss: 1.9861

🚨 High-loss Sample 21:
📌 Prompt:
Write a function to find the maximum difference between available pairs in the given tuple list.
📌 Completion:
def max_difference(test_list):
  temp = [abs(b - a) for a, b in test_list]
  res = max(temp)
  return (res)
📉 Completion Loss: 3.8836

🚨 High-loss Sample 22:
📌 Prompt:
Write a function to sort a list of tuples using the second value of each tuple.
📌 Completion:
def subject_marks(subjectmarks):
#subject_marks = [('English', 88), ('Science', 90), ('Maths', 97), ('Social sciences', 82)])
 subjectmarks.sort(key = lambda x: x[1])
 return subjectmarks
📉 Completion Loss: 4.8308

🚨 High-loss Sample 23:
📌 Prompt:
Write a function to flatten a list and sum all of its elements.
📌 Completion:
def recursive_list_sum(data_list):
	total = 0
	for element in data_list:
		if type(element) == type([]):
			total = total + recursive_list_sum(element)
		else:
			total = total + element
	return total
📉 Completion Loss: 5.5605
[Check] Prompt len: 15, Full len: 64
[Check] Prompt len: 17, Full len: 181
[Check] Prompt len: 17, Full len: 96
[Check] Prompt len: 16, Full len: 193
[Check] Prompt len: 17, Full len: 109
[Check] Prompt len: 10, Full len: 238
[Check] Prompt len: 22, Full len: 60
[Check] Prompt len: 16, Full len: 256

🚨 High-loss Sample 24:
📌 Prompt:
Write a python function to count the number of positive numbers in a list.
📌 Completion:
def pos_count(list):
  pos_count= 0
  for num in list: 
    if num >= 0: 
      pos_count += 1
  return pos_count
📉 Completion Loss: 2.8088

🚨 High-loss Sample 25:
📌 Prompt:
Write a function to find the number of ways to partition a set of Bell numbers.
📌 Completion:
def bell_number(n):   
    bell = [[0 for i in range(n+1)] for j in range(n+1)] 
    bell[0][0] = 1
    for i in range(1, n+1): 
        bell[i][0] = bell[i-1][i-1]  
        for j in range(1, i+1): 
            bell[i][j] = bell[i-1][j-1] + bell[i][j-1]   
    return bell[n][0]
📉 Completion Loss: 7.2843

🚨 High-loss Sample 26:
📌 Prompt:
Write a python function to check whether the given array is monotonic or not.
📌 Completion:
def is_Monotonic(A): 
    return (all(A[i] <= A[i + 1] for i in range(len(A) - 1)) or
            all(A[i] >= A[i + 1] for i in range(len(A) - 1)))
📉 Completion Loss: 4.1488

🚨 High-loss Sample 27:
📌 Prompt:
Write a function to check whether a list contains the given sublist or not.
📌 Completion:
def is_sublist(l, s):
	sub_set = False
	if s == []:
		sub_set = True
	elif s == l:
		sub_set = True
	elif len(s) > len(l):
		sub_set = False
	else:
		for i in range(len(l)):
			if l[i] == s[0]:
				n = 1
				while (n < len(s)) and (l[i+n] == s[n]):
					n += 1				
				if n == len(s):
					sub_set = True
	return sub_set
📉 Completion Loss: 7.5624

🚨 High-loss Sample 28:
📌 Prompt:
Write a function to find whether all the given tuples have equal length or not.
📌 Completion:
def find_equal_tuple(Input):
  k = 0 if not Input else len(Input[0])
  flag = 1
  for tuple in Input:
    if len(tuple) != k:
      flag = 0
      break
  return flag
def get_equal(Input):
  return find_equal_tuple(Input) == 1
📉 Completion Loss: 4.4336

🚨 High-loss Sample 29:
📌 Prompt:
Write a function to sort a list of elements.
📌 Completion:
def comb_sort(nums):
    shrink_fact = 1.3
    gaps = len(nums)
    swapped = True
    i = 0
    while gaps > 1 or swapped:
        gaps = int(float(gaps) / shrink_fact)
        swapped = False
        i = 0
        while gaps + i < len(nums):
            if nums[i] > nums[i+gaps]:
                nums[i], nums[i+gaps] = nums[i+gaps], nums[i]
                swapped = True
            i += 1
    return nums
📉 Completion Loss: 9.4971

🚨 High-loss Sample 30:
📌 Prompt:
Write a python function to check whether the given number can be represented as the difference of two squares or not.
📌 Completion:
def dif_Square(n): 
    if (n % 4 != 2): 
        return True
    return False
📉 Completion Loss: 2.5111

🚨 High-loss Sample 31:
📌 Prompt:
Write a function to check whether it follows the sequence given in the patterns array.
📌 Completion:
def is_samepatterns(colors, patterns):    
    if len(colors) != len(patterns):
        return False    
    sdict = {}
    pset = set()
    sset = set()    
    for i in range(len(patterns)):
        pset.add(patterns[i])
        sset.add(colors[i])
        if patterns[i] not in sdict.keys():
            sdict[patterns[i]] = []

        keys = sdict[patterns[i]]
        keys.append(colors[i])
        sdict[patterns[i]] = keys

    if len(pset) != len(sset):
        return False   

    for values in sdict.values():

        for i in range(len(values) - 1):
            if values[i] != values[i+1]:
                return False

    return True
📉 Completion Loss: 10.2341
[Check] Prompt len: 23, Full len: 64
[Check] Prompt len: 15, Full len: 35
[Check] Prompt len: 17, Full len: 111
[Check] Prompt len: 13, Full len: 42
[Check] Prompt len: 11, Full len: 43
[Check] Prompt len: 26, Full len: 156
[Check] Prompt len: 17, Full len: 68
[Check] Prompt len: 12, Full len: 43

🚨 High-loss Sample 32:
📌 Prompt:
Write a function to find tuples which have all elements divisible by k from the given list of tuples.
📌 Completion:
def find_tuples(test_list, K):
  res = [sub for sub in test_list if all(ele % K == 0 for ele in sub)]
  return res
📉 Completion Loss: 3.8460

🚨 High-loss Sample 33:
📌 Prompt:
Write a python function to find whether a number is divisible by 11.
📌 Completion:
def is_Diff(n): 
    return (n % 11 == 0)
📉 Completion Loss: 2.3283

🚨 High-loss Sample 34:
📌 Prompt:
Write a python function to check whether the length of the word is odd or not.
📌 Completion:
def word_len(s): 
    s = s.split(' ')   
    for word in s:    
        if len(word)%2!=0: 
            return True  
        else:
          return False
📉 Completion Loss: 7.1282

🚨 High-loss Sample 35:
📌 Prompt:
Write a function to find the nth tetrahedral number.
📌 Completion:
def tetrahedral_number(n): 
	return (n * (n + 1) * (n + 2)) / 6
📉 Completion Loss: 2.9350

🚨 High-loss Sample 36:
📌 Prompt:
Write a function to find the volume of a sphere.
📌 Completion:
import math
def volume_sphere(r):
  volume=(4/3)*math.pi*r*r*r
  return volume
📉 Completion Loss: 3.0226

🚨 High-loss Sample 37:
📌 Prompt:
Write a python function to find the character made by adding the ASCII value of all the characters of the given string modulo 26.
📌 Completion:
def get_Char(strr):  
    summ = 0
    for i in range(len(strr)): 
        summ += (ord(strr[i]) - ord('a') + 1)  
    if (summ % 26 == 0): 
        return ord('z') 
    else: 
        summ = summ % 26
        return chr(ord('a') + summ - 1)
📉 Completion Loss: 10.1541

🚨 High-loss Sample 38:
📌 Prompt:
Write a function to find the nth number in the newman conway sequence.
📌 Completion:
def sequence(n): 
	if n == 1 or n == 2: 
		return 1
	else: 
		return sequence(sequence(n-1)) + sequence(n-sequence(n-1))
📉 Completion Loss: 4.2453

🚨 High-loss Sample 39:
📌 Prompt:
Write a function to find the surface area of a sphere.
📌 Completion:
import math
def surfacearea_sphere(r):
  surfacearea=4*math.pi*r*r
  return surfacearea
📉 Completion Loss: 2.9650
[Check] Prompt len: 12, Full len: 36
[Check] Prompt len: 13, Full len: 70
[Check] Prompt len: 20, Full len: 53
[Check] Prompt len: 12, Full len: 27
[Check] Prompt len: 13, Full len: 84
[Check] Prompt len: 22, Full len: 66
[Check] Prompt len: 15, Full len: 92
[Check] Prompt len: 17, Full len: 80

🚨 High-loss Sample 40:
📌 Prompt:
Write a function to find nth centered hexagonal number.
📌 Completion:
def centered_hexagonal_number(n):
  return 3 * n * (n - 1) + 1
📉 Completion Loss: 3.8033

🚨 High-loss Sample 41:
📌 Prompt:
Write a function to merge three dictionaries into a single dictionary.
📌 Completion:
import collections as ct
def merge_dictionaries_three(dict1,dict2, dict3):
    merged_dict = dict(ct.ChainMap({},dict1,dict2,dict3))
    return merged_dict
📉 Completion Loss: 7.5641

🚨 High-loss Sample 42:
📌 Prompt:
Write a function to get the frequency of all the elements in a list, returned as a dictionary.
📌 Completion:
import collections
def freq_count(list1):
  freq_count= collections.Counter(list1)
  return freq_count
📉 Completion Loss: 4.9619

🚨 High-loss Sample 43:
📌 Prompt:
Write a function to find the closest smaller number than n.
📌 Completion:
def closest_num(N):
  return (N - 1)
📉 Completion Loss: 2.7684

🚨 High-loss Sample 44:
📌 Prompt:
Write a python function to find the length of the longest word.
📌 Completion:
def len_log(list1):
    max=len(list1[0])
    for i in list1:
        if len(i)>max:
            max=len(i)
    return max
📉 Completion Loss: 9.0350

🚨 High-loss Sample 45:
📌 Prompt:
Write a function to check if a string is present as a substring in a given list of string values.
📌 Completion:
def find_substring(str1, sub_str):
   if any(sub_str in s for s in str1):
       return True
   return False
📉 Completion Loss: 6.6441

🚨 High-loss Sample 46:
📌 Prompt:
Write a function to check whether the given number is undulating or not.
📌 Completion:
def is_undulating(n): 
	n = str(n)
	if (len(n) <= 2): 
		return False
	for i in range(2, len(n)): 
		if (n[i - 2] != n[i]): 
			return False
	return True
📉 Completion Loss: 9.7552

🚨 High-loss Sample 47:
📌 Prompt:
Write a function to calculate the value of 'a' to the power 'b'.
📌 Completion:
def power(a,b):
	if b==0:
		return 1
	elif a==0:
		return 0
	elif b==1:
		return a
	else:
		return a*power(a,b-1)
📉 Completion Loss: 8.1966
[Check] Prompt len: 24, Full len: 68
[Check] Prompt len: 18, Full len: 56

🚨 High-loss Sample 48:
📌 Prompt:
Given a list of tuples, write a function that returns the first value of the tuple with the smallest second value.
📌 Completion:
from operator import itemgetter 
def index_minimum(test_list):
  res = min(test_list, key = itemgetter(1))[0]
  return (res)
📉 Completion Loss: 10.1348

🚨 High-loss Sample 49:
📌 Prompt:
Write a python function to find the length of the smallest list in a list of lists.
📌 Completion:
def Find_Min_Length(lst):  
    minLength = min(len(x) for x in lst )
    return minLength
📉 Completion Loss: 7.9552
✅ Evaluation Complete. Final Avg Loss = 5.2709, Perplexity = 194.59
[Step 950] PPL(A2C) = 194.59 | AvgR = 0.3829
[Check] Prompt len: 14, Full len: 61
[Check] Prompt len: 11, Full len: 89
[Check] Prompt len: 21, Full len: 65
[Check] Prompt len: 19, Full len: 83
[Check] Prompt len: 18, Full len: 53
[Check] Prompt len: 13, Full len: 48
[Check] Prompt len: 25, Full len: 127
[Check] Prompt len: 18, Full len: 189

🚨 High-loss Sample 0:
📌 Prompt:
Write a function to find the shared elements from the given two lists.
📌 Completion:
def similar_elements(test_tup1, test_tup2):
  res = tuple(set(test_tup1) & set(test_tup2))
  return (res)
📉 Completion Loss: 3.4994

🚨 High-loss Sample 1:
📌 Prompt:
Write a python function to identify non-prime numbers.
📌 Completion:
import math
def is_not_prime(n):
    result = False
    for i in range(2,int(math.sqrt(n)) + 1):
        if n % i == 0:
            result = True
    return result
📉 Completion Loss: 4.9461

🚨 High-loss Sample 2:
📌 Prompt:
Write a function to find the n largest integers from a given list of numbers, returned in descending order.
📌 Completion:
import heapq as hq
def heap_queue_largest(nums,n):
  largest_nums = hq.nlargest(n, nums)
  return largest_nums
📉 Completion Loss: 3.3045

🚨 High-loss Sample 3:
📌 Prompt:
Write a python function to check whether the two numbers differ at one bit position only or not.
📌 Completion:
def is_Power_Of_Two (x): 
    return x and (not(x & (x - 1))) 
def differ_At_One_Bit_Pos(a,b): 
    return is_Power_Of_Two(a ^ b)
📉 Completion Loss: 4.4284

🚨 High-loss Sample 4:
📌 Prompt:
Write a function to find all words which are at least 4 characters long in a string.
📌 Completion:
import re
def find_char_long(text):
  return (re.findall(r"\b\w{4,}\b", text))
📉 Completion Loss: 2.8388

🚨 High-loss Sample 5:
📌 Prompt:
Write a function to find squares of individual elements in a list.
📌 Completion:
def square_nums(nums):
 square_nums = list(map(lambda x: x ** 2, nums))
 return square_nums
📉 Completion Loss: 2.7711

🚨 High-loss Sample 6:
📌 Prompt:
Write a python function to find the minimum number of rotations (greater than 0) required to get the same string.
📌 Completion:
def find_Rotations(str): 
    tmp = str + str
    n = len(str) 
    for i in range(1,n + 1): 
        substring = tmp[i: i+n] 
        if (str == substring): 
            return i 
    return n
📉 Completion Loss: 6.7012

🚨 High-loss Sample 7:
📌 Prompt:
Write a python function to remove first and last occurrence of a given character from the string.
📌 Completion:
def remove_Occ(s,ch): 
    for i in range(len(s)): 
        if (s[i] == ch): 
            s = s[0 : i] + s[i + 1:] 
            break
    for i in range(len(s) - 1,-1,-1):  
        if (s[i] == ch): 
            s = s[0 : i] + s[i + 1:] 
            break
    return s
📉 Completion Loss: 10.2942
[Check] Prompt len: 19, Full len: 47
[Check] Prompt len: 13, Full len: 41
[Check] Prompt len: 25, Full len: 129
[Check] Prompt len: 17, Full len: 36
[Check] Prompt len: 18, Full len: 256
[Check] Prompt len: 16, Full len: 65
[Check] Prompt len: 15, Full len: 114
[Check] Prompt len: 18, Full len: 124

🚨 High-loss Sample 8:
📌 Prompt:
Write a function to sort a given matrix in ascending order according to the sum of its rows.
📌 Completion:
def sort_matrix(M):
    result = sorted(M, key=sum)
    return result
📉 Completion Loss: 2.1285

🚨 High-loss Sample 9:
📌 Prompt:
Write a python function to find the volume of a triangular prism.
📌 Completion:
def find_Volume(l,b,h) : 
    return ((l * b * h) / 2)
📉 Completion Loss: 2.1242

🚨 High-loss Sample 10:
📌 Prompt:
Write a function to that returns true if the input string contains sequences of lowercase letters joined with an underscore and false otherwise.
📌 Completion:
import re
def text_lowercase_underscore(text):
        patterns = '^[a-z]+_[a-z]+$'
        if re.search(patterns,  text):
                return True
        else:
                return False
📉 Completion Loss: 5.1098

🚨 High-loss Sample 11:
📌 Prompt:
Write a function that returns the perimeter of a square given its side length as input.
📌 Completion:
def square_perimeter(a):
  perimeter=4*a
  return perimeter
📉 Completion Loss: 1.7861

🚨 High-loss Sample 12:
📌 Prompt:
Write a function to remove characters from the first string which are present in the second string.
📌 Completion:
NO_OF_CHARS = 256
def str_to_list(string): 
	temp = [] 
	for x in string: 
		temp.append(x) 
	return temp 
def lst_to_string(List): 
	return ''.join(List) 
def get_char_count_array(string): 
	count = [0] * NO_OF_CHARS 
	for i in string: 
		count[ord(i)] += 1
	return count 
def remove_dirty_chars(string, second_string): 
	count = get_char_count_array(second_string) 
	ip_ind = 0
	res_ind = 0
	temp = '' 
	str_list = str_to_list(string) 
	while ip_ind != len(str_list): 
		temp = str_list[ip_ind] 
		if count[ord(temp)] == 0: 
			str_list[res_ind] = str_list[ip_ind] 
			res_ind += 1
		ip_ind+=1
	return lst_to_string(str_list[0:res_ind])
📉 Completion Loss: 9.8726

🚨 High-loss Sample 13:
📌 Prompt:
Write a function to find whether a given array of integers contains any duplicate element.
📌 Completion:
def test_duplicate(arraynums):
    nums_set = set(arraynums)    
    return len(arraynums) != len(nums_set)
📉 Completion Loss: 2.8919

🚨 High-loss Sample 14:
📌 Prompt:
Write a function to check if the given number is woodball or not.
📌 Completion:
def is_woodall(x): 
	if (x % 2 == 0): 
		return False
	if (x == 1): 
		return True
	x = x + 1 
	p = 0
	while (x % 2 == 0): 
		x = x/2
		p = p + 1
		if (p == x): 
			return True
	return False
📉 Completion Loss: 4.5547

🚨 High-loss Sample 15:
📌 Prompt:
Write a python function to check if a given number is one less than twice its reverse.
📌 Completion:
def rev(num):    
    rev_num = 0
    while (num > 0):  
        rev_num = (rev_num * 10 + num % 10) 
        num = num // 10  
    return rev_num  
def check(n):    
    return (2 * rev(n) == n + 1)
📉 Completion Loss: 5.0915
[Check] Prompt len: 20, Full len: 105
[Check] Prompt len: 17, Full len: 41
[Check] Prompt len: 12, Full len: 33
[Check] Prompt len: 21, Full len: 155
[Check] Prompt len: 12, Full len: 26
[Check] Prompt len: 17, Full len: 61
[Check] Prompt len: 18, Full len: 75
[Check] Prompt len: 15, Full len: 87

🚨 High-loss Sample 16:
📌 Prompt:
Write a python function to find the largest number that can be formed with the given list of digits.
📌 Completion:
def find_Max_Num(arr) : 
    n = len(arr)
    arr.sort(reverse = True) 
    num = arr[0] 
    for i in range(1,n) : 
        num = num * 10 + arr[i] 
    return num
📉 Completion Loss: 6.6356

🚨 High-loss Sample 17:
📌 Prompt:
Write a python function to check whether the given two integers have opposite sign or not.
📌 Completion:
def opposite_Signs(x,y): 
    return ((x ^ y) < 0);
📉 Completion Loss: 2.6131

🚨 High-loss Sample 18:
📌 Prompt:
Write a function to find the nth octagonal number.
📌 Completion:
def is_octagonal(n): 
	return 3 * n * n - 2 * n
📉 Completion Loss: 2.3831

🚨 High-loss Sample 19:
📌 Prompt:
Write a python function to count the number of substrings with the sum of digits equal to their length.
📌 Completion:
from collections import defaultdict
def count_Substrings(s):
    n = len(s)
    count,sum = 0,0
    mp = defaultdict(lambda : 0)
    mp[0] += 1
    for i in range(n):
        sum += ord(s[i]) - ord('0')
        count += mp[sum - (i + 1)]
        mp[sum - (i + 1)] += 1
    return count
📉 Completion Loss: 10.1326

🚨 High-loss Sample 20:
📌 Prompt:
Write a python function to find smallest number in a list.
📌 Completion:
def smallest_num(xs):
  return min(xs)
📉 Completion Loss: 1.9809

🚨 High-loss Sample 21:
📌 Prompt:
Write a function to find the maximum difference between available pairs in the given tuple list.
📌 Completion:
def max_difference(test_list):
  temp = [abs(b - a) for a, b in test_list]
  res = max(temp)
  return (res)
📉 Completion Loss: 3.8612

🚨 High-loss Sample 22:
📌 Prompt:
Write a function to sort a list of tuples using the second value of each tuple.
📌 Completion:
def subject_marks(subjectmarks):
#subject_marks = [('English', 88), ('Science', 90), ('Maths', 97), ('Social sciences', 82)])
 subjectmarks.sort(key = lambda x: x[1])
 return subjectmarks
📉 Completion Loss: 4.8051

🚨 High-loss Sample 23:
📌 Prompt:
Write a function to flatten a list and sum all of its elements.
📌 Completion:
def recursive_list_sum(data_list):
	total = 0
	for element in data_list:
		if type(element) == type([]):
			total = total + recursive_list_sum(element)
		else:
			total = total + element
	return total
📉 Completion Loss: 5.5178
[Check] Prompt len: 15, Full len: 64
[Check] Prompt len: 17, Full len: 181
[Check] Prompt len: 17, Full len: 96
[Check] Prompt len: 16, Full len: 193
[Check] Prompt len: 17, Full len: 109
[Check] Prompt len: 10, Full len: 238
[Check] Prompt len: 22, Full len: 60
[Check] Prompt len: 16, Full len: 256

🚨 High-loss Sample 24:
📌 Prompt:
Write a python function to count the number of positive numbers in a list.
📌 Completion:
def pos_count(list):
  pos_count= 0
  for num in list: 
    if num >= 0: 
      pos_count += 1
  return pos_count
📉 Completion Loss: 2.7774

🚨 High-loss Sample 25:
📌 Prompt:
Write a function to find the number of ways to partition a set of Bell numbers.
📌 Completion:
def bell_number(n):   
    bell = [[0 for i in range(n+1)] for j in range(n+1)] 
    bell[0][0] = 1
    for i in range(1, n+1): 
        bell[i][0] = bell[i-1][i-1]  
        for j in range(1, i+1): 
            bell[i][j] = bell[i-1][j-1] + bell[i][j-1]   
    return bell[n][0]
📉 Completion Loss: 7.2897

🚨 High-loss Sample 26:
📌 Prompt:
Write a python function to check whether the given array is monotonic or not.
📌 Completion:
def is_Monotonic(A): 
    return (all(A[i] <= A[i + 1] for i in range(len(A) - 1)) or
            all(A[i] >= A[i + 1] for i in range(len(A) - 1)))
📉 Completion Loss: 4.1191

🚨 High-loss Sample 27:
📌 Prompt:
Write a function to check whether a list contains the given sublist or not.
📌 Completion:
def is_sublist(l, s):
	sub_set = False
	if s == []:
		sub_set = True
	elif s == l:
		sub_set = True
	elif len(s) > len(l):
		sub_set = False
	else:
		for i in range(len(l)):
			if l[i] == s[0]:
				n = 1
				while (n < len(s)) and (l[i+n] == s[n]):
					n += 1				
				if n == len(s):
					sub_set = True
	return sub_set
📉 Completion Loss: 7.5180

🚨 High-loss Sample 28:
📌 Prompt:
Write a function to find whether all the given tuples have equal length or not.
📌 Completion:
def find_equal_tuple(Input):
  k = 0 if not Input else len(Input[0])
  flag = 1
  for tuple in Input:
    if len(tuple) != k:
      flag = 0
      break
  return flag
def get_equal(Input):
  return find_equal_tuple(Input) == 1
📉 Completion Loss: 4.3967

🚨 High-loss Sample 29:
📌 Prompt:
Write a function to sort a list of elements.
📌 Completion:
def comb_sort(nums):
    shrink_fact = 1.3
    gaps = len(nums)
    swapped = True
    i = 0
    while gaps > 1 or swapped:
        gaps = int(float(gaps) / shrink_fact)
        swapped = False
        i = 0
        while gaps + i < len(nums):
            if nums[i] > nums[i+gaps]:
                nums[i], nums[i+gaps] = nums[i+gaps], nums[i]
                swapped = True
            i += 1
    return nums
📉 Completion Loss: 9.5615

🚨 High-loss Sample 30:
📌 Prompt:
Write a python function to check whether the given number can be represented as the difference of two squares or not.
📌 Completion:
def dif_Square(n): 
    if (n % 4 != 2): 
        return True
    return False
📉 Completion Loss: 2.4870

🚨 High-loss Sample 31:
📌 Prompt:
Write a function to check whether it follows the sequence given in the patterns array.
📌 Completion:
def is_samepatterns(colors, patterns):    
    if len(colors) != len(patterns):
        return False    
    sdict = {}
    pset = set()
    sset = set()    
    for i in range(len(patterns)):
        pset.add(patterns[i])
        sset.add(colors[i])
        if patterns[i] not in sdict.keys():
            sdict[patterns[i]] = []

        keys = sdict[patterns[i]]
        keys.append(colors[i])
        sdict[patterns[i]] = keys

    if len(pset) != len(sset):
        return False   

    for values in sdict.values():

        for i in range(len(values) - 1):
            if values[i] != values[i+1]:
                return False

    return True
📉 Completion Loss: 10.2929
[Check] Prompt len: 23, Full len: 64
[Check] Prompt len: 15, Full len: 35
[Check] Prompt len: 17, Full len: 111
[Check] Prompt len: 13, Full len: 42
[Check] Prompt len: 11, Full len: 43
[Check] Prompt len: 26, Full len: 156
[Check] Prompt len: 17, Full len: 68
[Check] Prompt len: 12, Full len: 43

🚨 High-loss Sample 32:
📌 Prompt:
Write a function to find tuples which have all elements divisible by k from the given list of tuples.
📌 Completion:
def find_tuples(test_list, K):
  res = [sub for sub in test_list if all(ele % K == 0 for ele in sub)]
  return res
📉 Completion Loss: 3.8293

🚨 High-loss Sample 33:
📌 Prompt:
Write a python function to find whether a number is divisible by 11.
📌 Completion:
def is_Diff(n): 
    return (n % 11 == 0)
📉 Completion Loss: 2.3149

🚨 High-loss Sample 34:
📌 Prompt:
Write a python function to check whether the length of the word is odd or not.
📌 Completion:
def word_len(s): 
    s = s.split(' ')   
    for word in s:    
        if len(word)%2!=0: 
            return True  
        else:
          return False
📉 Completion Loss: 7.1635

🚨 High-loss Sample 35:
📌 Prompt:
Write a function to find the nth tetrahedral number.
📌 Completion:
def tetrahedral_number(n): 
	return (n * (n + 1) * (n + 2)) / 6
📉 Completion Loss: 2.9081

🚨 High-loss Sample 36:
📌 Prompt:
Write a function to find the volume of a sphere.
📌 Completion:
import math
def volume_sphere(r):
  volume=(4/3)*math.pi*r*r*r
  return volume
📉 Completion Loss: 2.9714

🚨 High-loss Sample 37:
📌 Prompt:
Write a python function to find the character made by adding the ASCII value of all the characters of the given string modulo 26.
📌 Completion:
def get_Char(strr):  
    summ = 0
    for i in range(len(strr)): 
        summ += (ord(strr[i]) - ord('a') + 1)  
    if (summ % 26 == 0): 
        return ord('z') 
    else: 
        summ = summ % 26
        return chr(ord('a') + summ - 1)
📉 Completion Loss: 10.2136

🚨 High-loss Sample 38:
📌 Prompt:
Write a function to find the nth number in the newman conway sequence.
📌 Completion:
def sequence(n): 
	if n == 1 or n == 2: 
		return 1
	else: 
		return sequence(sequence(n-1)) + sequence(n-sequence(n-1))
📉 Completion Loss: 4.2017

🚨 High-loss Sample 39:
📌 Prompt:
Write a function to find the surface area of a sphere.
📌 Completion:
import math
def surfacearea_sphere(r):
  surfacearea=4*math.pi*r*r
  return surfacearea
📉 Completion Loss: 2.9170
[Check] Prompt len: 12, Full len: 36
[Check] Prompt len: 13, Full len: 70
[Check] Prompt len: 20, Full len: 53
[Check] Prompt len: 12, Full len: 27
[Check] Prompt len: 13, Full len: 84
[Check] Prompt len: 22, Full len: 66
[Check] Prompt len: 15, Full len: 92
[Check] Prompt len: 17, Full len: 80

🚨 High-loss Sample 40:
📌 Prompt:
Write a function to find nth centered hexagonal number.
📌 Completion:
def centered_hexagonal_number(n):
  return 3 * n * (n - 1) + 1
📉 Completion Loss: 3.7628

🚨 High-loss Sample 41:
📌 Prompt:
Write a function to merge three dictionaries into a single dictionary.
📌 Completion:
import collections as ct
def merge_dictionaries_three(dict1,dict2, dict3):
    merged_dict = dict(ct.ChainMap({},dict1,dict2,dict3))
    return merged_dict
📉 Completion Loss: 7.5175

🚨 High-loss Sample 42:
📌 Prompt:
Write a function to get the frequency of all the elements in a list, returned as a dictionary.
📌 Completion:
import collections
def freq_count(list1):
  freq_count= collections.Counter(list1)
  return freq_count
📉 Completion Loss: 4.9409

🚨 High-loss Sample 43:
📌 Prompt:
Write a function to find the closest smaller number than n.
📌 Completion:
def closest_num(N):
  return (N - 1)
📉 Completion Loss: 2.7651

🚨 High-loss Sample 44:
📌 Prompt:
Write a python function to find the length of the longest word.
📌 Completion:
def len_log(list1):
    max=len(list1[0])
    for i in list1:
        if len(i)>max:
            max=len(i)
    return max
📉 Completion Loss: 9.0884

🚨 High-loss Sample 45:
📌 Prompt:
Write a function to check if a string is present as a substring in a given list of string values.
📌 Completion:
def find_substring(str1, sub_str):
   if any(sub_str in s for s in str1):
       return True
   return False
📉 Completion Loss: 6.6603

🚨 High-loss Sample 46:
📌 Prompt:
Write a function to check whether the given number is undulating or not.
📌 Completion:
def is_undulating(n): 
	n = str(n)
	if (len(n) <= 2): 
		return False
	for i in range(2, len(n)): 
		if (n[i - 2] != n[i]): 
			return False
	return True
📉 Completion Loss: 9.7497

🚨 High-loss Sample 47:
📌 Prompt:
Write a function to calculate the value of 'a' to the power 'b'.
📌 Completion:
def power(a,b):
	if b==0:
		return 1
	elif a==0:
		return 0
	elif b==1:
		return a
	else:
		return a*power(a,b-1)
📉 Completion Loss: 8.1772
[Check] Prompt len: 24, Full len: 68
[Check] Prompt len: 18, Full len: 56

🚨 High-loss Sample 48:
📌 Prompt:
Given a list of tuples, write a function that returns the first value of the tuple with the smallest second value.
📌 Completion:
from operator import itemgetter 
def index_minimum(test_list):
  res = min(test_list, key = itemgetter(1))[0]
  return (res)
📉 Completion Loss: 10.1544

🚨 High-loss Sample 49:
📌 Prompt:
Write a python function to find the length of the smallest list in a list of lists.
📌 Completion:
def Find_Min_Length(lst):  
    minLength = min(len(x) for x in lst )
    return minLength
📉 Completion Loss: 7.9788
✅ Evaluation Complete. Final Avg Loss = 5.2434, Perplexity = 189.31
[Step 1000] PPL(A2C) = 189.31 | AvgR = 0.3535
[Check] Prompt len: 14, Full len: 61
[Check] Prompt len: 11, Full len: 89
[Check] Prompt len: 21, Full len: 65
[Check] Prompt len: 19, Full len: 83
[Check] Prompt len: 18, Full len: 53
[Check] Prompt len: 13, Full len: 48
[Check] Prompt len: 25, Full len: 127
[Check] Prompt len: 18, Full len: 189

🚨 High-loss Sample 0:
📌 Prompt:
Write a function to find the shared elements from the given two lists.
📌 Completion:
def similar_elements(test_tup1, test_tup2):
  res = tuple(set(test_tup1) & set(test_tup2))
  return (res)
📉 Completion Loss: 3.4370

🚨 High-loss Sample 1:
📌 Prompt:
Write a python function to identify non-prime numbers.
📌 Completion:
import math
def is_not_prime(n):
    result = False
    for i in range(2,int(math.sqrt(n)) + 1):
        if n % i == 0:
            result = True
    return result
📉 Completion Loss: 4.8876

🚨 High-loss Sample 2:
📌 Prompt:
Write a function to find the n largest integers from a given list of numbers, returned in descending order.
📌 Completion:
import heapq as hq
def heap_queue_largest(nums,n):
  largest_nums = hq.nlargest(n, nums)
  return largest_nums
📉 Completion Loss: 3.2495

🚨 High-loss Sample 3:
📌 Prompt:
Write a python function to check whether the two numbers differ at one bit position only or not.
📌 Completion:
def is_Power_Of_Two (x): 
    return x and (not(x & (x - 1))) 
def differ_At_One_Bit_Pos(a,b): 
    return is_Power_Of_Two(a ^ b)
📉 Completion Loss: 4.3782

🚨 High-loss Sample 4:
📌 Prompt:
Write a function to find all words which are at least 4 characters long in a string.
📌 Completion:
import re
def find_char_long(text):
  return (re.findall(r"\b\w{4,}\b", text))
📉 Completion Loss: 2.7721

🚨 High-loss Sample 5:
📌 Prompt:
Write a function to find squares of individual elements in a list.
📌 Completion:
def square_nums(nums):
 square_nums = list(map(lambda x: x ** 2, nums))
 return square_nums
📉 Completion Loss: 2.6940

🚨 High-loss Sample 6:
📌 Prompt:
Write a python function to find the minimum number of rotations (greater than 0) required to get the same string.
📌 Completion:
def find_Rotations(str): 
    tmp = str + str
    n = len(str) 
    for i in range(1,n + 1): 
        substring = tmp[i: i+n] 
        if (str == substring): 
            return i 
    return n
📉 Completion Loss: 6.6645

🚨 High-loss Sample 7:
📌 Prompt:
Write a python function to remove first and last occurrence of a given character from the string.
📌 Completion:
def remove_Occ(s,ch): 
    for i in range(len(s)): 
        if (s[i] == ch): 
            s = s[0 : i] + s[i + 1:] 
            break
    for i in range(len(s) - 1,-1,-1):  
        if (s[i] == ch): 
            s = s[0 : i] + s[i + 1:] 
            break
    return s
📉 Completion Loss: 10.2864
[Check] Prompt len: 19, Full len: 47
[Check] Prompt len: 13, Full len: 41
[Check] Prompt len: 25, Full len: 129
[Check] Prompt len: 17, Full len: 36
[Check] Prompt len: 18, Full len: 256
[Check] Prompt len: 16, Full len: 65
[Check] Prompt len: 15, Full len: 114
[Check] Prompt len: 18, Full len: 124

🚨 High-loss Sample 8:
📌 Prompt:
Write a function to sort a given matrix in ascending order according to the sum of its rows.
📌 Completion:
def sort_matrix(M):
    result = sorted(M, key=sum)
    return result
📉 Completion Loss: 2.0525

🚨 High-loss Sample 9:
📌 Prompt:
Write a python function to find the volume of a triangular prism.
📌 Completion:
def find_Volume(l,b,h) : 
    return ((l * b * h) / 2)
📉 Completion Loss: 2.0530

🚨 High-loss Sample 10:
📌 Prompt:
Write a function to that returns true if the input string contains sequences of lowercase letters joined with an underscore and false otherwise.
📌 Completion:
import re
def text_lowercase_underscore(text):
        patterns = '^[a-z]+_[a-z]+$'
        if re.search(patterns,  text):
                return True
        else:
                return False
📉 Completion Loss: 5.0843

🚨 High-loss Sample 11:
📌 Prompt:
Write a function that returns the perimeter of a square given its side length as input.
📌 Completion:
def square_perimeter(a):
  perimeter=4*a
  return perimeter
📉 Completion Loss: 1.7166

🚨 High-loss Sample 12:
📌 Prompt:
Write a function to remove characters from the first string which are present in the second string.
📌 Completion:
NO_OF_CHARS = 256
def str_to_list(string): 
	temp = [] 
	for x in string: 
		temp.append(x) 
	return temp 
def lst_to_string(List): 
	return ''.join(List) 
def get_char_count_array(string): 
	count = [0] * NO_OF_CHARS 
	for i in string: 
		count[ord(i)] += 1
	return count 
def remove_dirty_chars(string, second_string): 
	count = get_char_count_array(second_string) 
	ip_ind = 0
	res_ind = 0
	temp = '' 
	str_list = str_to_list(string) 
	while ip_ind != len(str_list): 
		temp = str_list[ip_ind] 
		if count[ord(temp)] == 0: 
			str_list[res_ind] = str_list[ip_ind] 
			res_ind += 1
		ip_ind+=1
	return lst_to_string(str_list[0:res_ind])
📉 Completion Loss: 9.8580

🚨 High-loss Sample 13:
📌 Prompt:
Write a function to find whether a given array of integers contains any duplicate element.
📌 Completion:
def test_duplicate(arraynums):
    nums_set = set(arraynums)    
    return len(arraynums) != len(nums_set)
📉 Completion Loss: 2.8256

🚨 High-loss Sample 14:
📌 Prompt:
Write a function to check if the given number is woodball or not.
📌 Completion:
def is_woodall(x): 
	if (x % 2 == 0): 
		return False
	if (x == 1): 
		return True
	x = x + 1 
	p = 0
	while (x % 2 == 0): 
		x = x/2
		p = p + 1
		if (p == x): 
			return True
	return False
📉 Completion Loss: 4.4651

🚨 High-loss Sample 15:
📌 Prompt:
Write a python function to check if a given number is one less than twice its reverse.
📌 Completion:
def rev(num):    
    rev_num = 0
    while (num > 0):  
        rev_num = (rev_num * 10 + num % 10) 
        num = num // 10  
    return rev_num  
def check(n):    
    return (2 * rev(n) == n + 1)
📉 Completion Loss: 5.0230
[Check] Prompt len: 20, Full len: 105
[Check] Prompt len: 17, Full len: 41
[Check] Prompt len: 12, Full len: 33
[Check] Prompt len: 21, Full len: 155
[Check] Prompt len: 12, Full len: 26
[Check] Prompt len: 17, Full len: 61
[Check] Prompt len: 18, Full len: 75
[Check] Prompt len: 15, Full len: 87

🚨 High-loss Sample 16:
📌 Prompt:
Write a python function to find the largest number that can be formed with the given list of digits.
📌 Completion:
def find_Max_Num(arr) : 
    n = len(arr)
    arr.sort(reverse = True) 
    num = arr[0] 
    for i in range(1,n) : 
        num = num * 10 + arr[i] 
    return num
📉 Completion Loss: 6.6226

🚨 High-loss Sample 17:
📌 Prompt:
Write a python function to check whether the given two integers have opposite sign or not.
📌 Completion:
def opposite_Signs(x,y): 
    return ((x ^ y) < 0);
📉 Completion Loss: 2.5414

🚨 High-loss Sample 18:
📌 Prompt:
Write a function to find the nth octagonal number.
📌 Completion:
def is_octagonal(n): 
	return 3 * n * n - 2 * n
📉 Completion Loss: 2.3114

🚨 High-loss Sample 19:
📌 Prompt:
Write a python function to count the number of substrings with the sum of digits equal to their length.
📌 Completion:
from collections import defaultdict
def count_Substrings(s):
    n = len(s)
    count,sum = 0,0
    mp = defaultdict(lambda : 0)
    mp[0] += 1
    for i in range(n):
        sum += ord(s[i]) - ord('0')
        count += mp[sum - (i + 1)]
        mp[sum - (i + 1)] += 1
    return count
📉 Completion Loss: 10.1423

🚨 High-loss Sample 20:
📌 Prompt:
Write a python function to find smallest number in a list.
📌 Completion:
def smallest_num(xs):
  return min(xs)
📉 Completion Loss: 1.9108

🚨 High-loss Sample 21:
📌 Prompt:
Write a function to find the maximum difference between available pairs in the given tuple list.
📌 Completion:
def max_difference(test_list):
  temp = [abs(b - a) for a, b in test_list]
  res = max(temp)
  return (res)
📉 Completion Loss: 3.7906

🚨 High-loss Sample 22:
📌 Prompt:
Write a function to sort a list of tuples using the second value of each tuple.
📌 Completion:
def subject_marks(subjectmarks):
#subject_marks = [('English', 88), ('Science', 90), ('Maths', 97), ('Social sciences', 82)])
 subjectmarks.sort(key = lambda x: x[1])
 return subjectmarks
📉 Completion Loss: 4.7370

🚨 High-loss Sample 23:
📌 Prompt:
Write a function to flatten a list and sum all of its elements.
📌 Completion:
def recursive_list_sum(data_list):
	total = 0
	for element in data_list:
		if type(element) == type([]):
			total = total + recursive_list_sum(element)
		else:
			total = total + element
	return total
📉 Completion Loss: 5.4394
[Check] Prompt len: 15, Full len: 64
[Check] Prompt len: 17, Full len: 181
[Check] Prompt len: 17, Full len: 96
[Check] Prompt len: 16, Full len: 193
[Check] Prompt len: 17, Full len: 109
[Check] Prompt len: 10, Full len: 238
[Check] Prompt len: 22, Full len: 60
[Check] Prompt len: 16, Full len: 256

🚨 High-loss Sample 24:
📌 Prompt:
Write a python function to count the number of positive numbers in a list.
📌 Completion:
def pos_count(list):
  pos_count= 0
  for num in list: 
    if num >= 0: 
      pos_count += 1
  return pos_count
📉 Completion Loss: 2.7173

🚨 High-loss Sample 25:
📌 Prompt:
Write a function to find the number of ways to partition a set of Bell numbers.
📌 Completion:
def bell_number(n):   
    bell = [[0 for i in range(n+1)] for j in range(n+1)] 
    bell[0][0] = 1
    for i in range(1, n+1): 
        bell[i][0] = bell[i-1][i-1]  
        for j in range(1, i+1): 
            bell[i][j] = bell[i-1][j-1] + bell[i][j-1]   
    return bell[n][0]
📉 Completion Loss: 7.2791

🚨 High-loss Sample 26:
📌 Prompt:
Write a python function to check whether the given array is monotonic or not.
📌 Completion:
def is_Monotonic(A): 
    return (all(A[i] <= A[i + 1] for i in range(len(A) - 1)) or
            all(A[i] >= A[i + 1] for i in range(len(A) - 1)))
📉 Completion Loss: 4.0436

🚨 High-loss Sample 27:
📌 Prompt:
Write a function to check whether a list contains the given sublist or not.
📌 Completion:
def is_sublist(l, s):
	sub_set = False
	if s == []:
		sub_set = True
	elif s == l:
		sub_set = True
	elif len(s) > len(l):
		sub_set = False
	else:
		for i in range(len(l)):
			if l[i] == s[0]:
				n = 1
				while (n < len(s)) and (l[i+n] == s[n]):
					n += 1				
				if n == len(s):
					sub_set = True
	return sub_set
📉 Completion Loss: 7.4399

🚨 High-loss Sample 28:
📌 Prompt:
Write a function to find whether all the given tuples have equal length or not.
📌 Completion:
def find_equal_tuple(Input):
  k = 0 if not Input else len(Input[0])
  flag = 1
  for tuple in Input:
    if len(tuple) != k:
      flag = 0
      break
  return flag
def get_equal(Input):
  return find_equal_tuple(Input) == 1
📉 Completion Loss: 4.3257

🚨 High-loss Sample 29:
📌 Prompt:
Write a function to sort a list of elements.
📌 Completion:
def comb_sort(nums):
    shrink_fact = 1.3
    gaps = len(nums)
    swapped = True
    i = 0
    while gaps > 1 or swapped:
        gaps = int(float(gaps) / shrink_fact)
        swapped = False
        i = 0
        while gaps + i < len(nums):
            if nums[i] > nums[i+gaps]:
                nums[i], nums[i+gaps] = nums[i+gaps], nums[i]
                swapped = True
            i += 1
    return nums
📉 Completion Loss: 9.5858

🚨 High-loss Sample 30:
📌 Prompt:
Write a python function to check whether the given number can be represented as the difference of two squares or not.
📌 Completion:
def dif_Square(n): 
    if (n % 4 != 2): 
        return True
    return False
📉 Completion Loss: 2.4200

🚨 High-loss Sample 31:
📌 Prompt:
Write a function to check whether it follows the sequence given in the patterns array.
📌 Completion:
def is_samepatterns(colors, patterns):    
    if len(colors) != len(patterns):
        return False    
    sdict = {}
    pset = set()
    sset = set()    
    for i in range(len(patterns)):
        pset.add(patterns[i])
        sset.add(colors[i])
        if patterns[i] not in sdict.keys():
            sdict[patterns[i]] = []

        keys = sdict[patterns[i]]
        keys.append(colors[i])
        sdict[patterns[i]] = keys

    if len(pset) != len(sset):
        return False   

    for values in sdict.values():

        for i in range(len(values) - 1):
            if values[i] != values[i+1]:
                return False

    return True
📉 Completion Loss: 10.3122
[Check] Prompt len: 23, Full len: 64
[Check] Prompt len: 15, Full len: 35
[Check] Prompt len: 17, Full len: 111
[Check] Prompt len: 13, Full len: 42
[Check] Prompt len: 11, Full len: 43
[Check] Prompt len: 26, Full len: 156
[Check] Prompt len: 17, Full len: 68
[Check] Prompt len: 12, Full len: 43

🚨 High-loss Sample 32:
📌 Prompt:
Write a function to find tuples which have all elements divisible by k from the given list of tuples.
📌 Completion:
def find_tuples(test_list, K):
  res = [sub for sub in test_list if all(ele % K == 0 for ele in sub)]
  return res
📉 Completion Loss: 3.7694

🚨 High-loss Sample 33:
📌 Prompt:
Write a python function to find whether a number is divisible by 11.
📌 Completion:
def is_Diff(n): 
    return (n % 11 == 0)
📉 Completion Loss: 2.2356

🚨 High-loss Sample 34:
📌 Prompt:
Write a python function to check whether the length of the word is odd or not.
📌 Completion:
def word_len(s): 
    s = s.split(' ')   
    for word in s:    
        if len(word)%2!=0: 
            return True  
        else:
          return False
📉 Completion Loss: 7.1781

🚨 High-loss Sample 35:
📌 Prompt:
Write a function to find the nth tetrahedral number.
📌 Completion:
def tetrahedral_number(n): 
	return (n * (n + 1) * (n + 2)) / 6
📉 Completion Loss: 2.8310

🚨 High-loss Sample 36:
📌 Prompt:
Write a function to find the volume of a sphere.
📌 Completion:
import math
def volume_sphere(r):
  volume=(4/3)*math.pi*r*r*r
  return volume
📉 Completion Loss: 2.8976

🚨 High-loss Sample 37:
📌 Prompt:
Write a python function to find the character made by adding the ASCII value of all the characters of the given string modulo 26.
📌 Completion:
def get_Char(strr):  
    summ = 0
    for i in range(len(strr)): 
        summ += (ord(strr[i]) - ord('a') + 1)  
    if (summ % 26 == 0): 
        return ord('z') 
    else: 
        summ = summ % 26
        return chr(ord('a') + summ - 1)
📉 Completion Loss: 10.2128

🚨 High-loss Sample 38:
📌 Prompt:
Write a function to find the nth number in the newman conway sequence.
📌 Completion:
def sequence(n): 
	if n == 1 or n == 2: 
		return 1
	else: 
		return sequence(sequence(n-1)) + sequence(n-sequence(n-1))
📉 Completion Loss: 4.1471

🚨 High-loss Sample 39:
📌 Prompt:
Write a function to find the surface area of a sphere.
📌 Completion:
import math
def surfacearea_sphere(r):
  surfacearea=4*math.pi*r*r
  return surfacearea
📉 Completion Loss: 2.8487
[Check] Prompt len: 12, Full len: 36
[Check] Prompt len: 13, Full len: 70
[Check] Prompt len: 20, Full len: 53
[Check] Prompt len: 12, Full len: 27
[Check] Prompt len: 13, Full len: 84
[Check] Prompt len: 22, Full len: 66
[Check] Prompt len: 15, Full len: 92
[Check] Prompt len: 17, Full len: 80

🚨 High-loss Sample 40:
📌 Prompt:
Write a function to find nth centered hexagonal number.
📌 Completion:
def centered_hexagonal_number(n):
  return 3 * n * (n - 1) + 1
📉 Completion Loss: 3.6913

🚨 High-loss Sample 41:
📌 Prompt:
Write a function to merge three dictionaries into a single dictionary.
📌 Completion:
import collections as ct
def merge_dictionaries_three(dict1,dict2, dict3):
    merged_dict = dict(ct.ChainMap({},dict1,dict2,dict3))
    return merged_dict
📉 Completion Loss: 7.5012

🚨 High-loss Sample 42:
📌 Prompt:
Write a function to get the frequency of all the elements in a list, returned as a dictionary.
📌 Completion:
import collections
def freq_count(list1):
  freq_count= collections.Counter(list1)
  return freq_count
📉 Completion Loss: 4.9412

🚨 High-loss Sample 43:
📌 Prompt:
Write a function to find the closest smaller number than n.
📌 Completion:
def closest_num(N):
  return (N - 1)
📉 Completion Loss: 2.6931

🚨 High-loss Sample 44:
📌 Prompt:
Write a python function to find the length of the longest word.
📌 Completion:
def len_log(list1):
    max=len(list1[0])
    for i in list1:
        if len(i)>max:
            max=len(i)
    return max
📉 Completion Loss: 9.1153

🚨 High-loss Sample 45:
📌 Prompt:
Write a function to check if a string is present as a substring in a given list of string values.
📌 Completion:
def find_substring(str1, sub_str):
   if any(sub_str in s for s in str1):
       return True
   return False
📉 Completion Loss: 6.6342

🚨 High-loss Sample 46:
📌 Prompt:
Write a function to check whether the given number is undulating or not.
📌 Completion:
def is_undulating(n): 
	n = str(n)
	if (len(n) <= 2): 
		return False
	for i in range(2, len(n)): 
		if (n[i - 2] != n[i]): 
			return False
	return True
📉 Completion Loss: 9.7269

🚨 High-loss Sample 47:
📌 Prompt:
Write a function to calculate the value of 'a' to the power 'b'.
📌 Completion:
def power(a,b):
	if b==0:
		return 1
	elif a==0:
		return 0
	elif b==1:
		return a
	else:
		return a*power(a,b-1)
📉 Completion Loss: 8.0911
[Check] Prompt len: 24, Full len: 68
[Check] Prompt len: 18, Full len: 56

🚨 High-loss Sample 48:
📌 Prompt:
Given a list of tuples, write a function that returns the first value of the tuple with the smallest second value.
📌 Completion:
from operator import itemgetter 
def index_minimum(test_list):
  res = min(test_list, key = itemgetter(1))[0]
  return (res)
📉 Completion Loss: 10.1480

🚨 High-loss Sample 49:
📌 Prompt:
Write a python function to find the length of the smallest list in a list of lists.
📌 Completion:
def Find_Min_Length(lst):  
    minLength = min(len(x) for x in lst )
    return minLength
📉 Completion Loss: 7.9544
✅ Evaluation Complete. Final Avg Loss = 5.2208, Perplexity = 185.08
[Step 1050] PPL(A2C) = 185.08 | AvgR = 0.3996
[Check] Prompt len: 14, Full len: 61
[Check] Prompt len: 11, Full len: 89
[Check] Prompt len: 21, Full len: 65
[Check] Prompt len: 19, Full len: 83
[Check] Prompt len: 18, Full len: 53
[Check] Prompt len: 13, Full len: 48
[Check] Prompt len: 25, Full len: 127
[Check] Prompt len: 18, Full len: 189

🚨 High-loss Sample 0:
📌 Prompt:
Write a function to find the shared elements from the given two lists.
📌 Completion:
def similar_elements(test_tup1, test_tup2):
  res = tuple(set(test_tup1) & set(test_tup2))
  return (res)
📉 Completion Loss: 3.3513

🚨 High-loss Sample 1:
📌 Prompt:
Write a python function to identify non-prime numbers.
📌 Completion:
import math
def is_not_prime(n):
    result = False
    for i in range(2,int(math.sqrt(n)) + 1):
        if n % i == 0:
            result = True
    return result
📉 Completion Loss: 4.8649

🚨 High-loss Sample 2:
📌 Prompt:
Write a function to find the n largest integers from a given list of numbers, returned in descending order.
📌 Completion:
import heapq as hq
def heap_queue_largest(nums,n):
  largest_nums = hq.nlargest(n, nums)
  return largest_nums
📉 Completion Loss: 3.1591

🚨 High-loss Sample 3:
📌 Prompt:
Write a python function to check whether the two numbers differ at one bit position only or not.
📌 Completion:
def is_Power_Of_Two (x): 
    return x and (not(x & (x - 1))) 
def differ_At_One_Bit_Pos(a,b): 
    return is_Power_Of_Two(a ^ b)
📉 Completion Loss: 4.3158

🚨 High-loss Sample 4:
📌 Prompt:
Write a function to find all words which are at least 4 characters long in a string.
📌 Completion:
import re
def find_char_long(text):
  return (re.findall(r"\b\w{4,}\b", text))
📉 Completion Loss: 2.6709

🚨 High-loss Sample 5:
📌 Prompt:
Write a function to find squares of individual elements in a list.
📌 Completion:
def square_nums(nums):
 square_nums = list(map(lambda x: x ** 2, nums))
 return square_nums
📉 Completion Loss: 2.6014

🚨 High-loss Sample 6:
📌 Prompt:
Write a python function to find the minimum number of rotations (greater than 0) required to get the same string.
📌 Completion:
def find_Rotations(str): 
    tmp = str + str
    n = len(str) 
    for i in range(1,n + 1): 
        substring = tmp[i: i+n] 
        if (str == substring): 
            return i 
    return n
📉 Completion Loss: 6.6372

🚨 High-loss Sample 7:
📌 Prompt:
Write a python function to remove first and last occurrence of a given character from the string.
📌 Completion:
def remove_Occ(s,ch): 
    for i in range(len(s)): 
        if (s[i] == ch): 
            s = s[0 : i] + s[i + 1:] 
            break
    for i in range(len(s) - 1,-1,-1):  
        if (s[i] == ch): 
            s = s[0 : i] + s[i + 1:] 
            break
    return s
📉 Completion Loss: 10.3131
[Check] Prompt len: 19, Full len: 47
[Check] Prompt len: 13, Full len: 41
[Check] Prompt len: 25, Full len: 129
[Check] Prompt len: 17, Full len: 36
[Check] Prompt len: 18, Full len: 256
[Check] Prompt len: 16, Full len: 65
[Check] Prompt len: 15, Full len: 114
[Check] Prompt len: 18, Full len: 124

🚨 High-loss Sample 8:
📌 Prompt:
Write a function to sort a given matrix in ascending order according to the sum of its rows.
📌 Completion:
def sort_matrix(M):
    result = sorted(M, key=sum)
    return result
📉 Completion Loss: 1.9461

🚨 High-loss Sample 9:
📌 Prompt:
Write a python function to find the volume of a triangular prism.
📌 Completion:
def find_Volume(l,b,h) : 
    return ((l * b * h) / 2)
📉 Completion Loss: 1.9364

🚨 High-loss Sample 10:
📌 Prompt:
Write a function to that returns true if the input string contains sequences of lowercase letters joined with an underscore and false otherwise.
📌 Completion:
import re
def text_lowercase_underscore(text):
        patterns = '^[a-z]+_[a-z]+$'
        if re.search(patterns,  text):
                return True
        else:
                return False
📉 Completion Loss: 5.0133

🚨 High-loss Sample 11:
📌 Prompt:
Write a function that returns the perimeter of a square given its side length as input.
📌 Completion:
def square_perimeter(a):
  perimeter=4*a
  return perimeter
📉 Completion Loss: 1.5865

🚨 High-loss Sample 12:
📌 Prompt:
Write a function to remove characters from the first string which are present in the second string.
📌 Completion:
NO_OF_CHARS = 256
def str_to_list(string): 
	temp = [] 
	for x in string: 
		temp.append(x) 
	return temp 
def lst_to_string(List): 
	return ''.join(List) 
def get_char_count_array(string): 
	count = [0] * NO_OF_CHARS 
	for i in string: 
		count[ord(i)] += 1
	return count 
def remove_dirty_chars(string, second_string): 
	count = get_char_count_array(second_string) 
	ip_ind = 0
	res_ind = 0
	temp = '' 
	str_list = str_to_list(string) 
	while ip_ind != len(str_list): 
		temp = str_list[ip_ind] 
		if count[ord(temp)] == 0: 
			str_list[res_ind] = str_list[ip_ind] 
			res_ind += 1
		ip_ind+=1
	return lst_to_string(str_list[0:res_ind])
📉 Completion Loss: 9.8966

🚨 High-loss Sample 13:
📌 Prompt:
Write a function to find whether a given array of integers contains any duplicate element.
📌 Completion:
def test_duplicate(arraynums):
    nums_set = set(arraynums)    
    return len(arraynums) != len(nums_set)
📉 Completion Loss: 2.7337

🚨 High-loss Sample 14:
📌 Prompt:
Write a function to check if the given number is woodball or not.
📌 Completion:
def is_woodall(x): 
	if (x % 2 == 0): 
		return False
	if (x == 1): 
		return True
	x = x + 1 
	p = 0
	while (x % 2 == 0): 
		x = x/2
		p = p + 1
		if (p == x): 
			return True
	return False
📉 Completion Loss: 4.4345

🚨 High-loss Sample 15:
📌 Prompt:
Write a python function to check if a given number is one less than twice its reverse.
📌 Completion:
def rev(num):    
    rev_num = 0
    while (num > 0):  
        rev_num = (rev_num * 10 + num % 10) 
        num = num // 10  
    return rev_num  
def check(n):    
    return (2 * rev(n) == n + 1)
📉 Completion Loss: 4.9908
[Check] Prompt len: 20, Full len: 105
[Check] Prompt len: 17, Full len: 41
[Check] Prompt len: 12, Full len: 33
[Check] Prompt len: 21, Full len: 155
[Check] Prompt len: 12, Full len: 26
[Check] Prompt len: 17, Full len: 61
[Check] Prompt len: 18, Full len: 75
[Check] Prompt len: 15, Full len: 87

🚨 High-loss Sample 16:
📌 Prompt:
Write a python function to find the largest number that can be formed with the given list of digits.
📌 Completion:
def find_Max_Num(arr) : 
    n = len(arr)
    arr.sort(reverse = True) 
    num = arr[0] 
    for i in range(1,n) : 
        num = num * 10 + arr[i] 
    return num
📉 Completion Loss: 6.6090

🚨 High-loss Sample 17:
📌 Prompt:
Write a python function to check whether the given two integers have opposite sign or not.
📌 Completion:
def opposite_Signs(x,y): 
    return ((x ^ y) < 0);
📉 Completion Loss: 2.4356

🚨 High-loss Sample 18:
📌 Prompt:
Write a function to find the nth octagonal number.
📌 Completion:
def is_octagonal(n): 
	return 3 * n * n - 2 * n
📉 Completion Loss: 2.1925

🚨 High-loss Sample 19:
📌 Prompt:
Write a python function to count the number of substrings with the sum of digits equal to their length.
📌 Completion:
from collections import defaultdict
def count_Substrings(s):
    n = len(s)
    count,sum = 0,0
    mp = defaultdict(lambda : 0)
    mp[0] += 1
    for i in range(n):
        sum += ord(s[i]) - ord('0')
        count += mp[sum - (i + 1)]
        mp[sum - (i + 1)] += 1
    return count
📉 Completion Loss: 10.1485

🚨 High-loss Sample 20:
📌 Prompt:
Write a python function to find smallest number in a list.
📌 Completion:
def smallest_num(xs):
  return min(xs)
📉 Completion Loss: 1.7770

🚨 High-loss Sample 21:
📌 Prompt:
Write a function to find the maximum difference between available pairs in the given tuple list.
📌 Completion:
def max_difference(test_list):
  temp = [abs(b - a) for a, b in test_list]
  res = max(temp)
  return (res)
📉 Completion Loss: 3.7059

🚨 High-loss Sample 22:
📌 Prompt:
Write a function to sort a list of tuples using the second value of each tuple.
📌 Completion:
def subject_marks(subjectmarks):
#subject_marks = [('English', 88), ('Science', 90), ('Maths', 97), ('Social sciences', 82)])
 subjectmarks.sort(key = lambda x: x[1])
 return subjectmarks
📉 Completion Loss: 4.6843

🚨 High-loss Sample 23:
📌 Prompt:
Write a function to flatten a list and sum all of its elements.
📌 Completion:
def recursive_list_sum(data_list):
	total = 0
	for element in data_list:
		if type(element) == type([]):
			total = total + recursive_list_sum(element)
		else:
			total = total + element
	return total
📉 Completion Loss: 5.4325
[Check] Prompt len: 15, Full len: 64
[Check] Prompt len: 17, Full len: 181
[Check] Prompt len: 17, Full len: 96
[Check] Prompt len: 16, Full len: 193
[Check] Prompt len: 17, Full len: 109
[Check] Prompt len: 10, Full len: 238
[Check] Prompt len: 22, Full len: 60
[Check] Prompt len: 16, Full len: 256

🚨 High-loss Sample 24:
📌 Prompt:
Write a python function to count the number of positive numbers in a list.
📌 Completion:
def pos_count(list):
  pos_count= 0
  for num in list: 
    if num >= 0: 
      pos_count += 1
  return pos_count
📉 Completion Loss: 2.6241

🚨 High-loss Sample 25:
📌 Prompt:
Write a function to find the number of ways to partition a set of Bell numbers.
📌 Completion:
def bell_number(n):   
    bell = [[0 for i in range(n+1)] for j in range(n+1)] 
    bell[0][0] = 1
    for i in range(1, n+1): 
        bell[i][0] = bell[i-1][i-1]  
        for j in range(1, i+1): 
            bell[i][j] = bell[i-1][j-1] + bell[i][j-1]   
    return bell[n][0]
📉 Completion Loss: 7.2601

🚨 High-loss Sample 26:
📌 Prompt:
Write a python function to check whether the given array is monotonic or not.
📌 Completion:
def is_Monotonic(A): 
    return (all(A[i] <= A[i + 1] for i in range(len(A) - 1)) or
            all(A[i] >= A[i + 1] for i in range(len(A) - 1)))
📉 Completion Loss: 3.9873

🚨 High-loss Sample 27:
📌 Prompt:
Write a function to check whether a list contains the given sublist or not.
📌 Completion:
def is_sublist(l, s):
	sub_set = False
	if s == []:
		sub_set = True
	elif s == l:
		sub_set = True
	elif len(s) > len(l):
		sub_set = False
	else:
		for i in range(len(l)):
			if l[i] == s[0]:
				n = 1
				while (n < len(s)) and (l[i+n] == s[n]):
					n += 1				
				if n == len(s):
					sub_set = True
	return sub_set
📉 Completion Loss: 7.4500

🚨 High-loss Sample 28:
📌 Prompt:
Write a function to find whether all the given tuples have equal length or not.
📌 Completion:
def find_equal_tuple(Input):
  k = 0 if not Input else len(Input[0])
  flag = 1
  for tuple in Input:
    if len(tuple) != k:
      flag = 0
      break
  return flag
def get_equal(Input):
  return find_equal_tuple(Input) == 1
📉 Completion Loss: 4.2866

🚨 High-loss Sample 29:
📌 Prompt:
Write a function to sort a list of elements.
📌 Completion:
def comb_sort(nums):
    shrink_fact = 1.3
    gaps = len(nums)
    swapped = True
    i = 0
    while gaps > 1 or swapped:
        gaps = int(float(gaps) / shrink_fact)
        swapped = False
        i = 0
        while gaps + i < len(nums):
            if nums[i] > nums[i+gaps]:
                nums[i], nums[i+gaps] = nums[i+gaps], nums[i]
                swapped = True
            i += 1
    return nums
📉 Completion Loss: 9.5854

🚨 High-loss Sample 30:
📌 Prompt:
Write a python function to check whether the given number can be represented as the difference of two squares or not.
📌 Completion:
def dif_Square(n): 
    if (n % 4 != 2): 
        return True
    return False
📉 Completion Loss: 2.3179

🚨 High-loss Sample 31:
📌 Prompt:
Write a function to check whether it follows the sequence given in the patterns array.
📌 Completion:
def is_samepatterns(colors, patterns):    
    if len(colors) != len(patterns):
        return False    
    sdict = {}
    pset = set()
    sset = set()    
    for i in range(len(patterns)):
        pset.add(patterns[i])
        sset.add(colors[i])
        if patterns[i] not in sdict.keys():
            sdict[patterns[i]] = []

        keys = sdict[patterns[i]]
        keys.append(colors[i])
        sdict[patterns[i]] = keys

    if len(pset) != len(sset):
        return False   

    for values in sdict.values():

        for i in range(len(values) - 1):
            if values[i] != values[i+1]:
                return False

    return True
📉 Completion Loss: 10.3117
[Check] Prompt len: 23, Full len: 64
[Check] Prompt len: 15, Full len: 35
[Check] Prompt len: 17, Full len: 111
[Check] Prompt len: 13, Full len: 42
[Check] Prompt len: 11, Full len: 43
[Check] Prompt len: 26, Full len: 156
[Check] Prompt len: 17, Full len: 68
[Check] Prompt len: 12, Full len: 43

🚨 High-loss Sample 32:
📌 Prompt:
Write a function to find tuples which have all elements divisible by k from the given list of tuples.
📌 Completion:
def find_tuples(test_list, K):
  res = [sub for sub in test_list if all(ele % K == 0 for ele in sub)]
  return res
📉 Completion Loss: 3.6906

🚨 High-loss Sample 33:
📌 Prompt:
Write a python function to find whether a number is divisible by 11.
📌 Completion:
def is_Diff(n): 
    return (n % 11 == 0)
📉 Completion Loss: 2.1216

🚨 High-loss Sample 34:
📌 Prompt:
Write a python function to check whether the length of the word is odd or not.
📌 Completion:
def word_len(s): 
    s = s.split(' ')   
    for word in s:    
        if len(word)%2!=0: 
            return True  
        else:
          return False
📉 Completion Loss: 7.1314

🚨 High-loss Sample 35:
📌 Prompt:
Write a function to find the nth tetrahedral number.
📌 Completion:
def tetrahedral_number(n): 
	return (n * (n + 1) * (n + 2)) / 6
📉 Completion Loss: 2.7358

🚨 High-loss Sample 36:
📌 Prompt:
Write a function to find the volume of a sphere.
📌 Completion:
import math
def volume_sphere(r):
  volume=(4/3)*math.pi*r*r*r
  return volume
📉 Completion Loss: 2.8014

🚨 High-loss Sample 37:
📌 Prompt:
Write a python function to find the character made by adding the ASCII value of all the characters of the given string modulo 26.
📌 Completion:
def get_Char(strr):  
    summ = 0
    for i in range(len(strr)): 
        summ += (ord(strr[i]) - ord('a') + 1)  
    if (summ % 26 == 0): 
        return ord('z') 
    else: 
        summ = summ % 26
        return chr(ord('a') + summ - 1)
📉 Completion Loss: 10.2291

🚨 High-loss Sample 38:
📌 Prompt:
Write a function to find the nth number in the newman conway sequence.
📌 Completion:
def sequence(n): 
	if n == 1 or n == 2: 
		return 1
	else: 
		return sequence(sequence(n-1)) + sequence(n-sequence(n-1))
📉 Completion Loss: 4.0824

🚨 High-loss Sample 39:
📌 Prompt:
Write a function to find the surface area of a sphere.
📌 Completion:
import math
def surfacearea_sphere(r):
  surfacearea=4*math.pi*r*r
  return surfacearea
📉 Completion Loss: 2.7487
[Check] Prompt len: 12, Full len: 36
[Check] Prompt len: 13, Full len: 70
[Check] Prompt len: 20, Full len: 53
[Check] Prompt len: 12, Full len: 27
[Check] Prompt len: 13, Full len: 84
[Check] Prompt len: 22, Full len: 66
[Check] Prompt len: 15, Full len: 92
[Check] Prompt len: 17, Full len: 80

🚨 High-loss Sample 40:
📌 Prompt:
Write a function to find nth centered hexagonal number.
📌 Completion:
def centered_hexagonal_number(n):
  return 3 * n * (n - 1) + 1
📉 Completion Loss: 3.6051

🚨 High-loss Sample 41:
📌 Prompt:
Write a function to merge three dictionaries into a single dictionary.
📌 Completion:
import collections as ct
def merge_dictionaries_three(dict1,dict2, dict3):
    merged_dict = dict(ct.ChainMap({},dict1,dict2,dict3))
    return merged_dict
📉 Completion Loss: 7.5182

🚨 High-loss Sample 42:
📌 Prompt:
Write a function to get the frequency of all the elements in a list, returned as a dictionary.
📌 Completion:
import collections
def freq_count(list1):
  freq_count= collections.Counter(list1)
  return freq_count
📉 Completion Loss: 4.8466

🚨 High-loss Sample 43:
📌 Prompt:
Write a function to find the closest smaller number than n.
📌 Completion:
def closest_num(N):
  return (N - 1)
📉 Completion Loss: 2.5693

🚨 High-loss Sample 44:
📌 Prompt:
Write a python function to find the length of the longest word.
📌 Completion:
def len_log(list1):
    max=len(list1[0])
    for i in list1:
        if len(i)>max:
            max=len(i)
    return max
📉 Completion Loss: 9.1081

🚨 High-loss Sample 45:
📌 Prompt:
Write a function to check if a string is present as a substring in a given list of string values.
📌 Completion:
def find_substring(str1, sub_str):
   if any(sub_str in s for s in str1):
       return True
   return False
📉 Completion Loss: 6.6019

🚨 High-loss Sample 46:
📌 Prompt:
Write a function to check whether the given number is undulating or not.
📌 Completion:
def is_undulating(n): 
	n = str(n)
	if (len(n) <= 2): 
		return False
	for i in range(2, len(n)): 
		if (n[i - 2] != n[i]): 
			return False
	return True
📉 Completion Loss: 9.7602

🚨 High-loss Sample 47:
📌 Prompt:
Write a function to calculate the value of 'a' to the power 'b'.
📌 Completion:
def power(a,b):
	if b==0:
		return 1
	elif a==0:
		return 0
	elif b==1:
		return a
	else:
		return a*power(a,b-1)
📉 Completion Loss: 8.1001
[Check] Prompt len: 24, Full len: 68
[Check] Prompt len: 18, Full len: 56

🚨 High-loss Sample 48:
📌 Prompt:
Given a list of tuples, write a function that returns the first value of the tuple with the smallest second value.
📌 Completion:
from operator import itemgetter 
def index_minimum(test_list):
  res = min(test_list, key = itemgetter(1))[0]
  return (res)
📉 Completion Loss: 10.2039

🚨 High-loss Sample 49:
📌 Prompt:
Write a python function to find the length of the smallest list in a list of lists.
📌 Completion:
def Find_Min_Length(lst):  
    minLength = min(len(x) for x in lst )
    return minLength
📉 Completion Loss: 7.9686
✅ Evaluation Complete. Final Avg Loss = 5.1318, Perplexity = 169.32
[Step 1100] PPL(A2C) = 169.32 | AvgR = 0.3636
[Check] Prompt len: 14, Full len: 61
[Check] Prompt len: 11, Full len: 89
[Check] Prompt len: 21, Full len: 65
[Check] Prompt len: 19, Full len: 83
[Check] Prompt len: 18, Full len: 53
[Check] Prompt len: 13, Full len: 48
[Check] Prompt len: 25, Full len: 127
[Check] Prompt len: 18, Full len: 189

🚨 High-loss Sample 0:
📌 Prompt:
Write a function to find the shared elements from the given two lists.
📌 Completion:
def similar_elements(test_tup1, test_tup2):
  res = tuple(set(test_tup1) & set(test_tup2))
  return (res)
📉 Completion Loss: 3.3268

🚨 High-loss Sample 1:
📌 Prompt:
Write a python function to identify non-prime numbers.
📌 Completion:
import math
def is_not_prime(n):
    result = False
    for i in range(2,int(math.sqrt(n)) + 1):
        if n % i == 0:
            result = True
    return result
📉 Completion Loss: 4.8257

🚨 High-loss Sample 2:
📌 Prompt:
Write a function to find the n largest integers from a given list of numbers, returned in descending order.
📌 Completion:
import heapq as hq
def heap_queue_largest(nums,n):
  largest_nums = hq.nlargest(n, nums)
  return largest_nums
📉 Completion Loss: 3.1531

🚨 High-loss Sample 3:
📌 Prompt:
Write a python function to check whether the two numbers differ at one bit position only or not.
📌 Completion:
def is_Power_Of_Two (x): 
    return x and (not(x & (x - 1))) 
def differ_At_One_Bit_Pos(a,b): 
    return is_Power_Of_Two(a ^ b)
📉 Completion Loss: 4.2846

🚨 High-loss Sample 4:
📌 Prompt:
Write a function to find all words which are at least 4 characters long in a string.
📌 Completion:
import re
def find_char_long(text):
  return (re.findall(r"\b\w{4,}\b", text))
📉 Completion Loss: 2.6585

🚨 High-loss Sample 5:
📌 Prompt:
Write a function to find squares of individual elements in a list.
📌 Completion:
def square_nums(nums):
 square_nums = list(map(lambda x: x ** 2, nums))
 return square_nums
📉 Completion Loss: 2.5920

🚨 High-loss Sample 6:
📌 Prompt:
Write a python function to find the minimum number of rotations (greater than 0) required to get the same string.
📌 Completion:
def find_Rotations(str): 
    tmp = str + str
    n = len(str) 
    for i in range(1,n + 1): 
        substring = tmp[i: i+n] 
        if (str == substring): 
            return i 
    return n
📉 Completion Loss: 6.6397

🚨 High-loss Sample 7:
📌 Prompt:
Write a python function to remove first and last occurrence of a given character from the string.
📌 Completion:
def remove_Occ(s,ch): 
    for i in range(len(s)): 
        if (s[i] == ch): 
            s = s[0 : i] + s[i + 1:] 
            break
    for i in range(len(s) - 1,-1,-1):  
        if (s[i] == ch): 
            s = s[0 : i] + s[i + 1:] 
            break
    return s
📉 Completion Loss: 10.4043
[Check] Prompt len: 19, Full len: 47
[Check] Prompt len: 13, Full len: 41
[Check] Prompt len: 25, Full len: 129
[Check] Prompt len: 17, Full len: 36
[Check] Prompt len: 18, Full len: 256
[Check] Prompt len: 16, Full len: 65
[Check] Prompt len: 15, Full len: 114
[Check] Prompt len: 18, Full len: 124

🚨 High-loss Sample 8:
📌 Prompt:
Write a function to sort a given matrix in ascending order according to the sum of its rows.
📌 Completion:
def sort_matrix(M):
    result = sorted(M, key=sum)
    return result
📉 Completion Loss: 1.9336

🚨 High-loss Sample 9:
📌 Prompt:
Write a python function to find the volume of a triangular prism.
📌 Completion:
def find_Volume(l,b,h) : 
    return ((l * b * h) / 2)
📉 Completion Loss: 1.9403

🚨 High-loss Sample 10:
📌 Prompt:
Write a function to that returns true if the input string contains sequences of lowercase letters joined with an underscore and false otherwise.
📌 Completion:
import re
def text_lowercase_underscore(text):
        patterns = '^[a-z]+_[a-z]+$'
        if re.search(patterns,  text):
                return True
        else:
                return False
📉 Completion Loss: 4.9971

🚨 High-loss Sample 11:
📌 Prompt:
Write a function that returns the perimeter of a square given its side length as input.
📌 Completion:
def square_perimeter(a):
  perimeter=4*a
  return perimeter
📉 Completion Loss: 1.6088

🚨 High-loss Sample 12:
📌 Prompt:
Write a function to remove characters from the first string which are present in the second string.
📌 Completion:
NO_OF_CHARS = 256
def str_to_list(string): 
	temp = [] 
	for x in string: 
		temp.append(x) 
	return temp 
def lst_to_string(List): 
	return ''.join(List) 
def get_char_count_array(string): 
	count = [0] * NO_OF_CHARS 
	for i in string: 
		count[ord(i)] += 1
	return count 
def remove_dirty_chars(string, second_string): 
	count = get_char_count_array(second_string) 
	ip_ind = 0
	res_ind = 0
	temp = '' 
	str_list = str_to_list(string) 
	while ip_ind != len(str_list): 
		temp = str_list[ip_ind] 
		if count[ord(temp)] == 0: 
			str_list[res_ind] = str_list[ip_ind] 
			res_ind += 1
		ip_ind+=1
	return lst_to_string(str_list[0:res_ind])
📉 Completion Loss: 9.9007

🚨 High-loss Sample 13:
📌 Prompt:
Write a function to find whether a given array of integers contains any duplicate element.
📌 Completion:
def test_duplicate(arraynums):
    nums_set = set(arraynums)    
    return len(arraynums) != len(nums_set)
📉 Completion Loss: 2.7010

🚨 High-loss Sample 14:
📌 Prompt:
Write a function to check if the given number is woodball or not.
📌 Completion:
def is_woodall(x): 
	if (x % 2 == 0): 
		return False
	if (x == 1): 
		return True
	x = x + 1 
	p = 0
	while (x % 2 == 0): 
		x = x/2
		p = p + 1
		if (p == x): 
			return True
	return False
📉 Completion Loss: 4.3694

🚨 High-loss Sample 15:
📌 Prompt:
Write a python function to check if a given number is one less than twice its reverse.
📌 Completion:
def rev(num):    
    rev_num = 0
    while (num > 0):  
        rev_num = (rev_num * 10 + num % 10) 
        num = num // 10  
    return rev_num  
def check(n):    
    return (2 * rev(n) == n + 1)
📉 Completion Loss: 4.9577
[Check] Prompt len: 20, Full len: 105
[Check] Prompt len: 17, Full len: 41
[Check] Prompt len: 12, Full len: 33
[Check] Prompt len: 21, Full len: 155
[Check] Prompt len: 12, Full len: 26
[Check] Prompt len: 17, Full len: 61
[Check] Prompt len: 18, Full len: 75
[Check] Prompt len: 15, Full len: 87

🚨 High-loss Sample 16:
📌 Prompt:
Write a python function to find the largest number that can be formed with the given list of digits.
📌 Completion:
def find_Max_Num(arr) : 
    n = len(arr)
    arr.sort(reverse = True) 
    num = arr[0] 
    for i in range(1,n) : 
        num = num * 10 + arr[i] 
    return num
📉 Completion Loss: 6.6179

🚨 High-loss Sample 17:
📌 Prompt:
Write a python function to check whether the given two integers have opposite sign or not.
📌 Completion:
def opposite_Signs(x,y): 
    return ((x ^ y) < 0);
📉 Completion Loss: 2.4366

🚨 High-loss Sample 18:
📌 Prompt:
Write a function to find the nth octagonal number.
📌 Completion:
def is_octagonal(n): 
	return 3 * n * n - 2 * n
📉 Completion Loss: 2.1979

🚨 High-loss Sample 19:
📌 Prompt:
Write a python function to count the number of substrings with the sum of digits equal to their length.
📌 Completion:
from collections import defaultdict
def count_Substrings(s):
    n = len(s)
    count,sum = 0,0
    mp = defaultdict(lambda : 0)
    mp[0] += 1
    for i in range(n):
        sum += ord(s[i]) - ord('0')
        count += mp[sum - (i + 1)]
        mp[sum - (i + 1)] += 1
    return count
📉 Completion Loss: 10.1954

🚨 High-loss Sample 20:
📌 Prompt:
Write a python function to find smallest number in a list.
📌 Completion:
def smallest_num(xs):
  return min(xs)
📉 Completion Loss: 1.8361

🚨 High-loss Sample 21:
📌 Prompt:
Write a function to find the maximum difference between available pairs in the given tuple list.
📌 Completion:
def max_difference(test_list):
  temp = [abs(b - a) for a, b in test_list]
  res = max(temp)
  return (res)
📉 Completion Loss: 3.7079

🚨 High-loss Sample 22:
📌 Prompt:
Write a function to sort a list of tuples using the second value of each tuple.
📌 Completion:
def subject_marks(subjectmarks):
#subject_marks = [('English', 88), ('Science', 90), ('Maths', 97), ('Social sciences', 82)])
 subjectmarks.sort(key = lambda x: x[1])
 return subjectmarks
📉 Completion Loss: 4.6659

🚨 High-loss Sample 23:
📌 Prompt:
Write a function to flatten a list and sum all of its elements.
📌 Completion:
def recursive_list_sum(data_list):
	total = 0
	for element in data_list:
		if type(element) == type([]):
			total = total + recursive_list_sum(element)
		else:
			total = total + element
	return total
📉 Completion Loss: 5.3950
[Check] Prompt len: 15, Full len: 64
[Check] Prompt len: 17, Full len: 181
[Check] Prompt len: 17, Full len: 96
[Check] Prompt len: 16, Full len: 193
[Check] Prompt len: 17, Full len: 109
[Check] Prompt len: 10, Full len: 238
[Check] Prompt len: 22, Full len: 60
[Check] Prompt len: 16, Full len: 256

🚨 High-loss Sample 24:
📌 Prompt:
Write a python function to count the number of positive numbers in a list.
📌 Completion:
def pos_count(list):
  pos_count= 0
  for num in list: 
    if num >= 0: 
      pos_count += 1
  return pos_count
📉 Completion Loss: 2.6019

🚨 High-loss Sample 25:
📌 Prompt:
Write a function to find the number of ways to partition a set of Bell numbers.
📌 Completion:
def bell_number(n):   
    bell = [[0 for i in range(n+1)] for j in range(n+1)] 
    bell[0][0] = 1
    for i in range(1, n+1): 
        bell[i][0] = bell[i-1][i-1]  
        for j in range(1, i+1): 
            bell[i][j] = bell[i-1][j-1] + bell[i][j-1]   
    return bell[n][0]
📉 Completion Loss: 7.2787

🚨 High-loss Sample 26:
📌 Prompt:
Write a python function to check whether the given array is monotonic or not.
📌 Completion:
def is_Monotonic(A): 
    return (all(A[i] <= A[i + 1] for i in range(len(A) - 1)) or
            all(A[i] >= A[i + 1] for i in range(len(A) - 1)))
📉 Completion Loss: 3.9517

🚨 High-loss Sample 27:
📌 Prompt:
Write a function to check whether a list contains the given sublist or not.
📌 Completion:
def is_sublist(l, s):
	sub_set = False
	if s == []:
		sub_set = True
	elif s == l:
		sub_set = True
	elif len(s) > len(l):
		sub_set = False
	else:
		for i in range(len(l)):
			if l[i] == s[0]:
				n = 1
				while (n < len(s)) and (l[i+n] == s[n]):
					n += 1				
				if n == len(s):
					sub_set = True
	return sub_set
📉 Completion Loss: 7.4245

🚨 High-loss Sample 28:
📌 Prompt:
Write a function to find whether all the given tuples have equal length or not.
📌 Completion:
def find_equal_tuple(Input):
  k = 0 if not Input else len(Input[0])
  flag = 1
  for tuple in Input:
    if len(tuple) != k:
      flag = 0
      break
  return flag
def get_equal(Input):
  return find_equal_tuple(Input) == 1
📉 Completion Loss: 4.2375

🚨 High-loss Sample 29:
📌 Prompt:
Write a function to sort a list of elements.
📌 Completion:
def comb_sort(nums):
    shrink_fact = 1.3
    gaps = len(nums)
    swapped = True
    i = 0
    while gaps > 1 or swapped:
        gaps = int(float(gaps) / shrink_fact)
        swapped = False
        i = 0
        while gaps + i < len(nums):
            if nums[i] > nums[i+gaps]:
                nums[i], nums[i+gaps] = nums[i+gaps], nums[i]
                swapped = True
            i += 1
    return nums
📉 Completion Loss: 9.6652

🚨 High-loss Sample 30:
📌 Prompt:
Write a python function to check whether the given number can be represented as the difference of two squares or not.
📌 Completion:
def dif_Square(n): 
    if (n % 4 != 2): 
        return True
    return False
📉 Completion Loss: 2.3072

🚨 High-loss Sample 31:
📌 Prompt:
Write a function to check whether it follows the sequence given in the patterns array.
📌 Completion:
def is_samepatterns(colors, patterns):    
    if len(colors) != len(patterns):
        return False    
    sdict = {}
    pset = set()
    sset = set()    
    for i in range(len(patterns)):
        pset.add(patterns[i])
        sset.add(colors[i])
        if patterns[i] not in sdict.keys():
            sdict[patterns[i]] = []

        keys = sdict[patterns[i]]
        keys.append(colors[i])
        sdict[patterns[i]] = keys

    if len(pset) != len(sset):
        return False   

    for values in sdict.values():

        for i in range(len(values) - 1):
            if values[i] != values[i+1]:
                return False

    return True
📉 Completion Loss: 10.3924
[Check] Prompt len: 23, Full len: 64
[Check] Prompt len: 15, Full len: 35
[Check] Prompt len: 17, Full len: 111
[Check] Prompt len: 13, Full len: 42
[Check] Prompt len: 11, Full len: 43
[Check] Prompt len: 26, Full len: 156
[Check] Prompt len: 17, Full len: 68
[Check] Prompt len: 12, Full len: 43

🚨 High-loss Sample 32:
📌 Prompt:
Write a function to find tuples which have all elements divisible by k from the given list of tuples.
📌 Completion:
def find_tuples(test_list, K):
  res = [sub for sub in test_list if all(ele % K == 0 for ele in sub)]
  return res
📉 Completion Loss: 3.7029

🚨 High-loss Sample 33:
📌 Prompt:
Write a python function to find whether a number is divisible by 11.
📌 Completion:
def is_Diff(n): 
    return (n % 11 == 0)
📉 Completion Loss: 2.1441

🚨 High-loss Sample 34:
📌 Prompt:
Write a python function to check whether the length of the word is odd or not.
📌 Completion:
def word_len(s): 
    s = s.split(' ')   
    for word in s:    
        if len(word)%2!=0: 
            return True  
        else:
          return False
📉 Completion Loss: 7.1767

🚨 High-loss Sample 35:
📌 Prompt:
Write a function to find the nth tetrahedral number.
📌 Completion:
def tetrahedral_number(n): 
	return (n * (n + 1) * (n + 2)) / 6
📉 Completion Loss: 2.7121

🚨 High-loss Sample 36:
📌 Prompt:
Write a function to find the volume of a sphere.
📌 Completion:
import math
def volume_sphere(r):
  volume=(4/3)*math.pi*r*r*r
  return volume
📉 Completion Loss: 2.7712

🚨 High-loss Sample 37:
📌 Prompt:
Write a python function to find the character made by adding the ASCII value of all the characters of the given string modulo 26.
📌 Completion:
def get_Char(strr):  
    summ = 0
    for i in range(len(strr)): 
        summ += (ord(strr[i]) - ord('a') + 1)  
    if (summ % 26 == 0): 
        return ord('z') 
    else: 
        summ = summ % 26
        return chr(ord('a') + summ - 1)
📉 Completion Loss: 10.2824

🚨 High-loss Sample 38:
📌 Prompt:
Write a function to find the nth number in the newman conway sequence.
📌 Completion:
def sequence(n): 
	if n == 1 or n == 2: 
		return 1
	else: 
		return sequence(sequence(n-1)) + sequence(n-sequence(n-1))
📉 Completion Loss: 4.0522

🚨 High-loss Sample 39:
📌 Prompt:
Write a function to find the surface area of a sphere.
📌 Completion:
import math
def surfacearea_sphere(r):
  surfacearea=4*math.pi*r*r
  return surfacearea
📉 Completion Loss: 2.7211
[Check] Prompt len: 12, Full len: 36
[Check] Prompt len: 13, Full len: 70
[Check] Prompt len: 20, Full len: 53
[Check] Prompt len: 12, Full len: 27
[Check] Prompt len: 13, Full len: 84
[Check] Prompt len: 22, Full len: 66
[Check] Prompt len: 15, Full len: 92
[Check] Prompt len: 17, Full len: 80

🚨 High-loss Sample 40:
📌 Prompt:
Write a function to find nth centered hexagonal number.
📌 Completion:
def centered_hexagonal_number(n):
  return 3 * n * (n - 1) + 1
📉 Completion Loss: 3.5806

🚨 High-loss Sample 41:
📌 Prompt:
Write a function to merge three dictionaries into a single dictionary.
📌 Completion:
import collections as ct
def merge_dictionaries_three(dict1,dict2, dict3):
    merged_dict = dict(ct.ChainMap({},dict1,dict2,dict3))
    return merged_dict
📉 Completion Loss: 7.4988

🚨 High-loss Sample 42:
📌 Prompt:
Write a function to get the frequency of all the elements in a list, returned as a dictionary.
📌 Completion:
import collections
def freq_count(list1):
  freq_count= collections.Counter(list1)
  return freq_count
📉 Completion Loss: 4.9198

🚨 High-loss Sample 43:
📌 Prompt:
Write a function to find the closest smaller number than n.
📌 Completion:
def closest_num(N):
  return (N - 1)
📉 Completion Loss: 2.6158

🚨 High-loss Sample 44:
📌 Prompt:
Write a python function to find the length of the longest word.
📌 Completion:
def len_log(list1):
    max=len(list1[0])
    for i in list1:
        if len(i)>max:
            max=len(i)
    return max
📉 Completion Loss: 9.1792

🚨 High-loss Sample 45:
📌 Prompt:
Write a function to check if a string is present as a substring in a given list of string values.
📌 Completion:
def find_substring(str1, sub_str):
   if any(sub_str in s for s in str1):
       return True
   return False
📉 Completion Loss: 6.6490

🚨 High-loss Sample 46:
📌 Prompt:
Write a function to check whether the given number is undulating or not.
📌 Completion:
def is_undulating(n): 
	n = str(n)
	if (len(n) <= 2): 
		return False
	for i in range(2, len(n)): 
		if (n[i - 2] != n[i]): 
			return False
	return True
📉 Completion Loss: 9.7804

🚨 High-loss Sample 47:
📌 Prompt:
Write a function to calculate the value of 'a' to the power 'b'.
📌 Completion:
def power(a,b):
	if b==0:
		return 1
	elif a==0:
		return 0
	elif b==1:
		return a
	else:
		return a*power(a,b-1)
📉 Completion Loss: 8.1149
[Check] Prompt len: 24, Full len: 68
[Check] Prompt len: 18, Full len: 56

🚨 High-loss Sample 48:
📌 Prompt:
Given a list of tuples, write a function that returns the first value of the tuple with the smallest second value.
📌 Completion:
from operator import itemgetter 
def index_minimum(test_list):
  res = min(test_list, key = itemgetter(1))[0]
  return (res)
📉 Completion Loss: 10.2141

🚨 High-loss Sample 49:
📌 Prompt:
Write a python function to find the length of the smallest list in a list of lists.
📌 Completion:
def Find_Min_Length(lst):  
    minLength = min(len(x) for x in lst )
    return minLength
📉 Completion Loss: 8.0103
✅ Evaluation Complete. Final Avg Loss = 5.1371, Perplexity = 170.22
[Step 1150] PPL(A2C) = 170.22 | AvgR = 0.3943
[Check] Prompt len: 14, Full len: 61
[Check] Prompt len: 11, Full len: 89
[Check] Prompt len: 21, Full len: 65
[Check] Prompt len: 19, Full len: 83
[Check] Prompt len: 18, Full len: 53
[Check] Prompt len: 13, Full len: 48
[Check] Prompt len: 25, Full len: 127
[Check] Prompt len: 18, Full len: 189

🚨 High-loss Sample 0:
📌 Prompt:
Write a function to find the shared elements from the given two lists.
📌 Completion:
def similar_elements(test_tup1, test_tup2):
  res = tuple(set(test_tup1) & set(test_tup2))
  return (res)
📉 Completion Loss: 3.1995

🚨 High-loss Sample 1:
📌 Prompt:
Write a python function to identify non-prime numbers.
📌 Completion:
import math
def is_not_prime(n):
    result = False
    for i in range(2,int(math.sqrt(n)) + 1):
        if n % i == 0:
            result = True
    return result
📉 Completion Loss: 4.7678

🚨 High-loss Sample 2:
📌 Prompt:
Write a function to find the n largest integers from a given list of numbers, returned in descending order.
📌 Completion:
import heapq as hq
def heap_queue_largest(nums,n):
  largest_nums = hq.nlargest(n, nums)
  return largest_nums
📉 Completion Loss: 3.0087

🚨 High-loss Sample 3:
📌 Prompt:
Write a python function to check whether the two numbers differ at one bit position only or not.
📌 Completion:
def is_Power_Of_Two (x): 
    return x and (not(x & (x - 1))) 
def differ_At_One_Bit_Pos(a,b): 
    return is_Power_Of_Two(a ^ b)
📉 Completion Loss: 4.1992

🚨 High-loss Sample 4:
📌 Prompt:
Write a function to find all words which are at least 4 characters long in a string.
📌 Completion:
import re
def find_char_long(text):
  return (re.findall(r"\b\w{4,}\b", text))
📉 Completion Loss: 2.4990

🚨 High-loss Sample 5:
📌 Prompt:
Write a function to find squares of individual elements in a list.
📌 Completion:
def square_nums(nums):
 square_nums = list(map(lambda x: x ** 2, nums))
 return square_nums
📉 Completion Loss: 2.4272

🚨 High-loss Sample 6:
📌 Prompt:
Write a python function to find the minimum number of rotations (greater than 0) required to get the same string.
📌 Completion:
def find_Rotations(str): 
    tmp = str + str
    n = len(str) 
    for i in range(1,n + 1): 
        substring = tmp[i: i+n] 
        if (str == substring): 
            return i 
    return n
📉 Completion Loss: 6.6172

🚨 High-loss Sample 7:
📌 Prompt:
Write a python function to remove first and last occurrence of a given character from the string.
📌 Completion:
def remove_Occ(s,ch): 
    for i in range(len(s)): 
        if (s[i] == ch): 
            s = s[0 : i] + s[i + 1:] 
            break
    for i in range(len(s) - 1,-1,-1):  
        if (s[i] == ch): 
            s = s[0 : i] + s[i + 1:] 
            break
    return s
📉 Completion Loss: 10.3834
[Check] Prompt len: 19, Full len: 47
[Check] Prompt len: 13, Full len: 41
[Check] Prompt len: 25, Full len: 129
[Check] Prompt len: 17, Full len: 36
[Check] Prompt len: 18, Full len: 256
[Check] Prompt len: 16, Full len: 65
[Check] Prompt len: 15, Full len: 114
[Check] Prompt len: 18, Full len: 124

🚨 High-loss Sample 8:
📌 Prompt:
Write a function to sort a given matrix in ascending order according to the sum of its rows.
📌 Completion:
def sort_matrix(M):
    result = sorted(M, key=sum)
    return result
📉 Completion Loss: 1.7359

🚨 High-loss Sample 9:
📌 Prompt:
Write a python function to find the volume of a triangular prism.
📌 Completion:
def find_Volume(l,b,h) : 
    return ((l * b * h) / 2)
📉 Completion Loss: 1.7192

🚨 High-loss Sample 10:
📌 Prompt:
Write a function to that returns true if the input string contains sequences of lowercase letters joined with an underscore and false otherwise.
📌 Completion:
import re
def text_lowercase_underscore(text):
        patterns = '^[a-z]+_[a-z]+$'
        if re.search(patterns,  text):
                return True
        else:
                return False
📉 Completion Loss: 4.9365

🚨 High-loss Sample 11:
📌 Prompt:
Write a function that returns the perimeter of a square given its side length as input.
📌 Completion:
def square_perimeter(a):
  perimeter=4*a
  return perimeter
📉 Completion Loss: 1.3697

🚨 High-loss Sample 12:
📌 Prompt:
Write a function to remove characters from the first string which are present in the second string.
📌 Completion:
NO_OF_CHARS = 256
def str_to_list(string): 
	temp = [] 
	for x in string: 
		temp.append(x) 
	return temp 
def lst_to_string(List): 
	return ''.join(List) 
def get_char_count_array(string): 
	count = [0] * NO_OF_CHARS 
	for i in string: 
		count[ord(i)] += 1
	return count 
def remove_dirty_chars(string, second_string): 
	count = get_char_count_array(second_string) 
	ip_ind = 0
	res_ind = 0
	temp = '' 
	str_list = str_to_list(string) 
	while ip_ind != len(str_list): 
		temp = str_list[ip_ind] 
		if count[ord(temp)] == 0: 
			str_list[res_ind] = str_list[ip_ind] 
			res_ind += 1
		ip_ind+=1
	return lst_to_string(str_list[0:res_ind])
📉 Completion Loss: 9.9006

🚨 High-loss Sample 13:
📌 Prompt:
Write a function to find whether a given array of integers contains any duplicate element.
📌 Completion:
def test_duplicate(arraynums):
    nums_set = set(arraynums)    
    return len(arraynums) != len(nums_set)
📉 Completion Loss: 2.5562

🚨 High-loss Sample 14:
📌 Prompt:
Write a function to check if the given number is woodball or not.
📌 Completion:
def is_woodall(x): 
	if (x % 2 == 0): 
		return False
	if (x == 1): 
		return True
	x = x + 1 
	p = 0
	while (x % 2 == 0): 
		x = x/2
		p = p + 1
		if (p == x): 
			return True
	return False
📉 Completion Loss: 4.2911

🚨 High-loss Sample 15:
📌 Prompt:
Write a python function to check if a given number is one less than twice its reverse.
📌 Completion:
def rev(num):    
    rev_num = 0
    while (num > 0):  
        rev_num = (rev_num * 10 + num % 10) 
        num = num // 10  
    return rev_num  
def check(n):    
    return (2 * rev(n) == n + 1)
📉 Completion Loss: 4.9061
[Check] Prompt len: 20, Full len: 105
[Check] Prompt len: 17, Full len: 41
[Check] Prompt len: 12, Full len: 33
[Check] Prompt len: 21, Full len: 155
[Check] Prompt len: 12, Full len: 26
[Check] Prompt len: 17, Full len: 61
[Check] Prompt len: 18, Full len: 75
[Check] Prompt len: 15, Full len: 87

🚨 High-loss Sample 16:
📌 Prompt:
Write a python function to find the largest number that can be formed with the given list of digits.
📌 Completion:
def find_Max_Num(arr) : 
    n = len(arr)
    arr.sort(reverse = True) 
    num = arr[0] 
    for i in range(1,n) : 
        num = num * 10 + arr[i] 
    return num
📉 Completion Loss: 6.5594

🚨 High-loss Sample 17:
📌 Prompt:
Write a python function to check whether the given two integers have opposite sign or not.
📌 Completion:
def opposite_Signs(x,y): 
    return ((x ^ y) < 0);
📉 Completion Loss: 2.2646

🚨 High-loss Sample 18:
📌 Prompt:
Write a function to find the nth octagonal number.
📌 Completion:
def is_octagonal(n): 
	return 3 * n * n - 2 * n
📉 Completion Loss: 1.9975

🚨 High-loss Sample 19:
📌 Prompt:
Write a python function to count the number of substrings with the sum of digits equal to their length.
📌 Completion:
from collections import defaultdict
def count_Substrings(s):
    n = len(s)
    count,sum = 0,0
    mp = defaultdict(lambda : 0)
    mp[0] += 1
    for i in range(n):
        sum += ord(s[i]) - ord('0')
        count += mp[sum - (i + 1)]
        mp[sum - (i + 1)] += 1
    return count
📉 Completion Loss: 10.2108

🚨 High-loss Sample 20:
📌 Prompt:
Write a python function to find smallest number in a list.
📌 Completion:
def smallest_num(xs):
  return min(xs)
📉 Completion Loss: 1.5821

🚨 High-loss Sample 21:
📌 Prompt:
Write a function to find the maximum difference between available pairs in the given tuple list.
📌 Completion:
def max_difference(test_list):
  temp = [abs(b - a) for a, b in test_list]
  res = max(temp)
  return (res)
📉 Completion Loss: 3.5745

🚨 High-loss Sample 22:
📌 Prompt:
Write a function to sort a list of tuples using the second value of each tuple.
📌 Completion:
def subject_marks(subjectmarks):
#subject_marks = [('English', 88), ('Science', 90), ('Maths', 97), ('Social sciences', 82)])
 subjectmarks.sort(key = lambda x: x[1])
 return subjectmarks
📉 Completion Loss: 4.5868

🚨 High-loss Sample 23:
📌 Prompt:
Write a function to flatten a list and sum all of its elements.
📌 Completion:
def recursive_list_sum(data_list):
	total = 0
	for element in data_list:
		if type(element) == type([]):
			total = total + recursive_list_sum(element)
		else:
			total = total + element
	return total
📉 Completion Loss: 5.3194
[Check] Prompt len: 15, Full len: 64
[Check] Prompt len: 17, Full len: 181
[Check] Prompt len: 17, Full len: 96
[Check] Prompt len: 16, Full len: 193
[Check] Prompt len: 17, Full len: 109
[Check] Prompt len: 10, Full len: 238
[Check] Prompt len: 22, Full len: 60
[Check] Prompt len: 16, Full len: 256

🚨 High-loss Sample 24:
📌 Prompt:
Write a python function to count the number of positive numbers in a list.
📌 Completion:
def pos_count(list):
  pos_count= 0
  for num in list: 
    if num >= 0: 
      pos_count += 1
  return pos_count
📉 Completion Loss: 2.4453

🚨 High-loss Sample 25:
📌 Prompt:
Write a function to find the number of ways to partition a set of Bell numbers.
📌 Completion:
def bell_number(n):   
    bell = [[0 for i in range(n+1)] for j in range(n+1)] 
    bell[0][0] = 1
    for i in range(1, n+1): 
        bell[i][0] = bell[i-1][i-1]  
        for j in range(1, i+1): 
            bell[i][j] = bell[i-1][j-1] + bell[i][j-1]   
    return bell[n][0]
📉 Completion Loss: 7.2362

🚨 High-loss Sample 26:
📌 Prompt:
Write a python function to check whether the given array is monotonic or not.
📌 Completion:
def is_Monotonic(A): 
    return (all(A[i] <= A[i + 1] for i in range(len(A) - 1)) or
            all(A[i] >= A[i + 1] for i in range(len(A) - 1)))
📉 Completion Loss: 3.8484

🚨 High-loss Sample 27:
📌 Prompt:
Write a function to check whether a list contains the given sublist or not.
📌 Completion:
def is_sublist(l, s):
	sub_set = False
	if s == []:
		sub_set = True
	elif s == l:
		sub_set = True
	elif len(s) > len(l):
		sub_set = False
	else:
		for i in range(len(l)):
			if l[i] == s[0]:
				n = 1
				while (n < len(s)) and (l[i+n] == s[n]):
					n += 1				
				if n == len(s):
					sub_set = True
	return sub_set
📉 Completion Loss: 7.4328

🚨 High-loss Sample 28:
📌 Prompt:
Write a function to find whether all the given tuples have equal length or not.
📌 Completion:
def find_equal_tuple(Input):
  k = 0 if not Input else len(Input[0])
  flag = 1
  for tuple in Input:
    if len(tuple) != k:
      flag = 0
      break
  return flag
def get_equal(Input):
  return find_equal_tuple(Input) == 1
📉 Completion Loss: 4.1577

🚨 High-loss Sample 29:
📌 Prompt:
Write a function to sort a list of elements.
📌 Completion:
def comb_sort(nums):
    shrink_fact = 1.3
    gaps = len(nums)
    swapped = True
    i = 0
    while gaps > 1 or swapped:
        gaps = int(float(gaps) / shrink_fact)
        swapped = False
        i = 0
        while gaps + i < len(nums):
            if nums[i] > nums[i+gaps]:
                nums[i], nums[i+gaps] = nums[i+gaps], nums[i]
                swapped = True
            i += 1
    return nums
📉 Completion Loss: 9.6857

🚨 High-loss Sample 30:
📌 Prompt:
Write a python function to check whether the given number can be represented as the difference of two squares or not.
📌 Completion:
def dif_Square(n): 
    if (n % 4 != 2): 
        return True
    return False
📉 Completion Loss: 2.1305

🚨 High-loss Sample 31:
📌 Prompt:
Write a function to check whether it follows the sequence given in the patterns array.
📌 Completion:
def is_samepatterns(colors, patterns):    
    if len(colors) != len(patterns):
        return False    
    sdict = {}
    pset = set()
    sset = set()    
    for i in range(len(patterns)):
        pset.add(patterns[i])
        sset.add(colors[i])
        if patterns[i] not in sdict.keys():
            sdict[patterns[i]] = []

        keys = sdict[patterns[i]]
        keys.append(colors[i])
        sdict[patterns[i]] = keys

    if len(pset) != len(sset):
        return False   

    for values in sdict.values():

        for i in range(len(values) - 1):
            if values[i] != values[i+1]:
                return False

    return True
📉 Completion Loss: 10.4198
[Check] Prompt len: 23, Full len: 64
[Check] Prompt len: 15, Full len: 35
[Check] Prompt len: 17, Full len: 111
[Check] Prompt len: 13, Full len: 42
[Check] Prompt len: 11, Full len: 43
[Check] Prompt len: 26, Full len: 156
[Check] Prompt len: 17, Full len: 68
[Check] Prompt len: 12, Full len: 43

🚨 High-loss Sample 32:
📌 Prompt:
Write a function to find tuples which have all elements divisible by k from the given list of tuples.
📌 Completion:
def find_tuples(test_list, K):
  res = [sub for sub in test_list if all(ele % K == 0 for ele in sub)]
  return res
📉 Completion Loss: 3.5598

🚨 High-loss Sample 33:
📌 Prompt:
Write a python function to find whether a number is divisible by 11.
📌 Completion:
def is_Diff(n): 
    return (n % 11 == 0)
📉 Completion Loss: 1.9345

🚨 High-loss Sample 34:
📌 Prompt:
Write a python function to check whether the length of the word is odd or not.
📌 Completion:
def word_len(s): 
    s = s.split(' ')   
    for word in s:    
        if len(word)%2!=0: 
            return True  
        else:
          return False
📉 Completion Loss: 7.1127

🚨 High-loss Sample 35:
📌 Prompt:
Write a function to find the nth tetrahedral number.
📌 Completion:
def tetrahedral_number(n): 
	return (n * (n + 1) * (n + 2)) / 6
📉 Completion Loss: 2.5444

🚨 High-loss Sample 36:
📌 Prompt:
Write a function to find the volume of a sphere.
📌 Completion:
import math
def volume_sphere(r):
  volume=(4/3)*math.pi*r*r*r
  return volume
📉 Completion Loss: 2.6264

🚨 High-loss Sample 37:
📌 Prompt:
Write a python function to find the character made by adding the ASCII value of all the characters of the given string modulo 26.
📌 Completion:
def get_Char(strr):  
    summ = 0
    for i in range(len(strr)): 
        summ += (ord(strr[i]) - ord('a') + 1)  
    if (summ % 26 == 0): 
        return ord('z') 
    else: 
        summ = summ % 26
        return chr(ord('a') + summ - 1)
📉 Completion Loss: 10.2612

🚨 High-loss Sample 38:
📌 Prompt:
Write a function to find the nth number in the newman conway sequence.
📌 Completion:
def sequence(n): 
	if n == 1 or n == 2: 
		return 1
	else: 
		return sequence(sequence(n-1)) + sequence(n-sequence(n-1))
📉 Completion Loss: 3.9457

🚨 High-loss Sample 39:
📌 Prompt:
Write a function to find the surface area of a sphere.
📌 Completion:
import math
def surfacearea_sphere(r):
  surfacearea=4*math.pi*r*r
  return surfacearea
📉 Completion Loss: 2.5718
[Check] Prompt len: 12, Full len: 36
[Check] Prompt len: 13, Full len: 70
[Check] Prompt len: 20, Full len: 53
[Check] Prompt len: 12, Full len: 27
[Check] Prompt len: 13, Full len: 84
[Check] Prompt len: 22, Full len: 66
[Check] Prompt len: 15, Full len: 92
[Check] Prompt len: 17, Full len: 80

🚨 High-loss Sample 40:
📌 Prompt:
Write a function to find nth centered hexagonal number.
📌 Completion:
def centered_hexagonal_number(n):
  return 3 * n * (n - 1) + 1
📉 Completion Loss: 3.4614

🚨 High-loss Sample 41:
📌 Prompt:
Write a function to merge three dictionaries into a single dictionary.
📌 Completion:
import collections as ct
def merge_dictionaries_three(dict1,dict2, dict3):
    merged_dict = dict(ct.ChainMap({},dict1,dict2,dict3))
    return merged_dict
📉 Completion Loss: 7.4791

🚨 High-loss Sample 42:
📌 Prompt:
Write a function to get the frequency of all the elements in a list, returned as a dictionary.
📌 Completion:
import collections
def freq_count(list1):
  freq_count= collections.Counter(list1)
  return freq_count
📉 Completion Loss: 4.7877

🚨 High-loss Sample 43:
📌 Prompt:
Write a function to find the closest smaller number than n.
📌 Completion:
def closest_num(N):
  return (N - 1)
📉 Completion Loss: 2.3982

🚨 High-loss Sample 44:
📌 Prompt:
Write a python function to find the length of the longest word.
📌 Completion:
def len_log(list1):
    max=len(list1[0])
    for i in list1:
        if len(i)>max:
            max=len(i)
    return max
📉 Completion Loss: 9.1337

🚨 High-loss Sample 45:
📌 Prompt:
Write a function to check if a string is present as a substring in a given list of string values.
📌 Completion:
def find_substring(str1, sub_str):
   if any(sub_str in s for s in str1):
       return True
   return False
📉 Completion Loss: 6.5544

🚨 High-loss Sample 46:
📌 Prompt:
Write a function to check whether the given number is undulating or not.
📌 Completion:
def is_undulating(n): 
	n = str(n)
	if (len(n) <= 2): 
		return False
	for i in range(2, len(n)): 
		if (n[i - 2] != n[i]): 
			return False
	return True
📉 Completion Loss: 9.7360

🚨 High-loss Sample 47:
📌 Prompt:
Write a function to calculate the value of 'a' to the power 'b'.
📌 Completion:
def power(a,b):
	if b==0:
		return 1
	elif a==0:
		return 0
	elif b==1:
		return a
	else:
		return a*power(a,b-1)
📉 Completion Loss: 8.0341
[Check] Prompt len: 24, Full len: 68
[Check] Prompt len: 18, Full len: 56

🚨 High-loss Sample 48:
📌 Prompt:
Given a list of tuples, write a function that returns the first value of the tuple with the smallest second value.
📌 Completion:
from operator import itemgetter 
def index_minimum(test_list):
  res = min(test_list, key = itemgetter(1))[0]
  return (res)
📉 Completion Loss: 10.2167

🚨 High-loss Sample 49:
📌 Prompt:
Write a python function to find the length of the smallest list in a list of lists.
📌 Completion:
def Find_Min_Length(lst):  
    minLength = min(len(x) for x in lst )
    return minLength
📉 Completion Loss: 7.9644
✅ Evaluation Complete. Final Avg Loss = 5.0253, Perplexity = 152.21
[Step 1200] PPL(A2C) = 152.21 | AvgR = 0.3257
[Check] Prompt len: 14, Full len: 61
[Check] Prompt len: 11, Full len: 89
[Check] Prompt len: 21, Full len: 65
[Check] Prompt len: 19, Full len: 83
[Check] Prompt len: 18, Full len: 53
[Check] Prompt len: 13, Full len: 48
[Check] Prompt len: 25, Full len: 127
[Check] Prompt len: 18, Full len: 189

🚨 High-loss Sample 0:
📌 Prompt:
Write a function to find the shared elements from the given two lists.
📌 Completion:
def similar_elements(test_tup1, test_tup2):
  res = tuple(set(test_tup1) & set(test_tup2))
  return (res)
📉 Completion Loss: 3.1604

🚨 High-loss Sample 1:
📌 Prompt:
Write a python function to identify non-prime numbers.
📌 Completion:
import math
def is_not_prime(n):
    result = False
    for i in range(2,int(math.sqrt(n)) + 1):
        if n % i == 0:
            result = True
    return result
📉 Completion Loss: 4.7279

🚨 High-loss Sample 2:
📌 Prompt:
Write a function to find the n largest integers from a given list of numbers, returned in descending order.
📌 Completion:
import heapq as hq
def heap_queue_largest(nums,n):
  largest_nums = hq.nlargest(n, nums)
  return largest_nums
📉 Completion Loss: 2.9670

🚨 High-loss Sample 3:
📌 Prompt:
Write a python function to check whether the two numbers differ at one bit position only or not.
📌 Completion:
def is_Power_Of_Two (x): 
    return x and (not(x & (x - 1))) 
def differ_At_One_Bit_Pos(a,b): 
    return is_Power_Of_Two(a ^ b)
📉 Completion Loss: 4.1699

🚨 High-loss Sample 4:
📌 Prompt:
Write a function to find all words which are at least 4 characters long in a string.
📌 Completion:
import re
def find_char_long(text):
  return (re.findall(r"\b\w{4,}\b", text))
📉 Completion Loss: 2.4658

🚨 High-loss Sample 5:
📌 Prompt:
Write a function to find squares of individual elements in a list.
📌 Completion:
def square_nums(nums):
 square_nums = list(map(lambda x: x ** 2, nums))
 return square_nums
📉 Completion Loss: 2.3833

🚨 High-loss Sample 6:
📌 Prompt:
Write a python function to find the minimum number of rotations (greater than 0) required to get the same string.
📌 Completion:
def find_Rotations(str): 
    tmp = str + str
    n = len(str) 
    for i in range(1,n + 1): 
        substring = tmp[i: i+n] 
        if (str == substring): 
            return i 
    return n
📉 Completion Loss: 6.5773

🚨 High-loss Sample 7:
📌 Prompt:
Write a python function to remove first and last occurrence of a given character from the string.
📌 Completion:
def remove_Occ(s,ch): 
    for i in range(len(s)): 
        if (s[i] == ch): 
            s = s[0 : i] + s[i + 1:] 
            break
    for i in range(len(s) - 1,-1,-1):  
        if (s[i] == ch): 
            s = s[0 : i] + s[i + 1:] 
            break
    return s
📉 Completion Loss: 10.3513
[Check] Prompt len: 19, Full len: 47
[Check] Prompt len: 13, Full len: 41
[Check] Prompt len: 25, Full len: 129
[Check] Prompt len: 17, Full len: 36
[Check] Prompt len: 18, Full len: 256
[Check] Prompt len: 16, Full len: 65
[Check] Prompt len: 15, Full len: 114
[Check] Prompt len: 18, Full len: 124

🚨 High-loss Sample 8:
📌 Prompt:
Write a function to sort a given matrix in ascending order according to the sum of its rows.
📌 Completion:
def sort_matrix(M):
    result = sorted(M, key=sum)
    return result
📉 Completion Loss: 1.6886

🚨 High-loss Sample 9:
📌 Prompt:
Write a python function to find the volume of a triangular prism.
📌 Completion:
def find_Volume(l,b,h) : 
    return ((l * b * h) / 2)
📉 Completion Loss: 1.6745

🚨 High-loss Sample 10:
📌 Prompt:
Write a function to that returns true if the input string contains sequences of lowercase letters joined with an underscore and false otherwise.
📌 Completion:
import re
def text_lowercase_underscore(text):
        patterns = '^[a-z]+_[a-z]+$'
        if re.search(patterns,  text):
                return True
        else:
                return False
📉 Completion Loss: 4.8942

🚨 High-loss Sample 11:
📌 Prompt:
Write a function that returns the perimeter of a square given its side length as input.
📌 Completion:
def square_perimeter(a):
  perimeter=4*a
  return perimeter
📉 Completion Loss: 1.3086

🚨 High-loss Sample 12:
📌 Prompt:
Write a function to remove characters from the first string which are present in the second string.
📌 Completion:
NO_OF_CHARS = 256
def str_to_list(string): 
	temp = [] 
	for x in string: 
		temp.append(x) 
	return temp 
def lst_to_string(List): 
	return ''.join(List) 
def get_char_count_array(string): 
	count = [0] * NO_OF_CHARS 
	for i in string: 
		count[ord(i)] += 1
	return count 
def remove_dirty_chars(string, second_string): 
	count = get_char_count_array(second_string) 
	ip_ind = 0
	res_ind = 0
	temp = '' 
	str_list = str_to_list(string) 
	while ip_ind != len(str_list): 
		temp = str_list[ip_ind] 
		if count[ord(temp)] == 0: 
			str_list[res_ind] = str_list[ip_ind] 
			res_ind += 1
		ip_ind+=1
	return lst_to_string(str_list[0:res_ind])
📉 Completion Loss: 9.9098

🚨 High-loss Sample 13:
📌 Prompt:
Write a function to find whether a given array of integers contains any duplicate element.
📌 Completion:
def test_duplicate(arraynums):
    nums_set = set(arraynums)    
    return len(arraynums) != len(nums_set)
📉 Completion Loss: 2.5245

🚨 High-loss Sample 14:
📌 Prompt:
Write a function to check if the given number is woodball or not.
📌 Completion:
def is_woodall(x): 
	if (x % 2 == 0): 
		return False
	if (x == 1): 
		return True
	x = x + 1 
	p = 0
	while (x % 2 == 0): 
		x = x/2
		p = p + 1
		if (p == x): 
			return True
	return False
📉 Completion Loss: 4.2590

🚨 High-loss Sample 15:
📌 Prompt:
Write a python function to check if a given number is one less than twice its reverse.
📌 Completion:
def rev(num):    
    rev_num = 0
    while (num > 0):  
        rev_num = (rev_num * 10 + num % 10) 
        num = num // 10  
    return rev_num  
def check(n):    
    return (2 * rev(n) == n + 1)
📉 Completion Loss: 4.8767
[Check] Prompt len: 20, Full len: 105
[Check] Prompt len: 17, Full len: 41
[Check] Prompt len: 12, Full len: 33
[Check] Prompt len: 21, Full len: 155
[Check] Prompt len: 12, Full len: 26
[Check] Prompt len: 17, Full len: 61
[Check] Prompt len: 18, Full len: 75
[Check] Prompt len: 15, Full len: 87

🚨 High-loss Sample 16:
📌 Prompt:
Write a python function to find the largest number that can be formed with the given list of digits.
📌 Completion:
def find_Max_Num(arr) : 
    n = len(arr)
    arr.sort(reverse = True) 
    num = arr[0] 
    for i in range(1,n) : 
        num = num * 10 + arr[i] 
    return num
📉 Completion Loss: 6.5121

🚨 High-loss Sample 17:
📌 Prompt:
Write a python function to check whether the given two integers have opposite sign or not.
📌 Completion:
def opposite_Signs(x,y): 
    return ((x ^ y) < 0);
📉 Completion Loss: 2.2088

🚨 High-loss Sample 18:
📌 Prompt:
Write a function to find the nth octagonal number.
📌 Completion:
def is_octagonal(n): 
	return 3 * n * n - 2 * n
📉 Completion Loss: 1.9438

🚨 High-loss Sample 19:
📌 Prompt:
Write a python function to count the number of substrings with the sum of digits equal to their length.
📌 Completion:
from collections import defaultdict
def count_Substrings(s):
    n = len(s)
    count,sum = 0,0
    mp = defaultdict(lambda : 0)
    mp[0] += 1
    for i in range(n):
        sum += ord(s[i]) - ord('0')
        count += mp[sum - (i + 1)]
        mp[sum - (i + 1)] += 1
    return count
📉 Completion Loss: 10.1636

🚨 High-loss Sample 20:
📌 Prompt:
Write a python function to find smallest number in a list.
📌 Completion:
def smallest_num(xs):
  return min(xs)
📉 Completion Loss: 1.5162

🚨 High-loss Sample 21:
📌 Prompt:
Write a function to find the maximum difference between available pairs in the given tuple list.
📌 Completion:
def max_difference(test_list):
  temp = [abs(b - a) for a, b in test_list]
  res = max(temp)
  return (res)
📉 Completion Loss: 3.5241

🚨 High-loss Sample 22:
📌 Prompt:
Write a function to sort a list of tuples using the second value of each tuple.
📌 Completion:
def subject_marks(subjectmarks):
#subject_marks = [('English', 88), ('Science', 90), ('Maths', 97), ('Social sciences', 82)])
 subjectmarks.sort(key = lambda x: x[1])
 return subjectmarks
📉 Completion Loss: 4.5496

🚨 High-loss Sample 23:
📌 Prompt:
Write a function to flatten a list and sum all of its elements.
📌 Completion:
def recursive_list_sum(data_list):
	total = 0
	for element in data_list:
		if type(element) == type([]):
			total = total + recursive_list_sum(element)
		else:
			total = total + element
	return total
📉 Completion Loss: 5.3002
[Check] Prompt len: 15, Full len: 64
[Check] Prompt len: 17, Full len: 181
[Check] Prompt len: 17, Full len: 96
[Check] Prompt len: 16, Full len: 193
[Check] Prompt len: 17, Full len: 109
[Check] Prompt len: 10, Full len: 238
[Check] Prompt len: 22, Full len: 60
[Check] Prompt len: 16, Full len: 256

🚨 High-loss Sample 24:
📌 Prompt:
Write a python function to count the number of positive numbers in a list.
📌 Completion:
def pos_count(list):
  pos_count= 0
  for num in list: 
    if num >= 0: 
      pos_count += 1
  return pos_count
📉 Completion Loss: 2.4080

🚨 High-loss Sample 25:
📌 Prompt:
Write a function to find the number of ways to partition a set of Bell numbers.
📌 Completion:
def bell_number(n):   
    bell = [[0 for i in range(n+1)] for j in range(n+1)] 
    bell[0][0] = 1
    for i in range(1, n+1): 
        bell[i][0] = bell[i-1][i-1]  
        for j in range(1, i+1): 
            bell[i][j] = bell[i-1][j-1] + bell[i][j-1]   
    return bell[n][0]
📉 Completion Loss: 7.1890

🚨 High-loss Sample 26:
📌 Prompt:
Write a python function to check whether the given array is monotonic or not.
📌 Completion:
def is_Monotonic(A): 
    return (all(A[i] <= A[i + 1] for i in range(len(A) - 1)) or
            all(A[i] >= A[i + 1] for i in range(len(A) - 1)))
📉 Completion Loss: 3.8111

🚨 High-loss Sample 27:
📌 Prompt:
Write a function to check whether a list contains the given sublist or not.
📌 Completion:
def is_sublist(l, s):
	sub_set = False
	if s == []:
		sub_set = True
	elif s == l:
		sub_set = True
	elif len(s) > len(l):
		sub_set = False
	else:
		for i in range(len(l)):
			if l[i] == s[0]:
				n = 1
				while (n < len(s)) and (l[i+n] == s[n]):
					n += 1				
				if n == len(s):
					sub_set = True
	return sub_set
📉 Completion Loss: 7.4302

🚨 High-loss Sample 28:
📌 Prompt:
Write a function to find whether all the given tuples have equal length or not.
📌 Completion:
def find_equal_tuple(Input):
  k = 0 if not Input else len(Input[0])
  flag = 1
  for tuple in Input:
    if len(tuple) != k:
      flag = 0
      break
  return flag
def get_equal(Input):
  return find_equal_tuple(Input) == 1
📉 Completion Loss: 4.1336

🚨 High-loss Sample 29:
📌 Prompt:
Write a function to sort a list of elements.
📌 Completion:
def comb_sort(nums):
    shrink_fact = 1.3
    gaps = len(nums)
    swapped = True
    i = 0
    while gaps > 1 or swapped:
        gaps = int(float(gaps) / shrink_fact)
        swapped = False
        i = 0
        while gaps + i < len(nums):
            if nums[i] > nums[i+gaps]:
                nums[i], nums[i+gaps] = nums[i+gaps], nums[i]
                swapped = True
            i += 1
    return nums
📉 Completion Loss: 9.6214

🚨 High-loss Sample 30:
📌 Prompt:
Write a python function to check whether the given number can be represented as the difference of two squares or not.
📌 Completion:
def dif_Square(n): 
    if (n % 4 != 2): 
        return True
    return False
📉 Completion Loss: 2.0791

🚨 High-loss Sample 31:
📌 Prompt:
Write a function to check whether it follows the sequence given in the patterns array.
📌 Completion:
def is_samepatterns(colors, patterns):    
    if len(colors) != len(patterns):
        return False    
    sdict = {}
    pset = set()
    sset = set()    
    for i in range(len(patterns)):
        pset.add(patterns[i])
        sset.add(colors[i])
        if patterns[i] not in sdict.keys():
            sdict[patterns[i]] = []

        keys = sdict[patterns[i]]
        keys.append(colors[i])
        sdict[patterns[i]] = keys

    if len(pset) != len(sset):
        return False   

    for values in sdict.values():

        for i in range(len(values) - 1):
            if values[i] != values[i+1]:
                return False

    return True
📉 Completion Loss: 10.3727
[Check] Prompt len: 23, Full len: 64
[Check] Prompt len: 15, Full len: 35
[Check] Prompt len: 17, Full len: 111
[Check] Prompt len: 13, Full len: 42
[Check] Prompt len: 11, Full len: 43
[Check] Prompt len: 26, Full len: 156
[Check] Prompt len: 17, Full len: 68
[Check] Prompt len: 12, Full len: 43

🚨 High-loss Sample 32:
📌 Prompt:
Write a function to find tuples which have all elements divisible by k from the given list of tuples.
📌 Completion:
def find_tuples(test_list, K):
  res = [sub for sub in test_list if all(ele % K == 0 for ele in sub)]
  return res
📉 Completion Loss: 3.4993

🚨 High-loss Sample 33:
📌 Prompt:
Write a python function to find whether a number is divisible by 11.
📌 Completion:
def is_Diff(n): 
    return (n % 11 == 0)
📉 Completion Loss: 1.8845

🚨 High-loss Sample 34:
📌 Prompt:
Write a python function to check whether the length of the word is odd or not.
📌 Completion:
def word_len(s): 
    s = s.split(' ')   
    for word in s:    
        if len(word)%2!=0: 
            return True  
        else:
          return False
📉 Completion Loss: 7.0607

🚨 High-loss Sample 35:
📌 Prompt:
Write a function to find the nth tetrahedral number.
📌 Completion:
def tetrahedral_number(n): 
	return (n * (n + 1) * (n + 2)) / 6
📉 Completion Loss: 2.5089

🚨 High-loss Sample 36:
📌 Prompt:
Write a function to find the volume of a sphere.
📌 Completion:
import math
def volume_sphere(r):
  volume=(4/3)*math.pi*r*r*r
  return volume
📉 Completion Loss: 2.5891

🚨 High-loss Sample 37:
📌 Prompt:
Write a python function to find the character made by adding the ASCII value of all the characters of the given string modulo 26.
📌 Completion:
def get_Char(strr):  
    summ = 0
    for i in range(len(strr)): 
        summ += (ord(strr[i]) - ord('a') + 1)  
    if (summ % 26 == 0): 
        return ord('z') 
    else: 
        summ = summ % 26
        return chr(ord('a') + summ - 1)
📉 Completion Loss: 10.2451

🚨 High-loss Sample 38:
📌 Prompt:
Write a function to find the nth number in the newman conway sequence.
📌 Completion:
def sequence(n): 
	if n == 1 or n == 2: 
		return 1
	else: 
		return sequence(sequence(n-1)) + sequence(n-sequence(n-1))
📉 Completion Loss: 3.9159

🚨 High-loss Sample 39:
📌 Prompt:
Write a function to find the surface area of a sphere.
📌 Completion:
import math
def surfacearea_sphere(r):
  surfacearea=4*math.pi*r*r
  return surfacearea
📉 Completion Loss: 2.5361
[Check] Prompt len: 12, Full len: 36
[Check] Prompt len: 13, Full len: 70
[Check] Prompt len: 20, Full len: 53
[Check] Prompt len: 12, Full len: 27
[Check] Prompt len: 13, Full len: 84
[Check] Prompt len: 22, Full len: 66
[Check] Prompt len: 15, Full len: 92
[Check] Prompt len: 17, Full len: 80

🚨 High-loss Sample 40:
📌 Prompt:
Write a function to find nth centered hexagonal number.
📌 Completion:
def centered_hexagonal_number(n):
  return 3 * n * (n - 1) + 1
📉 Completion Loss: 3.4162

🚨 High-loss Sample 41:
📌 Prompt:
Write a function to merge three dictionaries into a single dictionary.
📌 Completion:
import collections as ct
def merge_dictionaries_three(dict1,dict2, dict3):
    merged_dict = dict(ct.ChainMap({},dict1,dict2,dict3))
    return merged_dict
📉 Completion Loss: 7.4311

🚨 High-loss Sample 42:
📌 Prompt:
Write a function to get the frequency of all the elements in a list, returned as a dictionary.
📌 Completion:
import collections
def freq_count(list1):
  freq_count= collections.Counter(list1)
  return freq_count
📉 Completion Loss: 4.7420

🚨 High-loss Sample 43:
📌 Prompt:
Write a function to find the closest smaller number than n.
📌 Completion:
def closest_num(N):
  return (N - 1)
📉 Completion Loss: 2.3312

🚨 High-loss Sample 44:
📌 Prompt:
Write a python function to find the length of the longest word.
📌 Completion:
def len_log(list1):
    max=len(list1[0])
    for i in list1:
        if len(i)>max:
            max=len(i)
    return max
📉 Completion Loss: 9.1028

🚨 High-loss Sample 45:
📌 Prompt:
Write a function to check if a string is present as a substring in a given list of string values.
📌 Completion:
def find_substring(str1, sub_str):
   if any(sub_str in s for s in str1):
       return True
   return False
📉 Completion Loss: 6.5121

🚨 High-loss Sample 46:
📌 Prompt:
Write a function to check whether the given number is undulating or not.
📌 Completion:
def is_undulating(n): 
	n = str(n)
	if (len(n) <= 2): 
		return False
	for i in range(2, len(n)): 
		if (n[i - 2] != n[i]): 
			return False
	return True
📉 Completion Loss: 9.7508

🚨 High-loss Sample 47:
📌 Prompt:
Write a function to calculate the value of 'a' to the power 'b'.
📌 Completion:
def power(a,b):
	if b==0:
		return 1
	elif a==0:
		return 0
	elif b==1:
		return a
	else:
		return a*power(a,b-1)
📉 Completion Loss: 8.0297
[Check] Prompt len: 24, Full len: 68
[Check] Prompt len: 18, Full len: 56

🚨 High-loss Sample 48:
📌 Prompt:
Given a list of tuples, write a function that returns the first value of the tuple with the smallest second value.
📌 Completion:
from operator import itemgetter 
def index_minimum(test_list):
  res = min(test_list, key = itemgetter(1))[0]
  return (res)
📉 Completion Loss: 10.2024

🚨 High-loss Sample 49:
📌 Prompt:
Write a python function to find the length of the smallest list in a list of lists.
📌 Completion:
def Find_Min_Length(lst):  
    minLength = min(len(x) for x in lst )
    return minLength
📉 Completion Loss: 7.9112
✅ Evaluation Complete. Final Avg Loss = 4.9912, Perplexity = 147.11
[Step 1250] PPL(A2C) = 147.11 | AvgR = 0.3355
[Check] Prompt len: 14, Full len: 61
[Check] Prompt len: 11, Full len: 89
[Check] Prompt len: 21, Full len: 65
[Check] Prompt len: 19, Full len: 83
[Check] Prompt len: 18, Full len: 53
[Check] Prompt len: 13, Full len: 48
[Check] Prompt len: 25, Full len: 127
[Check] Prompt len: 18, Full len: 189

🚨 High-loss Sample 0:
📌 Prompt:
Write a function to find the shared elements from the given two lists.
📌 Completion:
def similar_elements(test_tup1, test_tup2):
  res = tuple(set(test_tup1) & set(test_tup2))
  return (res)
📉 Completion Loss: 3.1177

🚨 High-loss Sample 1:
📌 Prompt:
Write a python function to identify non-prime numbers.
📌 Completion:
import math
def is_not_prime(n):
    result = False
    for i in range(2,int(math.sqrt(n)) + 1):
        if n % i == 0:
            result = True
    return result
📉 Completion Loss: 4.6856

🚨 High-loss Sample 2:
📌 Prompt:
Write a function to find the n largest integers from a given list of numbers, returned in descending order.
📌 Completion:
import heapq as hq
def heap_queue_largest(nums,n):
  largest_nums = hq.nlargest(n, nums)
  return largest_nums
📉 Completion Loss: 2.9459

🚨 High-loss Sample 3:
📌 Prompt:
Write a python function to check whether the two numbers differ at one bit position only or not.
📌 Completion:
def is_Power_Of_Two (x): 
    return x and (not(x & (x - 1))) 
def differ_At_One_Bit_Pos(a,b): 
    return is_Power_Of_Two(a ^ b)
📉 Completion Loss: 4.1490

🚨 High-loss Sample 4:
📌 Prompt:
Write a function to find all words which are at least 4 characters long in a string.
📌 Completion:
import re
def find_char_long(text):
  return (re.findall(r"\b\w{4,}\b", text))
📉 Completion Loss: 2.4333

🚨 High-loss Sample 5:
📌 Prompt:
Write a function to find squares of individual elements in a list.
📌 Completion:
def square_nums(nums):
 square_nums = list(map(lambda x: x ** 2, nums))
 return square_nums
📉 Completion Loss: 2.3514

🚨 High-loss Sample 6:
📌 Prompt:
Write a python function to find the minimum number of rotations (greater than 0) required to get the same string.
📌 Completion:
def find_Rotations(str): 
    tmp = str + str
    n = len(str) 
    for i in range(1,n + 1): 
        substring = tmp[i: i+n] 
        if (str == substring): 
            return i 
    return n
📉 Completion Loss: 6.5356

🚨 High-loss Sample 7:
📌 Prompt:
Write a python function to remove first and last occurrence of a given character from the string.
📌 Completion:
def remove_Occ(s,ch): 
    for i in range(len(s)): 
        if (s[i] == ch): 
            s = s[0 : i] + s[i + 1:] 
            break
    for i in range(len(s) - 1,-1,-1):  
        if (s[i] == ch): 
            s = s[0 : i] + s[i + 1:] 
            break
    return s
📉 Completion Loss: 10.2944
[Check] Prompt len: 19, Full len: 47
[Check] Prompt len: 13, Full len: 41
[Check] Prompt len: 25, Full len: 129
[Check] Prompt len: 17, Full len: 36
[Check] Prompt len: 18, Full len: 256
[Check] Prompt len: 16, Full len: 65
[Check] Prompt len: 15, Full len: 114
[Check] Prompt len: 18, Full len: 124

🚨 High-loss Sample 8:
📌 Prompt:
Write a function to sort a given matrix in ascending order according to the sum of its rows.
📌 Completion:
def sort_matrix(M):
    result = sorted(M, key=sum)
    return result
📉 Completion Loss: 1.6315

🚨 High-loss Sample 9:
📌 Prompt:
Write a python function to find the volume of a triangular prism.
📌 Completion:
def find_Volume(l,b,h) : 
    return ((l * b * h) / 2)
📉 Completion Loss: 1.6165

🚨 High-loss Sample 10:
📌 Prompt:
Write a function to that returns true if the input string contains sequences of lowercase letters joined with an underscore and false otherwise.
📌 Completion:
import re
def text_lowercase_underscore(text):
        patterns = '^[a-z]+_[a-z]+$'
        if re.search(patterns,  text):
                return True
        else:
                return False
📉 Completion Loss: 4.8485

🚨 High-loss Sample 11:
📌 Prompt:
Write a function that returns the perimeter of a square given its side length as input.
📌 Completion:
def square_perimeter(a):
  perimeter=4*a
  return perimeter
📉 Completion Loss: 1.2594

🚨 High-loss Sample 12:
📌 Prompt:
Write a function to remove characters from the first string which are present in the second string.
📌 Completion:
NO_OF_CHARS = 256
def str_to_list(string): 
	temp = [] 
	for x in string: 
		temp.append(x) 
	return temp 
def lst_to_string(List): 
	return ''.join(List) 
def get_char_count_array(string): 
	count = [0] * NO_OF_CHARS 
	for i in string: 
		count[ord(i)] += 1
	return count 
def remove_dirty_chars(string, second_string): 
	count = get_char_count_array(second_string) 
	ip_ind = 0
	res_ind = 0
	temp = '' 
	str_list = str_to_list(string) 
	while ip_ind != len(str_list): 
		temp = str_list[ip_ind] 
		if count[ord(temp)] == 0: 
			str_list[res_ind] = str_list[ip_ind] 
			res_ind += 1
		ip_ind+=1
	return lst_to_string(str_list[0:res_ind])
📉 Completion Loss: 9.9109

🚨 High-loss Sample 13:
📌 Prompt:
Write a function to find whether a given array of integers contains any duplicate element.
📌 Completion:
def test_duplicate(arraynums):
    nums_set = set(arraynums)    
    return len(arraynums) != len(nums_set)
📉 Completion Loss: 2.4701

🚨 High-loss Sample 14:
📌 Prompt:
Write a function to check if the given number is woodball or not.
📌 Completion:
def is_woodall(x): 
	if (x % 2 == 0): 
		return False
	if (x == 1): 
		return True
	x = x + 1 
	p = 0
	while (x % 2 == 0): 
		x = x/2
		p = p + 1
		if (p == x): 
			return True
	return False
📉 Completion Loss: 4.2358

🚨 High-loss Sample 15:
📌 Prompt:
Write a python function to check if a given number is one less than twice its reverse.
📌 Completion:
def rev(num):    
    rev_num = 0
    while (num > 0):  
        rev_num = (rev_num * 10 + num % 10) 
        num = num // 10  
    return rev_num  
def check(n):    
    return (2 * rev(n) == n + 1)
📉 Completion Loss: 4.8169
[Check] Prompt len: 20, Full len: 105
[Check] Prompt len: 17, Full len: 41
[Check] Prompt len: 12, Full len: 33
[Check] Prompt len: 21, Full len: 155
[Check] Prompt len: 12, Full len: 26
[Check] Prompt len: 17, Full len: 61
[Check] Prompt len: 18, Full len: 75
[Check] Prompt len: 15, Full len: 87

🚨 High-loss Sample 16:
📌 Prompt:
Write a python function to find the largest number that can be formed with the given list of digits.
📌 Completion:
def find_Max_Num(arr) : 
    n = len(arr)
    arr.sort(reverse = True) 
    num = arr[0] 
    for i in range(1,n) : 
        num = num * 10 + arr[i] 
    return num
📉 Completion Loss: 6.5018

🚨 High-loss Sample 17:
📌 Prompt:
Write a python function to check whether the given two integers have opposite sign or not.
📌 Completion:
def opposite_Signs(x,y): 
    return ((x ^ y) < 0);
📉 Completion Loss: 2.1715

🚨 High-loss Sample 18:
📌 Prompt:
Write a function to find the nth octagonal number.
📌 Completion:
def is_octagonal(n): 
	return 3 * n * n - 2 * n
📉 Completion Loss: 1.8944

🚨 High-loss Sample 19:
📌 Prompt:
Write a python function to count the number of substrings with the sum of digits equal to their length.
📌 Completion:
from collections import defaultdict
def count_Substrings(s):
    n = len(s)
    count,sum = 0,0
    mp = defaultdict(lambda : 0)
    mp[0] += 1
    for i in range(n):
        sum += ord(s[i]) - ord('0')
        count += mp[sum - (i + 1)]
        mp[sum - (i + 1)] += 1
    return count
📉 Completion Loss: 10.1195

🚨 High-loss Sample 20:
📌 Prompt:
Write a python function to find smallest number in a list.
📌 Completion:
def smallest_num(xs):
  return min(xs)
📉 Completion Loss: 1.4761

🚨 High-loss Sample 21:
📌 Prompt:
Write a function to find the maximum difference between available pairs in the given tuple list.
📌 Completion:
def max_difference(test_list):
  temp = [abs(b - a) for a, b in test_list]
  res = max(temp)
  return (res)
📉 Completion Loss: 3.5102

🚨 High-loss Sample 22:
📌 Prompt:
Write a function to sort a list of tuples using the second value of each tuple.
📌 Completion:
def subject_marks(subjectmarks):
#subject_marks = [('English', 88), ('Science', 90), ('Maths', 97), ('Social sciences', 82)])
 subjectmarks.sort(key = lambda x: x[1])
 return subjectmarks
📉 Completion Loss: 4.5367

🚨 High-loss Sample 23:
📌 Prompt:
Write a function to flatten a list and sum all of its elements.
📌 Completion:
def recursive_list_sum(data_list):
	total = 0
	for element in data_list:
		if type(element) == type([]):
			total = total + recursive_list_sum(element)
		else:
			total = total + element
	return total
📉 Completion Loss: 5.3050
[Check] Prompt len: 15, Full len: 64
[Check] Prompt len: 17, Full len: 181
[Check] Prompt len: 17, Full len: 96
[Check] Prompt len: 16, Full len: 193
[Check] Prompt len: 17, Full len: 109
[Check] Prompt len: 10, Full len: 238
[Check] Prompt len: 22, Full len: 60
[Check] Prompt len: 16, Full len: 256

🚨 High-loss Sample 24:
📌 Prompt:
Write a python function to count the number of positive numbers in a list.
📌 Completion:
def pos_count(list):
  pos_count= 0
  for num in list: 
    if num >= 0: 
      pos_count += 1
  return pos_count
📉 Completion Loss: 2.3693

🚨 High-loss Sample 25:
📌 Prompt:
Write a function to find the number of ways to partition a set of Bell numbers.
📌 Completion:
def bell_number(n):   
    bell = [[0 for i in range(n+1)] for j in range(n+1)] 
    bell[0][0] = 1
    for i in range(1, n+1): 
        bell[i][0] = bell[i-1][i-1]  
        for j in range(1, i+1): 
            bell[i][j] = bell[i-1][j-1] + bell[i][j-1]   
    return bell[n][0]
📉 Completion Loss: 7.1595

🚨 High-loss Sample 26:
📌 Prompt:
Write a python function to check whether the given array is monotonic or not.
📌 Completion:
def is_Monotonic(A): 
    return (all(A[i] <= A[i + 1] for i in range(len(A) - 1)) or
            all(A[i] >= A[i + 1] for i in range(len(A) - 1)))
📉 Completion Loss: 3.7605

🚨 High-loss Sample 27:
📌 Prompt:
Write a function to check whether a list contains the given sublist or not.
📌 Completion:
def is_sublist(l, s):
	sub_set = False
	if s == []:
		sub_set = True
	elif s == l:
		sub_set = True
	elif len(s) > len(l):
		sub_set = False
	else:
		for i in range(len(l)):
			if l[i] == s[0]:
				n = 1
				while (n < len(s)) and (l[i+n] == s[n]):
					n += 1				
				if n == len(s):
					sub_set = True
	return sub_set
📉 Completion Loss: 7.4112

🚨 High-loss Sample 28:
📌 Prompt:
Write a function to find whether all the given tuples have equal length or not.
📌 Completion:
def find_equal_tuple(Input):
  k = 0 if not Input else len(Input[0])
  flag = 1
  for tuple in Input:
    if len(tuple) != k:
      flag = 0
      break
  return flag
def get_equal(Input):
  return find_equal_tuple(Input) == 1
📉 Completion Loss: 4.0969

🚨 High-loss Sample 29:
📌 Prompt:
Write a function to sort a list of elements.
📌 Completion:
def comb_sort(nums):
    shrink_fact = 1.3
    gaps = len(nums)
    swapped = True
    i = 0
    while gaps > 1 or swapped:
        gaps = int(float(gaps) / shrink_fact)
        swapped = False
        i = 0
        while gaps + i < len(nums):
            if nums[i] > nums[i+gaps]:
                nums[i], nums[i+gaps] = nums[i+gaps], nums[i]
                swapped = True
            i += 1
    return nums
📉 Completion Loss: 9.6479

🚨 High-loss Sample 30:
📌 Prompt:
Write a python function to check whether the given number can be represented as the difference of two squares or not.
📌 Completion:
def dif_Square(n): 
    if (n % 4 != 2): 
        return True
    return False
📉 Completion Loss: 2.0355

🚨 High-loss Sample 31:
📌 Prompt:
Write a function to check whether it follows the sequence given in the patterns array.
📌 Completion:
def is_samepatterns(colors, patterns):    
    if len(colors) != len(patterns):
        return False    
    sdict = {}
    pset = set()
    sset = set()    
    for i in range(len(patterns)):
        pset.add(patterns[i])
        sset.add(colors[i])
        if patterns[i] not in sdict.keys():
            sdict[patterns[i]] = []

        keys = sdict[patterns[i]]
        keys.append(colors[i])
        sdict[patterns[i]] = keys

    if len(pset) != len(sset):
        return False   

    for values in sdict.values():

        for i in range(len(values) - 1):
            if values[i] != values[i+1]:
                return False

    return True
📉 Completion Loss: 10.3510
[Check] Prompt len: 23, Full len: 64
[Check] Prompt len: 15, Full len: 35
[Check] Prompt len: 17, Full len: 111
[Check] Prompt len: 13, Full len: 42
[Check] Prompt len: 11, Full len: 43
[Check] Prompt len: 26, Full len: 156
[Check] Prompt len: 17, Full len: 68
[Check] Prompt len: 12, Full len: 43

🚨 High-loss Sample 32:
📌 Prompt:
Write a function to find tuples which have all elements divisible by k from the given list of tuples.
📌 Completion:
def find_tuples(test_list, K):
  res = [sub for sub in test_list if all(ele % K == 0 for ele in sub)]
  return res
📉 Completion Loss: 3.4923

🚨 High-loss Sample 33:
📌 Prompt:
Write a python function to find whether a number is divisible by 11.
📌 Completion:
def is_Diff(n): 
    return (n % 11 == 0)
📉 Completion Loss: 1.8472

🚨 High-loss Sample 34:
📌 Prompt:
Write a python function to check whether the length of the word is odd or not.
📌 Completion:
def word_len(s): 
    s = s.split(' ')   
    for word in s:    
        if len(word)%2!=0: 
            return True  
        else:
          return False
📉 Completion Loss: 7.0388

🚨 High-loss Sample 35:
📌 Prompt:
Write a function to find the nth tetrahedral number.
📌 Completion:
def tetrahedral_number(n): 
	return (n * (n + 1) * (n + 2)) / 6
📉 Completion Loss: 2.4585

🚨 High-loss Sample 36:
📌 Prompt:
Write a function to find the volume of a sphere.
📌 Completion:
import math
def volume_sphere(r):
  volume=(4/3)*math.pi*r*r*r
  return volume
📉 Completion Loss: 2.5475

🚨 High-loss Sample 37:
📌 Prompt:
Write a python function to find the character made by adding the ASCII value of all the characters of the given string modulo 26.
📌 Completion:
def get_Char(strr):  
    summ = 0
    for i in range(len(strr)): 
        summ += (ord(strr[i]) - ord('a') + 1)  
    if (summ % 26 == 0): 
        return ord('z') 
    else: 
        summ = summ % 26
        return chr(ord('a') + summ - 1)
📉 Completion Loss: 10.2026

🚨 High-loss Sample 38:
📌 Prompt:
Write a function to find the nth number in the newman conway sequence.
📌 Completion:
def sequence(n): 
	if n == 1 or n == 2: 
		return 1
	else: 
		return sequence(sequence(n-1)) + sequence(n-sequence(n-1))
📉 Completion Loss: 3.9031

🚨 High-loss Sample 39:
📌 Prompt:
Write a function to find the surface area of a sphere.
📌 Completion:
import math
def surfacearea_sphere(r):
  surfacearea=4*math.pi*r*r
  return surfacearea
📉 Completion Loss: 2.4958
[Check] Prompt len: 12, Full len: 36
[Check] Prompt len: 13, Full len: 70
[Check] Prompt len: 20, Full len: 53
[Check] Prompt len: 12, Full len: 27
[Check] Prompt len: 13, Full len: 84
[Check] Prompt len: 22, Full len: 66
[Check] Prompt len: 15, Full len: 92
[Check] Prompt len: 17, Full len: 80

🚨 High-loss Sample 40:
📌 Prompt:
Write a function to find nth centered hexagonal number.
📌 Completion:
def centered_hexagonal_number(n):
  return 3 * n * (n - 1) + 1
📉 Completion Loss: 3.3802

🚨 High-loss Sample 41:
📌 Prompt:
Write a function to merge three dictionaries into a single dictionary.
📌 Completion:
import collections as ct
def merge_dictionaries_three(dict1,dict2, dict3):
    merged_dict = dict(ct.ChainMap({},dict1,dict2,dict3))
    return merged_dict
📉 Completion Loss: 7.4296

🚨 High-loss Sample 42:
📌 Prompt:
Write a function to get the frequency of all the elements in a list, returned as a dictionary.
📌 Completion:
import collections
def freq_count(list1):
  freq_count= collections.Counter(list1)
  return freq_count
📉 Completion Loss: 4.7881

🚨 High-loss Sample 43:
📌 Prompt:
Write a function to find the closest smaller number than n.
📌 Completion:
def closest_num(N):
  return (N - 1)
📉 Completion Loss: 2.2979

🚨 High-loss Sample 44:
📌 Prompt:
Write a python function to find the length of the longest word.
📌 Completion:
def len_log(list1):
    max=len(list1[0])
    for i in list1:
        if len(i)>max:
            max=len(i)
    return max
📉 Completion Loss: 9.0953

🚨 High-loss Sample 45:
📌 Prompt:
Write a function to check if a string is present as a substring in a given list of string values.
📌 Completion:
def find_substring(str1, sub_str):
   if any(sub_str in s for s in str1):
       return True
   return False
📉 Completion Loss: 6.5631

🚨 High-loss Sample 46:
📌 Prompt:
Write a function to check whether the given number is undulating or not.
📌 Completion:
def is_undulating(n): 
	n = str(n)
	if (len(n) <= 2): 
		return False
	for i in range(2, len(n)): 
		if (n[i - 2] != n[i]): 
			return False
	return True
📉 Completion Loss: 9.8010

🚨 High-loss Sample 47:
📌 Prompt:
Write a function to calculate the value of 'a' to the power 'b'.
📌 Completion:
def power(a,b):
	if b==0:
		return 1
	elif a==0:
		return 0
	elif b==1:
		return a
	else:
		return a*power(a,b-1)
📉 Completion Loss: 8.1104
[Check] Prompt len: 24, Full len: 68
[Check] Prompt len: 18, Full len: 56

🚨 High-loss Sample 48:
📌 Prompt:
Given a list of tuples, write a function that returns the first value of the tuple with the smallest second value.
📌 Completion:
from operator import itemgetter 
def index_minimum(test_list):
  res = min(test_list, key = itemgetter(1))[0]
  return (res)
📉 Completion Loss: 10.2188

🚨 High-loss Sample 49:
📌 Prompt:
Write a python function to find the length of the smallest list in a list of lists.
📌 Completion:
def Find_Min_Length(lst):  
    minLength = min(len(x) for x in lst )
    return minLength
📉 Completion Loss: 7.9417
✅ Evaluation Complete. Final Avg Loss = 4.9666, Perplexity = 143.54
[Step 1300] PPL(A2C) = 143.54 | AvgR = 0.3569
[Check] Prompt len: 14, Full len: 61
[Check] Prompt len: 11, Full len: 89
[Check] Prompt len: 21, Full len: 65
[Check] Prompt len: 19, Full len: 83
[Check] Prompt len: 18, Full len: 53
[Check] Prompt len: 13, Full len: 48
[Check] Prompt len: 25, Full len: 127
[Check] Prompt len: 18, Full len: 189

🚨 High-loss Sample 0:
📌 Prompt:
Write a function to find the shared elements from the given two lists.
📌 Completion:
def similar_elements(test_tup1, test_tup2):
  res = tuple(set(test_tup1) & set(test_tup2))
  return (res)
📉 Completion Loss: 3.1141

🚨 High-loss Sample 1:
📌 Prompt:
Write a python function to identify non-prime numbers.
📌 Completion:
import math
def is_not_prime(n):
    result = False
    for i in range(2,int(math.sqrt(n)) + 1):
        if n % i == 0:
            result = True
    return result
📉 Completion Loss: 4.6816

🚨 High-loss Sample 2:
📌 Prompt:
Write a function to find the n largest integers from a given list of numbers, returned in descending order.
📌 Completion:
import heapq as hq
def heap_queue_largest(nums,n):
  largest_nums = hq.nlargest(n, nums)
  return largest_nums
📉 Completion Loss: 2.9266

🚨 High-loss Sample 3:
📌 Prompt:
Write a python function to check whether the two numbers differ at one bit position only or not.
📌 Completion:
def is_Power_Of_Two (x): 
    return x and (not(x & (x - 1))) 
def differ_At_One_Bit_Pos(a,b): 
    return is_Power_Of_Two(a ^ b)
📉 Completion Loss: 4.1328

🚨 High-loss Sample 4:
📌 Prompt:
Write a function to find all words which are at least 4 characters long in a string.
📌 Completion:
import re
def find_char_long(text):
  return (re.findall(r"\b\w{4,}\b", text))
📉 Completion Loss: 2.4322

🚨 High-loss Sample 5:
📌 Prompt:
Write a function to find squares of individual elements in a list.
📌 Completion:
def square_nums(nums):
 square_nums = list(map(lambda x: x ** 2, nums))
 return square_nums
📉 Completion Loss: 2.3512

🚨 High-loss Sample 6:
📌 Prompt:
Write a python function to find the minimum number of rotations (greater than 0) required to get the same string.
📌 Completion:
def find_Rotations(str): 
    tmp = str + str
    n = len(str) 
    for i in range(1,n + 1): 
        substring = tmp[i: i+n] 
        if (str == substring): 
            return i 
    return n
📉 Completion Loss: 6.5516

🚨 High-loss Sample 7:
📌 Prompt:
Write a python function to remove first and last occurrence of a given character from the string.
📌 Completion:
def remove_Occ(s,ch): 
    for i in range(len(s)): 
        if (s[i] == ch): 
            s = s[0 : i] + s[i + 1:] 
            break
    for i in range(len(s) - 1,-1,-1):  
        if (s[i] == ch): 
            s = s[0 : i] + s[i + 1:] 
            break
    return s
📉 Completion Loss: 10.3327
[Check] Prompt len: 19, Full len: 47
[Check] Prompt len: 13, Full len: 41
[Check] Prompt len: 25, Full len: 129
[Check] Prompt len: 17, Full len: 36
[Check] Prompt len: 18, Full len: 256
[Check] Prompt len: 16, Full len: 65
[Check] Prompt len: 15, Full len: 114
[Check] Prompt len: 18, Full len: 124

🚨 High-loss Sample 8:
📌 Prompt:
Write a function to sort a given matrix in ascending order according to the sum of its rows.
📌 Completion:
def sort_matrix(M):
    result = sorted(M, key=sum)
    return result
📉 Completion Loss: 1.6589

🚨 High-loss Sample 9:
📌 Prompt:
Write a python function to find the volume of a triangular prism.
📌 Completion:
def find_Volume(l,b,h) : 
    return ((l * b * h) / 2)
📉 Completion Loss: 1.6586

🚨 High-loss Sample 10:
📌 Prompt:
Write a function to that returns true if the input string contains sequences of lowercase letters joined with an underscore and false otherwise.
📌 Completion:
import re
def text_lowercase_underscore(text):
        patterns = '^[a-z]+_[a-z]+$'
        if re.search(patterns,  text):
                return True
        else:
                return False
📉 Completion Loss: 4.8491

🚨 High-loss Sample 11:
📌 Prompt:
Write a function that returns the perimeter of a square given its side length as input.
📌 Completion:
def square_perimeter(a):
  perimeter=4*a
  return perimeter
📉 Completion Loss: 1.3167

🚨 High-loss Sample 12:
📌 Prompt:
Write a function to remove characters from the first string which are present in the second string.
📌 Completion:
NO_OF_CHARS = 256
def str_to_list(string): 
	temp = [] 
	for x in string: 
		temp.append(x) 
	return temp 
def lst_to_string(List): 
	return ''.join(List) 
def get_char_count_array(string): 
	count = [0] * NO_OF_CHARS 
	for i in string: 
		count[ord(i)] += 1
	return count 
def remove_dirty_chars(string, second_string): 
	count = get_char_count_array(second_string) 
	ip_ind = 0
	res_ind = 0
	temp = '' 
	str_list = str_to_list(string) 
	while ip_ind != len(str_list): 
		temp = str_list[ip_ind] 
		if count[ord(temp)] == 0: 
			str_list[res_ind] = str_list[ip_ind] 
			res_ind += 1
		ip_ind+=1
	return lst_to_string(str_list[0:res_ind])
📉 Completion Loss: 9.9141

🚨 High-loss Sample 13:
📌 Prompt:
Write a function to find whether a given array of integers contains any duplicate element.
📌 Completion:
def test_duplicate(arraynums):
    nums_set = set(arraynums)    
    return len(arraynums) != len(nums_set)
📉 Completion Loss: 2.4650

🚨 High-loss Sample 14:
📌 Prompt:
Write a function to check if the given number is woodball or not.
📌 Completion:
def is_woodall(x): 
	if (x % 2 == 0): 
		return False
	if (x == 1): 
		return True
	x = x + 1 
	p = 0
	while (x % 2 == 0): 
		x = x/2
		p = p + 1
		if (p == x): 
			return True
	return False
📉 Completion Loss: 4.2132

🚨 High-loss Sample 15:
📌 Prompt:
Write a python function to check if a given number is one less than twice its reverse.
📌 Completion:
def rev(num):    
    rev_num = 0
    while (num > 0):  
        rev_num = (rev_num * 10 + num % 10) 
        num = num // 10  
    return rev_num  
def check(n):    
    return (2 * rev(n) == n + 1)
📉 Completion Loss: 4.8359
[Check] Prompt len: 20, Full len: 105
[Check] Prompt len: 17, Full len: 41
[Check] Prompt len: 12, Full len: 33
[Check] Prompt len: 21, Full len: 155
[Check] Prompt len: 12, Full len: 26
[Check] Prompt len: 17, Full len: 61
[Check] Prompt len: 18, Full len: 75
[Check] Prompt len: 15, Full len: 87

🚨 High-loss Sample 16:
📌 Prompt:
Write a python function to find the largest number that can be formed with the given list of digits.
📌 Completion:
def find_Max_Num(arr) : 
    n = len(arr)
    arr.sort(reverse = True) 
    num = arr[0] 
    for i in range(1,n) : 
        num = num * 10 + arr[i] 
    return num
📉 Completion Loss: 6.4843

🚨 High-loss Sample 17:
📌 Prompt:
Write a python function to check whether the given two integers have opposite sign or not.
📌 Completion:
def opposite_Signs(x,y): 
    return ((x ^ y) < 0);
📉 Completion Loss: 2.1875

🚨 High-loss Sample 18:
📌 Prompt:
Write a function to find the nth octagonal number.
📌 Completion:
def is_octagonal(n): 
	return 3 * n * n - 2 * n
📉 Completion Loss: 1.9242

🚨 High-loss Sample 19:
📌 Prompt:
Write a python function to count the number of substrings with the sum of digits equal to their length.
📌 Completion:
from collections import defaultdict
def count_Substrings(s):
    n = len(s)
    count,sum = 0,0
    mp = defaultdict(lambda : 0)
    mp[0] += 1
    for i in range(n):
        sum += ord(s[i]) - ord('0')
        count += mp[sum - (i + 1)]
        mp[sum - (i + 1)] += 1
    return count
📉 Completion Loss: 10.1477

🚨 High-loss Sample 20:
📌 Prompt:
Write a python function to find smallest number in a list.
📌 Completion:
def smallest_num(xs):
  return min(xs)
📉 Completion Loss: 1.5386

🚨 High-loss Sample 21:
📌 Prompt:
Write a function to find the maximum difference between available pairs in the given tuple list.
📌 Completion:
def max_difference(test_list):
  temp = [abs(b - a) for a, b in test_list]
  res = max(temp)
  return (res)
📉 Completion Loss: 3.5058

🚨 High-loss Sample 22:
📌 Prompt:
Write a function to sort a list of tuples using the second value of each tuple.
📌 Completion:
def subject_marks(subjectmarks):
#subject_marks = [('English', 88), ('Science', 90), ('Maths', 97), ('Social sciences', 82)])
 subjectmarks.sort(key = lambda x: x[1])
 return subjectmarks
📉 Completion Loss: 4.5241

🚨 High-loss Sample 23:
📌 Prompt:
Write a function to flatten a list and sum all of its elements.
📌 Completion:
def recursive_list_sum(data_list):
	total = 0
	for element in data_list:
		if type(element) == type([]):
			total = total + recursive_list_sum(element)
		else:
			total = total + element
	return total
📉 Completion Loss: 5.2810
[Check] Prompt len: 15, Full len: 64
[Check] Prompt len: 17, Full len: 181
[Check] Prompt len: 17, Full len: 96
[Check] Prompt len: 16, Full len: 193
[Check] Prompt len: 17, Full len: 109
[Check] Prompt len: 10, Full len: 238
[Check] Prompt len: 22, Full len: 60
[Check] Prompt len: 16, Full len: 256

🚨 High-loss Sample 24:
📌 Prompt:
Write a python function to count the number of positive numbers in a list.
📌 Completion:
def pos_count(list):
  pos_count= 0
  for num in list: 
    if num >= 0: 
      pos_count += 1
  return pos_count
📉 Completion Loss: 2.3630

🚨 High-loss Sample 25:
📌 Prompt:
Write a function to find the number of ways to partition a set of Bell numbers.
📌 Completion:
def bell_number(n):   
    bell = [[0 for i in range(n+1)] for j in range(n+1)] 
    bell[0][0] = 1
    for i in range(1, n+1): 
        bell[i][0] = bell[i-1][i-1]  
        for j in range(1, i+1): 
            bell[i][j] = bell[i-1][j-1] + bell[i][j-1]   
    return bell[n][0]
📉 Completion Loss: 7.1562

🚨 High-loss Sample 26:
📌 Prompt:
Write a python function to check whether the given array is monotonic or not.
📌 Completion:
def is_Monotonic(A): 
    return (all(A[i] <= A[i + 1] for i in range(len(A) - 1)) or
            all(A[i] >= A[i + 1] for i in range(len(A) - 1)))
📉 Completion Loss: 3.7572

🚨 High-loss Sample 27:
📌 Prompt:
Write a function to check whether a list contains the given sublist or not.
📌 Completion:
def is_sublist(l, s):
	sub_set = False
	if s == []:
		sub_set = True
	elif s == l:
		sub_set = True
	elif len(s) > len(l):
		sub_set = False
	else:
		for i in range(len(l)):
			if l[i] == s[0]:
				n = 1
				while (n < len(s)) and (l[i+n] == s[n]):
					n += 1				
				if n == len(s):
					sub_set = True
	return sub_set
📉 Completion Loss: 7.3935

🚨 High-loss Sample 28:
📌 Prompt:
Write a function to find whether all the given tuples have equal length or not.
📌 Completion:
def find_equal_tuple(Input):
  k = 0 if not Input else len(Input[0])
  flag = 1
  for tuple in Input:
    if len(tuple) != k:
      flag = 0
      break
  return flag
def get_equal(Input):
  return find_equal_tuple(Input) == 1
📉 Completion Loss: 4.0804

🚨 High-loss Sample 29:
📌 Prompt:
Write a function to sort a list of elements.
📌 Completion:
def comb_sort(nums):
    shrink_fact = 1.3
    gaps = len(nums)
    swapped = True
    i = 0
    while gaps > 1 or swapped:
        gaps = int(float(gaps) / shrink_fact)
        swapped = False
        i = 0
        while gaps + i < len(nums):
            if nums[i] > nums[i+gaps]:
                nums[i], nums[i+gaps] = nums[i+gaps], nums[i]
                swapped = True
            i += 1
    return nums
📉 Completion Loss: 9.6562

🚨 High-loss Sample 30:
📌 Prompt:
Write a python function to check whether the given number can be represented as the difference of two squares or not.
📌 Completion:
def dif_Square(n): 
    if (n % 4 != 2): 
        return True
    return False
📉 Completion Loss: 2.0492

🚨 High-loss Sample 31:
📌 Prompt:
Write a function to check whether it follows the sequence given in the patterns array.
📌 Completion:
def is_samepatterns(colors, patterns):    
    if len(colors) != len(patterns):
        return False    
    sdict = {}
    pset = set()
    sset = set()    
    for i in range(len(patterns)):
        pset.add(patterns[i])
        sset.add(colors[i])
        if patterns[i] not in sdict.keys():
            sdict[patterns[i]] = []

        keys = sdict[patterns[i]]
        keys.append(colors[i])
        sdict[patterns[i]] = keys

    if len(pset) != len(sset):
        return False   

    for values in sdict.values():

        for i in range(len(values) - 1):
            if values[i] != values[i+1]:
                return False

    return True
📉 Completion Loss: 10.3670
[Check] Prompt len: 23, Full len: 64
[Check] Prompt len: 15, Full len: 35
[Check] Prompt len: 17, Full len: 111
[Check] Prompt len: 13, Full len: 42
[Check] Prompt len: 11, Full len: 43
[Check] Prompt len: 26, Full len: 156
[Check] Prompt len: 17, Full len: 68
[Check] Prompt len: 12, Full len: 43

🚨 High-loss Sample 32:
📌 Prompt:
Write a function to find tuples which have all elements divisible by k from the given list of tuples.
📌 Completion:
def find_tuples(test_list, K):
  res = [sub for sub in test_list if all(ele % K == 0 for ele in sub)]
  return res
📉 Completion Loss: 3.4878

🚨 High-loss Sample 33:
📌 Prompt:
Write a python function to find whether a number is divisible by 11.
📌 Completion:
def is_Diff(n): 
    return (n % 11 == 0)
📉 Completion Loss: 1.8762

🚨 High-loss Sample 34:
📌 Prompt:
Write a python function to check whether the length of the word is odd or not.
📌 Completion:
def word_len(s): 
    s = s.split(' ')   
    for word in s:    
        if len(word)%2!=0: 
            return True  
        else:
          return False
📉 Completion Loss: 7.0476

🚨 High-loss Sample 35:
📌 Prompt:
Write a function to find the nth tetrahedral number.
📌 Completion:
def tetrahedral_number(n): 
	return (n * (n + 1) * (n + 2)) / 6
📉 Completion Loss: 2.4588

🚨 High-loss Sample 36:
📌 Prompt:
Write a function to find the volume of a sphere.
📌 Completion:
import math
def volume_sphere(r):
  volume=(4/3)*math.pi*r*r*r
  return volume
📉 Completion Loss: 2.5520

🚨 High-loss Sample 37:
📌 Prompt:
Write a python function to find the character made by adding the ASCII value of all the characters of the given string modulo 26.
📌 Completion:
def get_Char(strr):  
    summ = 0
    for i in range(len(strr)): 
        summ += (ord(strr[i]) - ord('a') + 1)  
    if (summ % 26 == 0): 
        return ord('z') 
    else: 
        summ = summ % 26
        return chr(ord('a') + summ - 1)
📉 Completion Loss: 10.2358

🚨 High-loss Sample 38:
📌 Prompt:
Write a function to find the nth number in the newman conway sequence.
📌 Completion:
def sequence(n): 
	if n == 1 or n == 2: 
		return 1
	else: 
		return sequence(sequence(n-1)) + sequence(n-sequence(n-1))
📉 Completion Loss: 3.8698

🚨 High-loss Sample 39:
📌 Prompt:
Write a function to find the surface area of a sphere.
📌 Completion:
import math
def surfacearea_sphere(r):
  surfacearea=4*math.pi*r*r
  return surfacearea
📉 Completion Loss: 2.4961
[Check] Prompt len: 12, Full len: 36
[Check] Prompt len: 13, Full len: 70
[Check] Prompt len: 20, Full len: 53
[Check] Prompt len: 12, Full len: 27
[Check] Prompt len: 13, Full len: 84
[Check] Prompt len: 22, Full len: 66
[Check] Prompt len: 15, Full len: 92
[Check] Prompt len: 17, Full len: 80

🚨 High-loss Sample 40:
📌 Prompt:
Write a function to find nth centered hexagonal number.
📌 Completion:
def centered_hexagonal_number(n):
  return 3 * n * (n - 1) + 1
📉 Completion Loss: 3.3782

🚨 High-loss Sample 41:
📌 Prompt:
Write a function to merge three dictionaries into a single dictionary.
📌 Completion:
import collections as ct
def merge_dictionaries_three(dict1,dict2, dict3):
    merged_dict = dict(ct.ChainMap({},dict1,dict2,dict3))
    return merged_dict
📉 Completion Loss: 7.4103

🚨 High-loss Sample 42:
📌 Prompt:
Write a function to get the frequency of all the elements in a list, returned as a dictionary.
📌 Completion:
import collections
def freq_count(list1):
  freq_count= collections.Counter(list1)
  return freq_count
📉 Completion Loss: 4.7683

🚨 High-loss Sample 43:
📌 Prompt:
Write a function to find the closest smaller number than n.
📌 Completion:
def closest_num(N):
  return (N - 1)
📉 Completion Loss: 2.3360

🚨 High-loss Sample 44:
📌 Prompt:
Write a python function to find the length of the longest word.
📌 Completion:
def len_log(list1):
    max=len(list1[0])
    for i in list1:
        if len(i)>max:
            max=len(i)
    return max
📉 Completion Loss: 9.1082

🚨 High-loss Sample 45:
📌 Prompt:
Write a function to check if a string is present as a substring in a given list of string values.
📌 Completion:
def find_substring(str1, sub_str):
   if any(sub_str in s for s in str1):
       return True
   return False
📉 Completion Loss: 6.5337

🚨 High-loss Sample 46:
📌 Prompt:
Write a function to check whether the given number is undulating or not.
📌 Completion:
def is_undulating(n): 
	n = str(n)
	if (len(n) <= 2): 
		return False
	for i in range(2, len(n)): 
		if (n[i - 2] != n[i]): 
			return False
	return True
📉 Completion Loss: 9.7483

🚨 High-loss Sample 47:
📌 Prompt:
Write a function to calculate the value of 'a' to the power 'b'.
📌 Completion:
def power(a,b):
	if b==0:
		return 1
	elif a==0:
		return 0
	elif b==1:
		return a
	else:
		return a*power(a,b-1)
📉 Completion Loss: 8.0689
[Check] Prompt len: 24, Full len: 68
[Check] Prompt len: 18, Full len: 56

🚨 High-loss Sample 48:
📌 Prompt:
Given a list of tuples, write a function that returns the first value of the tuple with the smallest second value.
📌 Completion:
from operator import itemgetter 
def index_minimum(test_list):
  res = min(test_list, key = itemgetter(1))[0]
  return (res)
📉 Completion Loss: 10.2318

🚨 High-loss Sample 49:
📌 Prompt:
Write a python function to find the length of the smallest list in a list of lists.
📌 Completion:
def Find_Min_Length(lst):  
    minLength = min(len(x) for x in lst )
    return minLength
📉 Completion Loss: 7.9320
✅ Evaluation Complete. Final Avg Loss = 4.9743, Perplexity = 144.64
[Step 1350] PPL(A2C) = 144.64 | AvgR = 0.3682
[Check] Prompt len: 14, Full len: 61
[Check] Prompt len: 11, Full len: 89
[Check] Prompt len: 21, Full len: 65
[Check] Prompt len: 19, Full len: 83
[Check] Prompt len: 18, Full len: 53
[Check] Prompt len: 13, Full len: 48
[Check] Prompt len: 25, Full len: 127
[Check] Prompt len: 18, Full len: 189

🚨 High-loss Sample 0:
📌 Prompt:
Write a function to find the shared elements from the given two lists.
📌 Completion:
def similar_elements(test_tup1, test_tup2):
  res = tuple(set(test_tup1) & set(test_tup2))
  return (res)
📉 Completion Loss: 3.0949

🚨 High-loss Sample 1:
📌 Prompt:
Write a python function to identify non-prime numbers.
📌 Completion:
import math
def is_not_prime(n):
    result = False
    for i in range(2,int(math.sqrt(n)) + 1):
        if n % i == 0:
            result = True
    return result
📉 Completion Loss: 4.6649

🚨 High-loss Sample 2:
📌 Prompt:
Write a function to find the n largest integers from a given list of numbers, returned in descending order.
📌 Completion:
import heapq as hq
def heap_queue_largest(nums,n):
  largest_nums = hq.nlargest(n, nums)
  return largest_nums
📉 Completion Loss: 2.9216

🚨 High-loss Sample 3:
📌 Prompt:
Write a python function to check whether the two numbers differ at one bit position only or not.
📌 Completion:
def is_Power_Of_Two (x): 
    return x and (not(x & (x - 1))) 
def differ_At_One_Bit_Pos(a,b): 
    return is_Power_Of_Two(a ^ b)
📉 Completion Loss: 4.1155

🚨 High-loss Sample 4:
📌 Prompt:
Write a function to find all words which are at least 4 characters long in a string.
📌 Completion:
import re
def find_char_long(text):
  return (re.findall(r"\b\w{4,}\b", text))
📉 Completion Loss: 2.4211

🚨 High-loss Sample 5:
📌 Prompt:
Write a function to find squares of individual elements in a list.
📌 Completion:
def square_nums(nums):
 square_nums = list(map(lambda x: x ** 2, nums))
 return square_nums
📉 Completion Loss: 2.3535

🚨 High-loss Sample 6:
📌 Prompt:
Write a python function to find the minimum number of rotations (greater than 0) required to get the same string.
📌 Completion:
def find_Rotations(str): 
    tmp = str + str
    n = len(str) 
    for i in range(1,n + 1): 
        substring = tmp[i: i+n] 
        if (str == substring): 
            return i 
    return n
📉 Completion Loss: 6.5715

🚨 High-loss Sample 7:
📌 Prompt:
Write a python function to remove first and last occurrence of a given character from the string.
📌 Completion:
def remove_Occ(s,ch): 
    for i in range(len(s)): 
        if (s[i] == ch): 
            s = s[0 : i] + s[i + 1:] 
            break
    for i in range(len(s) - 1,-1,-1):  
        if (s[i] == ch): 
            s = s[0 : i] + s[i + 1:] 
            break
    return s
📉 Completion Loss: 10.4063
[Check] Prompt len: 19, Full len: 47
[Check] Prompt len: 13, Full len: 41
[Check] Prompt len: 25, Full len: 129
[Check] Prompt len: 17, Full len: 36
[Check] Prompt len: 18, Full len: 256
[Check] Prompt len: 16, Full len: 65
[Check] Prompt len: 15, Full len: 114
[Check] Prompt len: 18, Full len: 124

🚨 High-loss Sample 8:
📌 Prompt:
Write a function to sort a given matrix in ascending order according to the sum of its rows.
📌 Completion:
def sort_matrix(M):
    result = sorted(M, key=sum)
    return result
📉 Completion Loss: 1.6869

🚨 High-loss Sample 9:
📌 Prompt:
Write a python function to find the volume of a triangular prism.
📌 Completion:
def find_Volume(l,b,h) : 
    return ((l * b * h) / 2)
📉 Completion Loss: 1.7066

🚨 High-loss Sample 10:
📌 Prompt:
Write a function to that returns true if the input string contains sequences of lowercase letters joined with an underscore and false otherwise.
📌 Completion:
import re
def text_lowercase_underscore(text):
        patterns = '^[a-z]+_[a-z]+$'
        if re.search(patterns,  text):
                return True
        else:
                return False
📉 Completion Loss: 4.8538

🚨 High-loss Sample 11:
📌 Prompt:
Write a function that returns the perimeter of a square given its side length as input.
📌 Completion:
def square_perimeter(a):
  perimeter=4*a
  return perimeter
📉 Completion Loss: 1.4022

🚨 High-loss Sample 12:
📌 Prompt:
Write a function to remove characters from the first string which are present in the second string.
📌 Completion:
NO_OF_CHARS = 256
def str_to_list(string): 
	temp = [] 
	for x in string: 
		temp.append(x) 
	return temp 
def lst_to_string(List): 
	return ''.join(List) 
def get_char_count_array(string): 
	count = [0] * NO_OF_CHARS 
	for i in string: 
		count[ord(i)] += 1
	return count 
def remove_dirty_chars(string, second_string): 
	count = get_char_count_array(second_string) 
	ip_ind = 0
	res_ind = 0
	temp = '' 
	str_list = str_to_list(string) 
	while ip_ind != len(str_list): 
		temp = str_list[ip_ind] 
		if count[ord(temp)] == 0: 
			str_list[res_ind] = str_list[ip_ind] 
			res_ind += 1
		ip_ind+=1
	return lst_to_string(str_list[0:res_ind])
📉 Completion Loss: 10.0275

🚨 High-loss Sample 13:
📌 Prompt:
Write a function to find whether a given array of integers contains any duplicate element.
📌 Completion:
def test_duplicate(arraynums):
    nums_set = set(arraynums)    
    return len(arraynums) != len(nums_set)
📉 Completion Loss: 2.4642

🚨 High-loss Sample 14:
📌 Prompt:
Write a function to check if the given number is woodball or not.
📌 Completion:
def is_woodall(x): 
	if (x % 2 == 0): 
		return False
	if (x == 1): 
		return True
	x = x + 1 
	p = 0
	while (x % 2 == 0): 
		x = x/2
		p = p + 1
		if (p == x): 
			return True
	return False
📉 Completion Loss: 4.1895

🚨 High-loss Sample 15:
📌 Prompt:
Write a python function to check if a given number is one less than twice its reverse.
📌 Completion:
def rev(num):    
    rev_num = 0
    while (num > 0):  
        rev_num = (rev_num * 10 + num % 10) 
        num = num // 10  
    return rev_num  
def check(n):    
    return (2 * rev(n) == n + 1)
📉 Completion Loss: 4.8334
[Check] Prompt len: 20, Full len: 105
[Check] Prompt len: 17, Full len: 41
[Check] Prompt len: 12, Full len: 33
[Check] Prompt len: 21, Full len: 155
[Check] Prompt len: 12, Full len: 26
[Check] Prompt len: 17, Full len: 61
[Check] Prompt len: 18, Full len: 75
[Check] Prompt len: 15, Full len: 87

🚨 High-loss Sample 16:
📌 Prompt:
Write a python function to find the largest number that can be formed with the given list of digits.
📌 Completion:
def find_Max_Num(arr) : 
    n = len(arr)
    arr.sort(reverse = True) 
    num = arr[0] 
    for i in range(1,n) : 
        num = num * 10 + arr[i] 
    return num
📉 Completion Loss: 6.4822

🚨 High-loss Sample 17:
📌 Prompt:
Write a python function to check whether the given two integers have opposite sign or not.
📌 Completion:
def opposite_Signs(x,y): 
    return ((x ^ y) < 0);
📉 Completion Loss: 2.1779

🚨 High-loss Sample 18:
📌 Prompt:
Write a function to find the nth octagonal number.
📌 Completion:
def is_octagonal(n): 
	return 3 * n * n - 2 * n
📉 Completion Loss: 1.9312

🚨 High-loss Sample 19:
📌 Prompt:
Write a python function to count the number of substrings with the sum of digits equal to their length.
📌 Completion:
from collections import defaultdict
def count_Substrings(s):
    n = len(s)
    count,sum = 0,0
    mp = defaultdict(lambda : 0)
    mp[0] += 1
    for i in range(n):
        sum += ord(s[i]) - ord('0')
        count += mp[sum - (i + 1)]
        mp[sum - (i + 1)] += 1
    return count
📉 Completion Loss: 10.2422

🚨 High-loss Sample 20:
📌 Prompt:
Write a python function to find smallest number in a list.
📌 Completion:
def smallest_num(xs):
  return min(xs)
📉 Completion Loss: 1.5793

🚨 High-loss Sample 21:
📌 Prompt:
Write a function to find the maximum difference between available pairs in the given tuple list.
📌 Completion:
def max_difference(test_list):
  temp = [abs(b - a) for a, b in test_list]
  res = max(temp)
  return (res)
📉 Completion Loss: 3.4862

🚨 High-loss Sample 22:
📌 Prompt:
Write a function to sort a list of tuples using the second value of each tuple.
📌 Completion:
def subject_marks(subjectmarks):
#subject_marks = [('English', 88), ('Science', 90), ('Maths', 97), ('Social sciences', 82)])
 subjectmarks.sort(key = lambda x: x[1])
 return subjectmarks
📉 Completion Loss: 4.5068

🚨 High-loss Sample 23:
📌 Prompt:
Write a function to flatten a list and sum all of its elements.
📌 Completion:
def recursive_list_sum(data_list):
	total = 0
	for element in data_list:
		if type(element) == type([]):
			total = total + recursive_list_sum(element)
		else:
			total = total + element
	return total
📉 Completion Loss: 5.2540
[Check] Prompt len: 15, Full len: 64
[Check] Prompt len: 17, Full len: 181
[Check] Prompt len: 17, Full len: 96
[Check] Prompt len: 16, Full len: 193
[Check] Prompt len: 17, Full len: 109
[Check] Prompt len: 10, Full len: 238
[Check] Prompt len: 22, Full len: 60
[Check] Prompt len: 16, Full len: 256

🚨 High-loss Sample 24:
📌 Prompt:
Write a python function to count the number of positive numbers in a list.
📌 Completion:
def pos_count(list):
  pos_count= 0
  for num in list: 
    if num >= 0: 
      pos_count += 1
  return pos_count
📉 Completion Loss: 2.3670

🚨 High-loss Sample 25:
📌 Prompt:
Write a function to find the number of ways to partition a set of Bell numbers.
📌 Completion:
def bell_number(n):   
    bell = [[0 for i in range(n+1)] for j in range(n+1)] 
    bell[0][0] = 1
    for i in range(1, n+1): 
        bell[i][0] = bell[i-1][i-1]  
        for j in range(1, i+1): 
            bell[i][j] = bell[i-1][j-1] + bell[i][j-1]   
    return bell[n][0]
📉 Completion Loss: 7.1744

🚨 High-loss Sample 26:
📌 Prompt:
Write a python function to check whether the given array is monotonic or not.
📌 Completion:
def is_Monotonic(A): 
    return (all(A[i] <= A[i + 1] for i in range(len(A) - 1)) or
            all(A[i] >= A[i + 1] for i in range(len(A) - 1)))
📉 Completion Loss: 3.7443

🚨 High-loss Sample 27:
📌 Prompt:
Write a function to check whether a list contains the given sublist or not.
📌 Completion:
def is_sublist(l, s):
	sub_set = False
	if s == []:
		sub_set = True
	elif s == l:
		sub_set = True
	elif len(s) > len(l):
		sub_set = False
	else:
		for i in range(len(l)):
			if l[i] == s[0]:
				n = 1
				while (n < len(s)) and (l[i+n] == s[n]):
					n += 1				
				if n == len(s):
					sub_set = True
	return sub_set
📉 Completion Loss: 7.4651

🚨 High-loss Sample 28:
📌 Prompt:
Write a function to find whether all the given tuples have equal length or not.
📌 Completion:
def find_equal_tuple(Input):
  k = 0 if not Input else len(Input[0])
  flag = 1
  for tuple in Input:
    if len(tuple) != k:
      flag = 0
      break
  return flag
def get_equal(Input):
  return find_equal_tuple(Input) == 1
📉 Completion Loss: 4.0540

🚨 High-loss Sample 29:
📌 Prompt:
Write a function to sort a list of elements.
📌 Completion:
def comb_sort(nums):
    shrink_fact = 1.3
    gaps = len(nums)
    swapped = True
    i = 0
    while gaps > 1 or swapped:
        gaps = int(float(gaps) / shrink_fact)
        swapped = False
        i = 0
        while gaps + i < len(nums):
            if nums[i] > nums[i+gaps]:
                nums[i], nums[i+gaps] = nums[i+gaps], nums[i]
                swapped = True
            i += 1
    return nums
📉 Completion Loss: 9.8949

🚨 High-loss Sample 30:
📌 Prompt:
Write a python function to check whether the given number can be represented as the difference of two squares or not.
📌 Completion:
def dif_Square(n): 
    if (n % 4 != 2): 
        return True
    return False
📉 Completion Loss: 2.0683

🚨 High-loss Sample 31:
📌 Prompt:
Write a function to check whether it follows the sequence given in the patterns array.
📌 Completion:
def is_samepatterns(colors, patterns):    
    if len(colors) != len(patterns):
        return False    
    sdict = {}
    pset = set()
    sset = set()    
    for i in range(len(patterns)):
        pset.add(patterns[i])
        sset.add(colors[i])
        if patterns[i] not in sdict.keys():
            sdict[patterns[i]] = []

        keys = sdict[patterns[i]]
        keys.append(colors[i])
        sdict[patterns[i]] = keys

    if len(pset) != len(sset):
        return False   

    for values in sdict.values():

        for i in range(len(values) - 1):
            if values[i] != values[i+1]:
                return False

    return True
📉 Completion Loss: 10.5408
[Check] Prompt len: 23, Full len: 64
[Check] Prompt len: 15, Full len: 35
[Check] Prompt len: 17, Full len: 111
[Check] Prompt len: 13, Full len: 42
[Check] Prompt len: 11, Full len: 43
[Check] Prompt len: 26, Full len: 156
[Check] Prompt len: 17, Full len: 68
[Check] Prompt len: 12, Full len: 43

🚨 High-loss Sample 32:
📌 Prompt:
Write a function to find tuples which have all elements divisible by k from the given list of tuples.
📌 Completion:
def find_tuples(test_list, K):
  res = [sub for sub in test_list if all(ele % K == 0 for ele in sub)]
  return res
📉 Completion Loss: 3.4532

🚨 High-loss Sample 33:
📌 Prompt:
Write a python function to find whether a number is divisible by 11.
📌 Completion:
def is_Diff(n): 
    return (n % 11 == 0)
📉 Completion Loss: 1.8850

🚨 High-loss Sample 34:
📌 Prompt:
Write a python function to check whether the length of the word is odd or not.
📌 Completion:
def word_len(s): 
    s = s.split(' ')   
    for word in s:    
        if len(word)%2!=0: 
            return True  
        else:
          return False
📉 Completion Loss: 7.0278

🚨 High-loss Sample 35:
📌 Prompt:
Write a function to find the nth tetrahedral number.
📌 Completion:
def tetrahedral_number(n): 
	return (n * (n + 1) * (n + 2)) / 6
📉 Completion Loss: 2.4441

🚨 High-loss Sample 36:
📌 Prompt:
Write a function to find the volume of a sphere.
📌 Completion:
import math
def volume_sphere(r):
  volume=(4/3)*math.pi*r*r*r
  return volume
📉 Completion Loss: 2.5325

🚨 High-loss Sample 37:
📌 Prompt:
Write a python function to find the character made by adding the ASCII value of all the characters of the given string modulo 26.
📌 Completion:
def get_Char(strr):  
    summ = 0
    for i in range(len(strr)): 
        summ += (ord(strr[i]) - ord('a') + 1)  
    if (summ % 26 == 0): 
        return ord('z') 
    else: 
        summ = summ % 26
        return chr(ord('a') + summ - 1)
📉 Completion Loss: 10.2590

🚨 High-loss Sample 38:
📌 Prompt:
Write a function to find the nth number in the newman conway sequence.
📌 Completion:
def sequence(n): 
	if n == 1 or n == 2: 
		return 1
	else: 
		return sequence(sequence(n-1)) + sequence(n-sequence(n-1))
📉 Completion Loss: 3.8479

🚨 High-loss Sample 39:
📌 Prompt:
Write a function to find the surface area of a sphere.
📌 Completion:
import math
def surfacearea_sphere(r):
  surfacearea=4*math.pi*r*r
  return surfacearea
📉 Completion Loss: 2.4754
[Check] Prompt len: 12, Full len: 36
[Check] Prompt len: 13, Full len: 70
[Check] Prompt len: 20, Full len: 53
[Check] Prompt len: 12, Full len: 27
[Check] Prompt len: 13, Full len: 84
[Check] Prompt len: 22, Full len: 66
[Check] Prompt len: 15, Full len: 92
[Check] Prompt len: 17, Full len: 80

🚨 High-loss Sample 40:
📌 Prompt:
Write a function to find nth centered hexagonal number.
📌 Completion:
def centered_hexagonal_number(n):
  return 3 * n * (n - 1) + 1
📉 Completion Loss: 3.3489

🚨 High-loss Sample 41:
📌 Prompt:
Write a function to merge three dictionaries into a single dictionary.
📌 Completion:
import collections as ct
def merge_dictionaries_three(dict1,dict2, dict3):
    merged_dict = dict(ct.ChainMap({},dict1,dict2,dict3))
    return merged_dict
📉 Completion Loss: 7.4549

🚨 High-loss Sample 42:
📌 Prompt:
Write a function to get the frequency of all the elements in a list, returned as a dictionary.
📌 Completion:
import collections
def freq_count(list1):
  freq_count= collections.Counter(list1)
  return freq_count
📉 Completion Loss: 4.7249

🚨 High-loss Sample 43:
📌 Prompt:
Write a function to find the closest smaller number than n.
📌 Completion:
def closest_num(N):
  return (N - 1)
📉 Completion Loss: 2.3168

🚨 High-loss Sample 44:
📌 Prompt:
Write a python function to find the length of the longest word.
📌 Completion:
def len_log(list1):
    max=len(list1[0])
    for i in list1:
        if len(i)>max:
            max=len(i)
    return max
📉 Completion Loss: 9.0965

🚨 High-loss Sample 45:
📌 Prompt:
Write a function to check if a string is present as a substring in a given list of string values.
📌 Completion:
def find_substring(str1, sub_str):
   if any(sub_str in s for s in str1):
       return True
   return False
📉 Completion Loss: 6.4842

🚨 High-loss Sample 46:
📌 Prompt:
Write a function to check whether the given number is undulating or not.
📌 Completion:
def is_undulating(n): 
	n = str(n)
	if (len(n) <= 2): 
		return False
	for i in range(2, len(n)): 
		if (n[i - 2] != n[i]): 
			return False
	return True
📉 Completion Loss: 9.7502

🚨 High-loss Sample 47:
📌 Prompt:
Write a function to calculate the value of 'a' to the power 'b'.
📌 Completion:
def power(a,b):
	if b==0:
		return 1
	elif a==0:
		return 0
	elif b==1:
		return a
	else:
		return a*power(a,b-1)
📉 Completion Loss: 8.0393
[Check] Prompt len: 24, Full len: 68
[Check] Prompt len: 18, Full len: 56

🚨 High-loss Sample 48:
📌 Prompt:
Given a list of tuples, write a function that returns the first value of the tuple with the smallest second value.
📌 Completion:
from operator import itemgetter 
def index_minimum(test_list):
  res = min(test_list, key = itemgetter(1))[0]
  return (res)
📉 Completion Loss: 10.2111

🚨 High-loss Sample 49:
📌 Prompt:
Write a python function to find the length of the smallest list in a list of lists.
📌 Completion:
def Find_Min_Length(lst):  
    minLength = min(len(x) for x in lst )
    return minLength
📉 Completion Loss: 7.8885
✅ Evaluation Complete. Final Avg Loss = 4.9851, Perplexity = 146.21
[Step 1400] PPL(A2C) = 146.21 | AvgR = 0.3905
[Check] Prompt len: 14, Full len: 61
[Check] Prompt len: 11, Full len: 89
[Check] Prompt len: 21, Full len: 65
[Check] Prompt len: 19, Full len: 83
[Check] Prompt len: 18, Full len: 53
[Check] Prompt len: 13, Full len: 48
[Check] Prompt len: 25, Full len: 127
[Check] Prompt len: 18, Full len: 189

🚨 High-loss Sample 0:
📌 Prompt:
Write a function to find the shared elements from the given two lists.
📌 Completion:
def similar_elements(test_tup1, test_tup2):
  res = tuple(set(test_tup1) & set(test_tup2))
  return (res)
📉 Completion Loss: 3.0942

🚨 High-loss Sample 1:
📌 Prompt:
Write a python function to identify non-prime numbers.
📌 Completion:
import math
def is_not_prime(n):
    result = False
    for i in range(2,int(math.sqrt(n)) + 1):
        if n % i == 0:
            result = True
    return result
📉 Completion Loss: 4.6363

🚨 High-loss Sample 2:
📌 Prompt:
Write a function to find the n largest integers from a given list of numbers, returned in descending order.
📌 Completion:
import heapq as hq
def heap_queue_largest(nums,n):
  largest_nums = hq.nlargest(n, nums)
  return largest_nums
📉 Completion Loss: 2.9338

🚨 High-loss Sample 3:
📌 Prompt:
Write a python function to check whether the two numbers differ at one bit position only or not.
📌 Completion:
def is_Power_Of_Two (x): 
    return x and (not(x & (x - 1))) 
def differ_At_One_Bit_Pos(a,b): 
    return is_Power_Of_Two(a ^ b)
📉 Completion Loss: 4.1046

🚨 High-loss Sample 4:
📌 Prompt:
Write a function to find all words which are at least 4 characters long in a string.
📌 Completion:
import re
def find_char_long(text):
  return (re.findall(r"\b\w{4,}\b", text))
📉 Completion Loss: 2.4375

🚨 High-loss Sample 5:
📌 Prompt:
Write a function to find squares of individual elements in a list.
📌 Completion:
def square_nums(nums):
 square_nums = list(map(lambda x: x ** 2, nums))
 return square_nums
📉 Completion Loss: 2.3776

🚨 High-loss Sample 6:
📌 Prompt:
Write a python function to find the minimum number of rotations (greater than 0) required to get the same string.
📌 Completion:
def find_Rotations(str): 
    tmp = str + str
    n = len(str) 
    for i in range(1,n + 1): 
        substring = tmp[i: i+n] 
        if (str == substring): 
            return i 
    return n
📉 Completion Loss: 6.5679

🚨 High-loss Sample 7:
📌 Prompt:
Write a python function to remove first and last occurrence of a given character from the string.
📌 Completion:
def remove_Occ(s,ch): 
    for i in range(len(s)): 
        if (s[i] == ch): 
            s = s[0 : i] + s[i + 1:] 
            break
    for i in range(len(s) - 1,-1,-1):  
        if (s[i] == ch): 
            s = s[0 : i] + s[i + 1:] 
            break
    return s
📉 Completion Loss: 10.4431
[Check] Prompt len: 19, Full len: 47
[Check] Prompt len: 13, Full len: 41
[Check] Prompt len: 25, Full len: 129
[Check] Prompt len: 17, Full len: 36
[Check] Prompt len: 18, Full len: 256
[Check] Prompt len: 16, Full len: 65
[Check] Prompt len: 15, Full len: 114
[Check] Prompt len: 18, Full len: 124

🚨 High-loss Sample 8:
📌 Prompt:
Write a function to sort a given matrix in ascending order according to the sum of its rows.
📌 Completion:
def sort_matrix(M):
    result = sorted(M, key=sum)
    return result
📉 Completion Loss: 1.7163

🚨 High-loss Sample 9:
📌 Prompt:
Write a python function to find the volume of a triangular prism.
📌 Completion:
def find_Volume(l,b,h) : 
    return ((l * b * h) / 2)
📉 Completion Loss: 1.7492

🚨 High-loss Sample 10:
📌 Prompt:
Write a function to that returns true if the input string contains sequences of lowercase letters joined with an underscore and false otherwise.
📌 Completion:
import re
def text_lowercase_underscore(text):
        patterns = '^[a-z]+_[a-z]+$'
        if re.search(patterns,  text):
                return True
        else:
                return False
📉 Completion Loss: 4.8493

🚨 High-loss Sample 11:
📌 Prompt:
Write a function that returns the perimeter of a square given its side length as input.
📌 Completion:
def square_perimeter(a):
  perimeter=4*a
  return perimeter
📉 Completion Loss: 1.4603

🚨 High-loss Sample 12:
📌 Prompt:
Write a function to remove characters from the first string which are present in the second string.
📌 Completion:
NO_OF_CHARS = 256
def str_to_list(string): 
	temp = [] 
	for x in string: 
		temp.append(x) 
	return temp 
def lst_to_string(List): 
	return ''.join(List) 
def get_char_count_array(string): 
	count = [0] * NO_OF_CHARS 
	for i in string: 
		count[ord(i)] += 1
	return count 
def remove_dirty_chars(string, second_string): 
	count = get_char_count_array(second_string) 
	ip_ind = 0
	res_ind = 0
	temp = '' 
	str_list = str_to_list(string) 
	while ip_ind != len(str_list): 
		temp = str_list[ip_ind] 
		if count[ord(temp)] == 0: 
			str_list[res_ind] = str_list[ip_ind] 
			res_ind += 1
		ip_ind+=1
	return lst_to_string(str_list[0:res_ind])
📉 Completion Loss: 9.9514

🚨 High-loss Sample 13:
📌 Prompt:
Write a function to find whether a given array of integers contains any duplicate element.
📌 Completion:
def test_duplicate(arraynums):
    nums_set = set(arraynums)    
    return len(arraynums) != len(nums_set)
📉 Completion Loss: 2.4756

🚨 High-loss Sample 14:
📌 Prompt:
Write a function to check if the given number is woodball or not.
📌 Completion:
def is_woodall(x): 
	if (x % 2 == 0): 
		return False
	if (x == 1): 
		return True
	x = x + 1 
	p = 0
	while (x % 2 == 0): 
		x = x/2
		p = p + 1
		if (p == x): 
			return True
	return False
📉 Completion Loss: 4.1663

🚨 High-loss Sample 15:
📌 Prompt:
Write a python function to check if a given number is one less than twice its reverse.
📌 Completion:
def rev(num):    
    rev_num = 0
    while (num > 0):  
        rev_num = (rev_num * 10 + num % 10) 
        num = num // 10  
    return rev_num  
def check(n):    
    return (2 * rev(n) == n + 1)
📉 Completion Loss: 4.8175
[Check] Prompt len: 20, Full len: 105
[Check] Prompt len: 17, Full len: 41
[Check] Prompt len: 12, Full len: 33
[Check] Prompt len: 21, Full len: 155
[Check] Prompt len: 12, Full len: 26
[Check] Prompt len: 17, Full len: 61
[Check] Prompt len: 18, Full len: 75
[Check] Prompt len: 15, Full len: 87

🚨 High-loss Sample 16:
📌 Prompt:
Write a python function to find the largest number that can be formed with the given list of digits.
📌 Completion:
def find_Max_Num(arr) : 
    n = len(arr)
    arr.sort(reverse = True) 
    num = arr[0] 
    for i in range(1,n) : 
        num = num * 10 + arr[i] 
    return num
📉 Completion Loss: 6.4784

🚨 High-loss Sample 17:
📌 Prompt:
Write a python function to check whether the given two integers have opposite sign or not.
📌 Completion:
def opposite_Signs(x,y): 
    return ((x ^ y) < 0);
📉 Completion Loss: 2.1949

🚨 High-loss Sample 18:
📌 Prompt:
Write a function to find the nth octagonal number.
📌 Completion:
def is_octagonal(n): 
	return 3 * n * n - 2 * n
📉 Completion Loss: 1.9633

🚨 High-loss Sample 19:
📌 Prompt:
Write a python function to count the number of substrings with the sum of digits equal to their length.
📌 Completion:
from collections import defaultdict
def count_Substrings(s):
    n = len(s)
    count,sum = 0,0
    mp = defaultdict(lambda : 0)
    mp[0] += 1
    for i in range(n):
        sum += ord(s[i]) - ord('0')
        count += mp[sum - (i + 1)]
        mp[sum - (i + 1)] += 1
    return count
📉 Completion Loss: 10.2482

🚨 High-loss Sample 20:
📌 Prompt:
Write a python function to find smallest number in a list.
📌 Completion:
def smallest_num(xs):
  return min(xs)
📉 Completion Loss: 1.6725

🚨 High-loss Sample 21:
📌 Prompt:
Write a function to find the maximum difference between available pairs in the given tuple list.
📌 Completion:
def max_difference(test_list):
  temp = [abs(b - a) for a, b in test_list]
  res = max(temp)
  return (res)
📉 Completion Loss: 3.4826

🚨 High-loss Sample 22:
📌 Prompt:
Write a function to sort a list of tuples using the second value of each tuple.
📌 Completion:
def subject_marks(subjectmarks):
#subject_marks = [('English', 88), ('Science', 90), ('Maths', 97), ('Social sciences', 82)])
 subjectmarks.sort(key = lambda x: x[1])
 return subjectmarks
📉 Completion Loss: 4.4992

🚨 High-loss Sample 23:
📌 Prompt:
Write a function to flatten a list and sum all of its elements.
📌 Completion:
def recursive_list_sum(data_list):
	total = 0
	for element in data_list:
		if type(element) == type([]):
			total = total + recursive_list_sum(element)
		else:
			total = total + element
	return total
📉 Completion Loss: 5.2304
[Check] Prompt len: 15, Full len: 64
[Check] Prompt len: 17, Full len: 181
[Check] Prompt len: 17, Full len: 96
[Check] Prompt len: 16, Full len: 193
[Check] Prompt len: 17, Full len: 109
[Check] Prompt len: 10, Full len: 238
[Check] Prompt len: 22, Full len: 60
[Check] Prompt len: 16, Full len: 256

🚨 High-loss Sample 24:
📌 Prompt:
Write a python function to count the number of positive numbers in a list.
📌 Completion:
def pos_count(list):
  pos_count= 0
  for num in list: 
    if num >= 0: 
      pos_count += 1
  return pos_count
📉 Completion Loss: 2.3933

🚨 High-loss Sample 25:
📌 Prompt:
Write a function to find the number of ways to partition a set of Bell numbers.
📌 Completion:
def bell_number(n):   
    bell = [[0 for i in range(n+1)] for j in range(n+1)] 
    bell[0][0] = 1
    for i in range(1, n+1): 
        bell[i][0] = bell[i-1][i-1]  
        for j in range(1, i+1): 
            bell[i][j] = bell[i-1][j-1] + bell[i][j-1]   
    return bell[n][0]
📉 Completion Loss: 7.1770

🚨 High-loss Sample 26:
📌 Prompt:
Write a python function to check whether the given array is monotonic or not.
📌 Completion:
def is_Monotonic(A): 
    return (all(A[i] <= A[i + 1] for i in range(len(A) - 1)) or
            all(A[i] >= A[i + 1] for i in range(len(A) - 1)))
📉 Completion Loss: 3.7310

🚨 High-loss Sample 27:
📌 Prompt:
Write a function to check whether a list contains the given sublist or not.
📌 Completion:
def is_sublist(l, s):
	sub_set = False
	if s == []:
		sub_set = True
	elif s == l:
		sub_set = True
	elif len(s) > len(l):
		sub_set = False
	else:
		for i in range(len(l)):
			if l[i] == s[0]:
				n = 1
				while (n < len(s)) and (l[i+n] == s[n]):
					n += 1				
				if n == len(s):
					sub_set = True
	return sub_set
📉 Completion Loss: 7.4218

🚨 High-loss Sample 28:
📌 Prompt:
Write a function to find whether all the given tuples have equal length or not.
📌 Completion:
def find_equal_tuple(Input):
  k = 0 if not Input else len(Input[0])
  flag = 1
  for tuple in Input:
    if len(tuple) != k:
      flag = 0
      break
  return flag
def get_equal(Input):
  return find_equal_tuple(Input) == 1
📉 Completion Loss: 4.0520

🚨 High-loss Sample 29:
📌 Prompt:
Write a function to sort a list of elements.
📌 Completion:
def comb_sort(nums):
    shrink_fact = 1.3
    gaps = len(nums)
    swapped = True
    i = 0
    while gaps > 1 or swapped:
        gaps = int(float(gaps) / shrink_fact)
        swapped = False
        i = 0
        while gaps + i < len(nums):
            if nums[i] > nums[i+gaps]:
                nums[i], nums[i+gaps] = nums[i+gaps], nums[i]
                swapped = True
            i += 1
    return nums
📉 Completion Loss: 9.7563

🚨 High-loss Sample 30:
📌 Prompt:
Write a python function to check whether the given number can be represented as the difference of two squares or not.
📌 Completion:
def dif_Square(n): 
    if (n % 4 != 2): 
        return True
    return False
📉 Completion Loss: 2.0901

🚨 High-loss Sample 31:
📌 Prompt:
Write a function to check whether it follows the sequence given in the patterns array.
📌 Completion:
def is_samepatterns(colors, patterns):    
    if len(colors) != len(patterns):
        return False    
    sdict = {}
    pset = set()
    sset = set()    
    for i in range(len(patterns)):
        pset.add(patterns[i])
        sset.add(colors[i])
        if patterns[i] not in sdict.keys():
            sdict[patterns[i]] = []

        keys = sdict[patterns[i]]
        keys.append(colors[i])
        sdict[patterns[i]] = keys

    if len(pset) != len(sset):
        return False   

    for values in sdict.values():

        for i in range(len(values) - 1):
            if values[i] != values[i+1]:
                return False

    return True
📉 Completion Loss: 10.5163
[Check] Prompt len: 23, Full len: 64
[Check] Prompt len: 15, Full len: 35
[Check] Prompt len: 17, Full len: 111
[Check] Prompt len: 13, Full len: 42
[Check] Prompt len: 11, Full len: 43
[Check] Prompt len: 26, Full len: 156
[Check] Prompt len: 17, Full len: 68
[Check] Prompt len: 12, Full len: 43

🚨 High-loss Sample 32:
📌 Prompt:
Write a function to find tuples which have all elements divisible by k from the given list of tuples.
📌 Completion:
def find_tuples(test_list, K):
  res = [sub for sub in test_list if all(ele % K == 0 for ele in sub)]
  return res
📉 Completion Loss: 3.4470

🚨 High-loss Sample 33:
📌 Prompt:
Write a python function to find whether a number is divisible by 11.
📌 Completion:
def is_Diff(n): 
    return (n % 11 == 0)
📉 Completion Loss: 1.9270

🚨 High-loss Sample 34:
📌 Prompt:
Write a python function to check whether the length of the word is odd or not.
📌 Completion:
def word_len(s): 
    s = s.split(' ')   
    for word in s:    
        if len(word)%2!=0: 
            return True  
        else:
          return False
📉 Completion Loss: 7.0028

🚨 High-loss Sample 35:
📌 Prompt:
Write a function to find the nth tetrahedral number.
📌 Completion:
def tetrahedral_number(n): 
	return (n * (n + 1) * (n + 2)) / 6
📉 Completion Loss: 2.4464

🚨 High-loss Sample 36:
📌 Prompt:
Write a function to find the volume of a sphere.
📌 Completion:
import math
def volume_sphere(r):
  volume=(4/3)*math.pi*r*r*r
  return volume
📉 Completion Loss: 2.5388

🚨 High-loss Sample 37:
📌 Prompt:
Write a python function to find the character made by adding the ASCII value of all the characters of the given string modulo 26.
📌 Completion:
def get_Char(strr):  
    summ = 0
    for i in range(len(strr)): 
        summ += (ord(strr[i]) - ord('a') + 1)  
    if (summ % 26 == 0): 
        return ord('z') 
    else: 
        summ = summ % 26
        return chr(ord('a') + summ - 1)
📉 Completion Loss: 10.2601

🚨 High-loss Sample 38:
📌 Prompt:
Write a function to find the nth number in the newman conway sequence.
📌 Completion:
def sequence(n): 
	if n == 1 or n == 2: 
		return 1
	else: 
		return sequence(sequence(n-1)) + sequence(n-sequence(n-1))
📉 Completion Loss: 3.8527

🚨 High-loss Sample 39:
📌 Prompt:
Write a function to find the surface area of a sphere.
📌 Completion:
import math
def surfacearea_sphere(r):
  surfacearea=4*math.pi*r*r
  return surfacearea
📉 Completion Loss: 2.4865
[Check] Prompt len: 12, Full len: 36
[Check] Prompt len: 13, Full len: 70
[Check] Prompt len: 20, Full len: 53
[Check] Prompt len: 12, Full len: 27
[Check] Prompt len: 13, Full len: 84
[Check] Prompt len: 22, Full len: 66
[Check] Prompt len: 15, Full len: 92
[Check] Prompt len: 17, Full len: 80

🚨 High-loss Sample 40:
📌 Prompt:
Write a function to find nth centered hexagonal number.
📌 Completion:
def centered_hexagonal_number(n):
  return 3 * n * (n - 1) + 1
📉 Completion Loss: 3.3364

🚨 High-loss Sample 41:
📌 Prompt:
Write a function to merge three dictionaries into a single dictionary.
📌 Completion:
import collections as ct
def merge_dictionaries_three(dict1,dict2, dict3):
    merged_dict = dict(ct.ChainMap({},dict1,dict2,dict3))
    return merged_dict
📉 Completion Loss: 7.3713

🚨 High-loss Sample 42:
📌 Prompt:
Write a function to get the frequency of all the elements in a list, returned as a dictionary.
📌 Completion:
import collections
def freq_count(list1):
  freq_count= collections.Counter(list1)
  return freq_count
📉 Completion Loss: 4.7486

🚨 High-loss Sample 43:
📌 Prompt:
Write a function to find the closest smaller number than n.
📌 Completion:
def closest_num(N):
  return (N - 1)
📉 Completion Loss: 2.3431

🚨 High-loss Sample 44:
📌 Prompt:
Write a python function to find the length of the longest word.
📌 Completion:
def len_log(list1):
    max=len(list1[0])
    for i in list1:
        if len(i)>max:
            max=len(i)
    return max
📉 Completion Loss: 9.0804

🚨 High-loss Sample 45:
📌 Prompt:
Write a function to check if a string is present as a substring in a given list of string values.
📌 Completion:
def find_substring(str1, sub_str):
   if any(sub_str in s for s in str1):
       return True
   return False
📉 Completion Loss: 6.4826

🚨 High-loss Sample 46:
📌 Prompt:
Write a function to check whether the given number is undulating or not.
📌 Completion:
def is_undulating(n): 
	n = str(n)
	if (len(n) <= 2): 
		return False
	for i in range(2, len(n)): 
		if (n[i - 2] != n[i]): 
			return False
	return True
📉 Completion Loss: 9.7573

🚨 High-loss Sample 47:
📌 Prompt:
Write a function to calculate the value of 'a' to the power 'b'.
📌 Completion:
def power(a,b):
	if b==0:
		return 1
	elif a==0:
		return 0
	elif b==1:
		return a
	else:
		return a*power(a,b-1)
📉 Completion Loss: 7.9974
[Check] Prompt len: 24, Full len: 68
[Check] Prompt len: 18, Full len: 56

🚨 High-loss Sample 48:
📌 Prompt:
Given a list of tuples, write a function that returns the first value of the tuple with the smallest second value.
📌 Completion:
from operator import itemgetter 
def index_minimum(test_list):
  res = min(test_list, key = itemgetter(1))[0]
  return (res)
📉 Completion Loss: 10.2258

🚨 High-loss Sample 49:
📌 Prompt:
Write a python function to find the length of the smallest list in a list of lists.
📌 Completion:
def Find_Min_Length(lst):  
    minLength = min(len(x) for x in lst )
    return minLength
📉 Completion Loss: 7.8786
✅ Evaluation Complete. Final Avg Loss = 4.9940, Perplexity = 147.52
[Step 1450] PPL(A2C) = 147.52 | AvgR = 0.3133
[Check] Prompt len: 14, Full len: 61
[Check] Prompt len: 11, Full len: 89
[Check] Prompt len: 21, Full len: 65
[Check] Prompt len: 19, Full len: 83
[Check] Prompt len: 18, Full len: 53
[Check] Prompt len: 13, Full len: 48
[Check] Prompt len: 25, Full len: 127
[Check] Prompt len: 18, Full len: 189

🚨 High-loss Sample 0:
📌 Prompt:
Write a function to find the shared elements from the given two lists.
📌 Completion:
def similar_elements(test_tup1, test_tup2):
  res = tuple(set(test_tup1) & set(test_tup2))
  return (res)
📉 Completion Loss: 3.1158

🚨 High-loss Sample 1:
📌 Prompt:
Write a python function to identify non-prime numbers.
📌 Completion:
import math
def is_not_prime(n):
    result = False
    for i in range(2,int(math.sqrt(n)) + 1):
        if n % i == 0:
            result = True
    return result
📉 Completion Loss: 4.6269

🚨 High-loss Sample 2:
📌 Prompt:
Write a function to find the n largest integers from a given list of numbers, returned in descending order.
📌 Completion:
import heapq as hq
def heap_queue_largest(nums,n):
  largest_nums = hq.nlargest(n, nums)
  return largest_nums
📉 Completion Loss: 2.9660

🚨 High-loss Sample 3:
📌 Prompt:
Write a python function to check whether the two numbers differ at one bit position only or not.
📌 Completion:
def is_Power_Of_Two (x): 
    return x and (not(x & (x - 1))) 
def differ_At_One_Bit_Pos(a,b): 
    return is_Power_Of_Two(a ^ b)
📉 Completion Loss: 4.1139

🚨 High-loss Sample 4:
📌 Prompt:
Write a function to find all words which are at least 4 characters long in a string.
📌 Completion:
import re
def find_char_long(text):
  return (re.findall(r"\b\w{4,}\b", text))
📉 Completion Loss: 2.4599

🚨 High-loss Sample 5:
📌 Prompt:
Write a function to find squares of individual elements in a list.
📌 Completion:
def square_nums(nums):
 square_nums = list(map(lambda x: x ** 2, nums))
 return square_nums
📉 Completion Loss: 2.3928

🚨 High-loss Sample 6:
📌 Prompt:
Write a python function to find the minimum number of rotations (greater than 0) required to get the same string.
📌 Completion:
def find_Rotations(str): 
    tmp = str + str
    n = len(str) 
    for i in range(1,n + 1): 
        substring = tmp[i: i+n] 
        if (str == substring): 
            return i 
    return n
📉 Completion Loss: 6.5158

🚨 High-loss Sample 7:
📌 Prompt:
Write a python function to remove first and last occurrence of a given character from the string.
📌 Completion:
def remove_Occ(s,ch): 
    for i in range(len(s)): 
        if (s[i] == ch): 
            s = s[0 : i] + s[i + 1:] 
            break
    for i in range(len(s) - 1,-1,-1):  
        if (s[i] == ch): 
            s = s[0 : i] + s[i + 1:] 
            break
    return s
📉 Completion Loss: 10.3638
[Check] Prompt len: 19, Full len: 47
[Check] Prompt len: 13, Full len: 41
[Check] Prompt len: 25, Full len: 129
[Check] Prompt len: 17, Full len: 36
[Check] Prompt len: 18, Full len: 256
[Check] Prompt len: 16, Full len: 65
[Check] Prompt len: 15, Full len: 114
[Check] Prompt len: 18, Full len: 124

🚨 High-loss Sample 8:
📌 Prompt:
Write a function to sort a given matrix in ascending order according to the sum of its rows.
📌 Completion:
def sort_matrix(M):
    result = sorted(M, key=sum)
    return result
📉 Completion Loss: 1.7245

🚨 High-loss Sample 9:
📌 Prompt:
Write a python function to find the volume of a triangular prism.
📌 Completion:
def find_Volume(l,b,h) : 
    return ((l * b * h) / 2)
📉 Completion Loss: 1.7634

🚨 High-loss Sample 10:
📌 Prompt:
Write a function to that returns true if the input string contains sequences of lowercase letters joined with an underscore and false otherwise.
📌 Completion:
import re
def text_lowercase_underscore(text):
        patterns = '^[a-z]+_[a-z]+$'
        if re.search(patterns,  text):
                return True
        else:
                return False
📉 Completion Loss: 4.8253

🚨 High-loss Sample 11:
📌 Prompt:
Write a function that returns the perimeter of a square given its side length as input.
📌 Completion:
def square_perimeter(a):
  perimeter=4*a
  return perimeter
📉 Completion Loss: 1.4706

🚨 High-loss Sample 12:
📌 Prompt:
Write a function to remove characters from the first string which are present in the second string.
📌 Completion:
NO_OF_CHARS = 256
def str_to_list(string): 
	temp = [] 
	for x in string: 
		temp.append(x) 
	return temp 
def lst_to_string(List): 
	return ''.join(List) 
def get_char_count_array(string): 
	count = [0] * NO_OF_CHARS 
	for i in string: 
		count[ord(i)] += 1
	return count 
def remove_dirty_chars(string, second_string): 
	count = get_char_count_array(second_string) 
	ip_ind = 0
	res_ind = 0
	temp = '' 
	str_list = str_to_list(string) 
	while ip_ind != len(str_list): 
		temp = str_list[ip_ind] 
		if count[ord(temp)] == 0: 
			str_list[res_ind] = str_list[ip_ind] 
			res_ind += 1
		ip_ind+=1
	return lst_to_string(str_list[0:res_ind])
📉 Completion Loss: 9.9540

🚨 High-loss Sample 13:
📌 Prompt:
Write a function to find whether a given array of integers contains any duplicate element.
📌 Completion:
def test_duplicate(arraynums):
    nums_set = set(arraynums)    
    return len(arraynums) != len(nums_set)
📉 Completion Loss: 2.4791

🚨 High-loss Sample 14:
📌 Prompt:
Write a function to check if the given number is woodball or not.
📌 Completion:
def is_woodall(x): 
	if (x % 2 == 0): 
		return False
	if (x == 1): 
		return True
	x = x + 1 
	p = 0
	while (x % 2 == 0): 
		x = x/2
		p = p + 1
		if (p == x): 
			return True
	return False
📉 Completion Loss: 4.1673

🚨 High-loss Sample 15:
📌 Prompt:
Write a python function to check if a given number is one less than twice its reverse.
📌 Completion:
def rev(num):    
    rev_num = 0
    while (num > 0):  
        rev_num = (rev_num * 10 + num % 10) 
        num = num // 10  
    return rev_num  
def check(n):    
    return (2 * rev(n) == n + 1)
📉 Completion Loss: 4.7903
[Check] Prompt len: 20, Full len: 105
[Check] Prompt len: 17, Full len: 41
[Check] Prompt len: 12, Full len: 33
[Check] Prompt len: 21, Full len: 155
[Check] Prompt len: 12, Full len: 26
[Check] Prompt len: 17, Full len: 61
[Check] Prompt len: 18, Full len: 75
[Check] Prompt len: 15, Full len: 87

🚨 High-loss Sample 16:
📌 Prompt:
Write a python function to find the largest number that can be formed with the given list of digits.
📌 Completion:
def find_Max_Num(arr) : 
    n = len(arr)
    arr.sort(reverse = True) 
    num = arr[0] 
    for i in range(1,n) : 
        num = num * 10 + arr[i] 
    return num
📉 Completion Loss: 6.4858

🚨 High-loss Sample 17:
📌 Prompt:
Write a python function to check whether the given two integers have opposite sign or not.
📌 Completion:
def opposite_Signs(x,y): 
    return ((x ^ y) < 0);
📉 Completion Loss: 2.2249

🚨 High-loss Sample 18:
📌 Prompt:
Write a function to find the nth octagonal number.
📌 Completion:
def is_octagonal(n): 
	return 3 * n * n - 2 * n
📉 Completion Loss: 1.9748

🚨 High-loss Sample 19:
📌 Prompt:
Write a python function to count the number of substrings with the sum of digits equal to their length.
📌 Completion:
from collections import defaultdict
def count_Substrings(s):
    n = len(s)
    count,sum = 0,0
    mp = defaultdict(lambda : 0)
    mp[0] += 1
    for i in range(n):
        sum += ord(s[i]) - ord('0')
        count += mp[sum - (i + 1)]
        mp[sum - (i + 1)] += 1
    return count
📉 Completion Loss: 10.1288

🚨 High-loss Sample 20:
📌 Prompt:
Write a python function to find smallest number in a list.
📌 Completion:
def smallest_num(xs):
  return min(xs)
📉 Completion Loss: 1.6940

🚨 High-loss Sample 21:
📌 Prompt:
Write a function to find the maximum difference between available pairs in the given tuple list.
📌 Completion:
def max_difference(test_list):
  temp = [abs(b - a) for a, b in test_list]
  res = max(temp)
  return (res)
📉 Completion Loss: 3.5192

🚨 High-loss Sample 22:
📌 Prompt:
Write a function to sort a list of tuples using the second value of each tuple.
📌 Completion:
def subject_marks(subjectmarks):
#subject_marks = [('English', 88), ('Science', 90), ('Maths', 97), ('Social sciences', 82)])
 subjectmarks.sort(key = lambda x: x[1])
 return subjectmarks
📉 Completion Loss: 4.5084

🚨 High-loss Sample 23:
📌 Prompt:
Write a function to flatten a list and sum all of its elements.
📌 Completion:
def recursive_list_sum(data_list):
	total = 0
	for element in data_list:
		if type(element) == type([]):
			total = total + recursive_list_sum(element)
		else:
			total = total + element
	return total
📉 Completion Loss: 5.2457
[Check] Prompt len: 15, Full len: 64
[Check] Prompt len: 17, Full len: 181
[Check] Prompt len: 17, Full len: 96
[Check] Prompt len: 16, Full len: 193
[Check] Prompt len: 17, Full len: 109
[Check] Prompt len: 10, Full len: 238
[Check] Prompt len: 22, Full len: 60
[Check] Prompt len: 16, Full len: 256

🚨 High-loss Sample 24:
📌 Prompt:
Write a python function to count the number of positive numbers in a list.
📌 Completion:
def pos_count(list):
  pos_count= 0
  for num in list: 
    if num >= 0: 
      pos_count += 1
  return pos_count
📉 Completion Loss: 2.3996

🚨 High-loss Sample 25:
📌 Prompt:
Write a function to find the number of ways to partition a set of Bell numbers.
📌 Completion:
def bell_number(n):   
    bell = [[0 for i in range(n+1)] for j in range(n+1)] 
    bell[0][0] = 1
    for i in range(1, n+1): 
        bell[i][0] = bell[i-1][i-1]  
        for j in range(1, i+1): 
            bell[i][j] = bell[i-1][j-1] + bell[i][j-1]   
    return bell[n][0]
📉 Completion Loss: 7.1358

🚨 High-loss Sample 26:
📌 Prompt:
Write a python function to check whether the given array is monotonic or not.
📌 Completion:
def is_Monotonic(A): 
    return (all(A[i] <= A[i + 1] for i in range(len(A) - 1)) or
            all(A[i] >= A[i + 1] for i in range(len(A) - 1)))
📉 Completion Loss: 3.7266

🚨 High-loss Sample 27:
📌 Prompt:
Write a function to check whether a list contains the given sublist or not.
📌 Completion:
def is_sublist(l, s):
	sub_set = False
	if s == []:
		sub_set = True
	elif s == l:
		sub_set = True
	elif len(s) > len(l):
		sub_set = False
	else:
		for i in range(len(l)):
			if l[i] == s[0]:
				n = 1
				while (n < len(s)) and (l[i+n] == s[n]):
					n += 1				
				if n == len(s):
					sub_set = True
	return sub_set
📉 Completion Loss: 7.3723

🚨 High-loss Sample 28:
📌 Prompt:
Write a function to find whether all the given tuples have equal length or not.
📌 Completion:
def find_equal_tuple(Input):
  k = 0 if not Input else len(Input[0])
  flag = 1
  for tuple in Input:
    if len(tuple) != k:
      flag = 0
      break
  return flag
def get_equal(Input):
  return find_equal_tuple(Input) == 1
📉 Completion Loss: 4.0749

🚨 High-loss Sample 29:
📌 Prompt:
Write a function to sort a list of elements.
📌 Completion:
def comb_sort(nums):
    shrink_fact = 1.3
    gaps = len(nums)
    swapped = True
    i = 0
    while gaps > 1 or swapped:
        gaps = int(float(gaps) / shrink_fact)
        swapped = False
        i = 0
        while gaps + i < len(nums):
            if nums[i] > nums[i+gaps]:
                nums[i], nums[i+gaps] = nums[i+gaps], nums[i]
                swapped = True
            i += 1
    return nums
📉 Completion Loss: 9.7081

🚨 High-loss Sample 30:
📌 Prompt:
Write a python function to check whether the given number can be represented as the difference of two squares or not.
📌 Completion:
def dif_Square(n): 
    if (n % 4 != 2): 
        return True
    return False
📉 Completion Loss: 2.1175

🚨 High-loss Sample 31:
📌 Prompt:
Write a function to check whether it follows the sequence given in the patterns array.
📌 Completion:
def is_samepatterns(colors, patterns):    
    if len(colors) != len(patterns):
        return False    
    sdict = {}
    pset = set()
    sset = set()    
    for i in range(len(patterns)):
        pset.add(patterns[i])
        sset.add(colors[i])
        if patterns[i] not in sdict.keys():
            sdict[patterns[i]] = []

        keys = sdict[patterns[i]]
        keys.append(colors[i])
        sdict[patterns[i]] = keys

    if len(pset) != len(sset):
        return False   

    for values in sdict.values():

        for i in range(len(values) - 1):
            if values[i] != values[i+1]:
                return False

    return True
📉 Completion Loss: 10.4657
[Check] Prompt len: 23, Full len: 64
[Check] Prompt len: 15, Full len: 35
[Check] Prompt len: 17, Full len: 111
[Check] Prompt len: 13, Full len: 42
[Check] Prompt len: 11, Full len: 43
[Check] Prompt len: 26, Full len: 156
[Check] Prompt len: 17, Full len: 68
[Check] Prompt len: 12, Full len: 43

🚨 High-loss Sample 32:
📌 Prompt:
Write a function to find tuples which have all elements divisible by k from the given list of tuples.
📌 Completion:
def find_tuples(test_list, K):
  res = [sub for sub in test_list if all(ele % K == 0 for ele in sub)]
  return res
📉 Completion Loss: 3.4927

🚨 High-loss Sample 33:
📌 Prompt:
Write a python function to find whether a number is divisible by 11.
📌 Completion:
def is_Diff(n): 
    return (n % 11 == 0)
📉 Completion Loss: 1.9435

🚨 High-loss Sample 34:
📌 Prompt:
Write a python function to check whether the length of the word is odd or not.
📌 Completion:
def word_len(s): 
    s = s.split(' ')   
    for word in s:    
        if len(word)%2!=0: 
            return True  
        else:
          return False
📉 Completion Loss: 7.0099

🚨 High-loss Sample 35:
📌 Prompt:
Write a function to find the nth tetrahedral number.
📌 Completion:
def tetrahedral_number(n): 
	return (n * (n + 1) * (n + 2)) / 6
📉 Completion Loss: 2.4498

🚨 High-loss Sample 36:
📌 Prompt:
Write a function to find the volume of a sphere.
📌 Completion:
import math
def volume_sphere(r):
  volume=(4/3)*math.pi*r*r*r
  return volume
📉 Completion Loss: 2.5439

🚨 High-loss Sample 37:
📌 Prompt:
Write a python function to find the character made by adding the ASCII value of all the characters of the given string modulo 26.
📌 Completion:
def get_Char(strr):  
    summ = 0
    for i in range(len(strr)): 
        summ += (ord(strr[i]) - ord('a') + 1)  
    if (summ % 26 == 0): 
        return ord('z') 
    else: 
        summ = summ % 26
        return chr(ord('a') + summ - 1)
📉 Completion Loss: 10.1787

🚨 High-loss Sample 38:
📌 Prompt:
Write a function to find the nth number in the newman conway sequence.
📌 Completion:
def sequence(n): 
	if n == 1 or n == 2: 
		return 1
	else: 
		return sequence(sequence(n-1)) + sequence(n-sequence(n-1))
📉 Completion Loss: 3.8664

🚨 High-loss Sample 39:
📌 Prompt:
Write a function to find the surface area of a sphere.
📌 Completion:
import math
def surfacearea_sphere(r):
  surfacearea=4*math.pi*r*r
  return surfacearea
📉 Completion Loss: 2.4902
[Check] Prompt len: 12, Full len: 36
[Check] Prompt len: 13, Full len: 70
[Check] Prompt len: 20, Full len: 53
[Check] Prompt len: 12, Full len: 27
[Check] Prompt len: 13, Full len: 84
[Check] Prompt len: 22, Full len: 66
[Check] Prompt len: 15, Full len: 92
[Check] Prompt len: 17, Full len: 80

🚨 High-loss Sample 40:
📌 Prompt:
Write a function to find nth centered hexagonal number.
📌 Completion:
def centered_hexagonal_number(n):
  return 3 * n * (n - 1) + 1
📉 Completion Loss: 3.3377

🚨 High-loss Sample 41:
📌 Prompt:
Write a function to merge three dictionaries into a single dictionary.
📌 Completion:
import collections as ct
def merge_dictionaries_three(dict1,dict2, dict3):
    merged_dict = dict(ct.ChainMap({},dict1,dict2,dict3))
    return merged_dict
📉 Completion Loss: 7.3764

🚨 High-loss Sample 42:
📌 Prompt:
Write a function to get the frequency of all the elements in a list, returned as a dictionary.
📌 Completion:
import collections
def freq_count(list1):
  freq_count= collections.Counter(list1)
  return freq_count
📉 Completion Loss: 4.8334

🚨 High-loss Sample 43:
📌 Prompt:
Write a function to find the closest smaller number than n.
📌 Completion:
def closest_num(N):
  return (N - 1)
📉 Completion Loss: 2.3812

🚨 High-loss Sample 44:
📌 Prompt:
Write a python function to find the length of the longest word.
📌 Completion:
def len_log(list1):
    max=len(list1[0])
    for i in list1:
        if len(i)>max:
            max=len(i)
    return max
📉 Completion Loss: 9.0760

🚨 High-loss Sample 45:
📌 Prompt:
Write a function to check if a string is present as a substring in a given list of string values.
📌 Completion:
def find_substring(str1, sub_str):
   if any(sub_str in s for s in str1):
       return True
   return False
📉 Completion Loss: 6.5330

🚨 High-loss Sample 46:
📌 Prompt:
Write a function to check whether the given number is undulating or not.
📌 Completion:
def is_undulating(n): 
	n = str(n)
	if (len(n) <= 2): 
		return False
	for i in range(2, len(n)): 
		if (n[i - 2] != n[i]): 
			return False
	return True
📉 Completion Loss: 9.7693

🚨 High-loss Sample 47:
📌 Prompt:
Write a function to calculate the value of 'a' to the power 'b'.
📌 Completion:
def power(a,b):
	if b==0:
		return 1
	elif a==0:
		return 0
	elif b==1:
		return a
	else:
		return a*power(a,b-1)
📉 Completion Loss: 8.0170
[Check] Prompt len: 24, Full len: 68
[Check] Prompt len: 18, Full len: 56

🚨 High-loss Sample 48:
📌 Prompt:
Given a list of tuples, write a function that returns the first value of the tuple with the smallest second value.
📌 Completion:
from operator import itemgetter 
def index_minimum(test_list):
  res = min(test_list, key = itemgetter(1))[0]
  return (res)
📉 Completion Loss: 10.2332

🚨 High-loss Sample 49:
📌 Prompt:
Write a python function to find the length of the smallest list in a list of lists.
📌 Completion:
def Find_Min_Length(lst):  
    minLength = min(len(x) for x in lst )
    return minLength
📉 Completion Loss: 7.9417
✅ Evaluation Complete. Final Avg Loss = 5.0165, Perplexity = 150.88
[Step 1500] PPL(A2C) = 150.88 | AvgR = 0.2509
[Check] Prompt len: 14, Full len: 61
[Check] Prompt len: 11, Full len: 89
[Check] Prompt len: 21, Full len: 65
[Check] Prompt len: 19, Full len: 83
[Check] Prompt len: 18, Full len: 53
[Check] Prompt len: 13, Full len: 48
[Check] Prompt len: 25, Full len: 127
[Check] Prompt len: 18, Full len: 189

🚨 High-loss Sample 0:
📌 Prompt:
Write a function to find the shared elements from the given two lists.
📌 Completion:
def similar_elements(test_tup1, test_tup2):
  res = tuple(set(test_tup1) & set(test_tup2))
  return (res)
📉 Completion Loss: 3.0469

🚨 High-loss Sample 1:
📌 Prompt:
Write a python function to identify non-prime numbers.
📌 Completion:
import math
def is_not_prime(n):
    result = False
    for i in range(2,int(math.sqrt(n)) + 1):
        if n % i == 0:
            result = True
    return result
📉 Completion Loss: 4.6130

🚨 High-loss Sample 2:
📌 Prompt:
Write a function to find the n largest integers from a given list of numbers, returned in descending order.
📌 Completion:
import heapq as hq
def heap_queue_largest(nums,n):
  largest_nums = hq.nlargest(n, nums)
  return largest_nums
📉 Completion Loss: 2.8998

🚨 High-loss Sample 3:
📌 Prompt:
Write a python function to check whether the two numbers differ at one bit position only or not.
📌 Completion:
def is_Power_Of_Two (x): 
    return x and (not(x & (x - 1))) 
def differ_At_One_Bit_Pos(a,b): 
    return is_Power_Of_Two(a ^ b)
📉 Completion Loss: 4.0705

🚨 High-loss Sample 4:
📌 Prompt:
Write a function to find all words which are at least 4 characters long in a string.
📌 Completion:
import re
def find_char_long(text):
  return (re.findall(r"\b\w{4,}\b", text))
📉 Completion Loss: 2.4015

🚨 High-loss Sample 5:
📌 Prompt:
Write a function to find squares of individual elements in a list.
📌 Completion:
def square_nums(nums):
 square_nums = list(map(lambda x: x ** 2, nums))
 return square_nums
📉 Completion Loss: 2.3388

🚨 High-loss Sample 6:
📌 Prompt:
Write a python function to find the minimum number of rotations (greater than 0) required to get the same string.
📌 Completion:
def find_Rotations(str): 
    tmp = str + str
    n = len(str) 
    for i in range(1,n + 1): 
        substring = tmp[i: i+n] 
        if (str == substring): 
            return i 
    return n
📉 Completion Loss: 6.4914

🚨 High-loss Sample 7:
📌 Prompt:
Write a python function to remove first and last occurrence of a given character from the string.
📌 Completion:
def remove_Occ(s,ch): 
    for i in range(len(s)): 
        if (s[i] == ch): 
            s = s[0 : i] + s[i + 1:] 
            break
    for i in range(len(s) - 1,-1,-1):  
        if (s[i] == ch): 
            s = s[0 : i] + s[i + 1:] 
            break
    return s
📉 Completion Loss: 10.2965
[Check] Prompt len: 19, Full len: 47
[Check] Prompt len: 13, Full len: 41
[Check] Prompt len: 25, Full len: 129
[Check] Prompt len: 17, Full len: 36
[Check] Prompt len: 18, Full len: 256
[Check] Prompt len: 16, Full len: 65
[Check] Prompt len: 15, Full len: 114
[Check] Prompt len: 18, Full len: 124

🚨 High-loss Sample 8:
📌 Prompt:
Write a function to sort a given matrix in ascending order according to the sum of its rows.
📌 Completion:
def sort_matrix(M):
    result = sorted(M, key=sum)
    return result
📉 Completion Loss: 1.6393

🚨 High-loss Sample 9:
📌 Prompt:
Write a python function to find the volume of a triangular prism.
📌 Completion:
def find_Volume(l,b,h) : 
    return ((l * b * h) / 2)
📉 Completion Loss: 1.6811

🚨 High-loss Sample 10:
📌 Prompt:
Write a function to that returns true if the input string contains sequences of lowercase letters joined with an underscore and false otherwise.
📌 Completion:
import re
def text_lowercase_underscore(text):
        patterns = '^[a-z]+_[a-z]+$'
        if re.search(patterns,  text):
                return True
        else:
                return False
📉 Completion Loss: 4.7639

🚨 High-loss Sample 11:
📌 Prompt:
Write a function that returns the perimeter of a square given its side length as input.
📌 Completion:
def square_perimeter(a):
  perimeter=4*a
  return perimeter
📉 Completion Loss: 1.4020

🚨 High-loss Sample 12:
📌 Prompt:
Write a function to remove characters from the first string which are present in the second string.
📌 Completion:
NO_OF_CHARS = 256
def str_to_list(string): 
	temp = [] 
	for x in string: 
		temp.append(x) 
	return temp 
def lst_to_string(List): 
	return ''.join(List) 
def get_char_count_array(string): 
	count = [0] * NO_OF_CHARS 
	for i in string: 
		count[ord(i)] += 1
	return count 
def remove_dirty_chars(string, second_string): 
	count = get_char_count_array(second_string) 
	ip_ind = 0
	res_ind = 0
	temp = '' 
	str_list = str_to_list(string) 
	while ip_ind != len(str_list): 
		temp = str_list[ip_ind] 
		if count[ord(temp)] == 0: 
			str_list[res_ind] = str_list[ip_ind] 
			res_ind += 1
		ip_ind+=1
	return lst_to_string(str_list[0:res_ind])
📉 Completion Loss: 9.9165

🚨 High-loss Sample 13:
📌 Prompt:
Write a function to find whether a given array of integers contains any duplicate element.
📌 Completion:
def test_duplicate(arraynums):
    nums_set = set(arraynums)    
    return len(arraynums) != len(nums_set)
📉 Completion Loss: 2.4102

🚨 High-loss Sample 14:
📌 Prompt:
Write a function to check if the given number is woodball or not.
📌 Completion:
def is_woodall(x): 
	if (x % 2 == 0): 
		return False
	if (x == 1): 
		return True
	x = x + 1 
	p = 0
	while (x % 2 == 0): 
		x = x/2
		p = p + 1
		if (p == x): 
			return True
	return False
📉 Completion Loss: 4.1500

🚨 High-loss Sample 15:
📌 Prompt:
Write a python function to check if a given number is one less than twice its reverse.
📌 Completion:
def rev(num):    
    rev_num = 0
    while (num > 0):  
        rev_num = (rev_num * 10 + num % 10) 
        num = num // 10  
    return rev_num  
def check(n):    
    return (2 * rev(n) == n + 1)
📉 Completion Loss: 4.7491
[Check] Prompt len: 20, Full len: 105
[Check] Prompt len: 17, Full len: 41
[Check] Prompt len: 12, Full len: 33
[Check] Prompt len: 21, Full len: 155
[Check] Prompt len: 12, Full len: 26
[Check] Prompt len: 17, Full len: 61
[Check] Prompt len: 18, Full len: 75
[Check] Prompt len: 15, Full len: 87

🚨 High-loss Sample 16:
📌 Prompt:
Write a python function to find the largest number that can be formed with the given list of digits.
📌 Completion:
def find_Max_Num(arr) : 
    n = len(arr)
    arr.sort(reverse = True) 
    num = arr[0] 
    for i in range(1,n) : 
        num = num * 10 + arr[i] 
    return num
📉 Completion Loss: 6.4813

🚨 High-loss Sample 17:
📌 Prompt:
Write a python function to check whether the given two integers have opposite sign or not.
📌 Completion:
def opposite_Signs(x,y): 
    return ((x ^ y) < 0);
📉 Completion Loss: 2.1392

🚨 High-loss Sample 18:
📌 Prompt:
Write a function to find the nth octagonal number.
📌 Completion:
def is_octagonal(n): 
	return 3 * n * n - 2 * n
📉 Completion Loss: 1.9293

🚨 High-loss Sample 19:
📌 Prompt:
Write a python function to count the number of substrings with the sum of digits equal to their length.
📌 Completion:
from collections import defaultdict
def count_Substrings(s):
    n = len(s)
    count,sum = 0,0
    mp = defaultdict(lambda : 0)
    mp[0] += 1
    for i in range(n):
        sum += ord(s[i]) - ord('0')
        count += mp[sum - (i + 1)]
        mp[sum - (i + 1)] += 1
    return count
📉 Completion Loss: 10.1065

🚨 High-loss Sample 20:
📌 Prompt:
Write a python function to find smallest number in a list.
📌 Completion:
def smallest_num(xs):
  return min(xs)
📉 Completion Loss: 1.6774

🚨 High-loss Sample 21:
📌 Prompt:
Write a function to find the maximum difference between available pairs in the given tuple list.
📌 Completion:
def max_difference(test_list):
  temp = [abs(b - a) for a, b in test_list]
  res = max(temp)
  return (res)
📉 Completion Loss: 3.4560

🚨 High-loss Sample 22:
📌 Prompt:
Write a function to sort a list of tuples using the second value of each tuple.
📌 Completion:
def subject_marks(subjectmarks):
#subject_marks = [('English', 88), ('Science', 90), ('Maths', 97), ('Social sciences', 82)])
 subjectmarks.sort(key = lambda x: x[1])
 return subjectmarks
📉 Completion Loss: 4.4689

🚨 High-loss Sample 23:
📌 Prompt:
Write a function to flatten a list and sum all of its elements.
📌 Completion:
def recursive_list_sum(data_list):
	total = 0
	for element in data_list:
		if type(element) == type([]):
			total = total + recursive_list_sum(element)
		else:
			total = total + element
	return total
📉 Completion Loss: 5.2451
[Check] Prompt len: 15, Full len: 64
[Check] Prompt len: 17, Full len: 181
[Check] Prompt len: 17, Full len: 96
[Check] Prompt len: 16, Full len: 193
[Check] Prompt len: 17, Full len: 109
[Check] Prompt len: 10, Full len: 238
[Check] Prompt len: 22, Full len: 60
[Check] Prompt len: 16, Full len: 256

🚨 High-loss Sample 24:
📌 Prompt:
Write a python function to count the number of positive numbers in a list.
📌 Completion:
def pos_count(list):
  pos_count= 0
  for num in list: 
    if num >= 0: 
      pos_count += 1
  return pos_count
📉 Completion Loss: 2.3570

🚨 High-loss Sample 25:
📌 Prompt:
Write a function to find the number of ways to partition a set of Bell numbers.
📌 Completion:
def bell_number(n):   
    bell = [[0 for i in range(n+1)] for j in range(n+1)] 
    bell[0][0] = 1
    for i in range(1, n+1): 
        bell[i][0] = bell[i-1][i-1]  
        for j in range(1, i+1): 
            bell[i][j] = bell[i-1][j-1] + bell[i][j-1]   
    return bell[n][0]
📉 Completion Loss: 7.1277

🚨 High-loss Sample 26:
📌 Prompt:
Write a python function to check whether the given array is monotonic or not.
📌 Completion:
def is_Monotonic(A): 
    return (all(A[i] <= A[i + 1] for i in range(len(A) - 1)) or
            all(A[i] >= A[i + 1] for i in range(len(A) - 1)))
📉 Completion Loss: 3.6653

🚨 High-loss Sample 27:
📌 Prompt:
Write a function to check whether a list contains the given sublist or not.
📌 Completion:
def is_sublist(l, s):
	sub_set = False
	if s == []:
		sub_set = True
	elif s == l:
		sub_set = True
	elif len(s) > len(l):
		sub_set = False
	else:
		for i in range(len(l)):
			if l[i] == s[0]:
				n = 1
				while (n < len(s)) and (l[i+n] == s[n]):
					n += 1				
				if n == len(s):
					sub_set = True
	return sub_set
📉 Completion Loss: 7.3254

🚨 High-loss Sample 28:
📌 Prompt:
Write a function to find whether all the given tuples have equal length or not.
📌 Completion:
def find_equal_tuple(Input):
  k = 0 if not Input else len(Input[0])
  flag = 1
  for tuple in Input:
    if len(tuple) != k:
      flag = 0
      break
  return flag
def get_equal(Input):
  return find_equal_tuple(Input) == 1
📉 Completion Loss: 4.0372

🚨 High-loss Sample 29:
📌 Prompt:
Write a function to sort a list of elements.
📌 Completion:
def comb_sort(nums):
    shrink_fact = 1.3
    gaps = len(nums)
    swapped = True
    i = 0
    while gaps > 1 or swapped:
        gaps = int(float(gaps) / shrink_fact)
        swapped = False
        i = 0
        while gaps + i < len(nums):
            if nums[i] > nums[i+gaps]:
                nums[i], nums[i+gaps] = nums[i+gaps], nums[i]
                swapped = True
            i += 1
    return nums
📉 Completion Loss: 9.6007

🚨 High-loss Sample 30:
📌 Prompt:
Write a python function to check whether the given number can be represented as the difference of two squares or not.
📌 Completion:
def dif_Square(n): 
    if (n % 4 != 2): 
        return True
    return False
📉 Completion Loss: 2.0322

🚨 High-loss Sample 31:
📌 Prompt:
Write a function to check whether it follows the sequence given in the patterns array.
📌 Completion:
def is_samepatterns(colors, patterns):    
    if len(colors) != len(patterns):
        return False    
    sdict = {}
    pset = set()
    sset = set()    
    for i in range(len(patterns)):
        pset.add(patterns[i])
        sset.add(colors[i])
        if patterns[i] not in sdict.keys():
            sdict[patterns[i]] = []

        keys = sdict[patterns[i]]
        keys.append(colors[i])
        sdict[patterns[i]] = keys

    if len(pset) != len(sset):
        return False   

    for values in sdict.values():

        for i in range(len(values) - 1):
            if values[i] != values[i+1]:
                return False

    return True
📉 Completion Loss: 10.3323
[Check] Prompt len: 23, Full len: 64
[Check] Prompt len: 15, Full len: 35
[Check] Prompt len: 17, Full len: 111
[Check] Prompt len: 13, Full len: 42
[Check] Prompt len: 11, Full len: 43
[Check] Prompt len: 26, Full len: 156
[Check] Prompt len: 17, Full len: 68
[Check] Prompt len: 12, Full len: 43

🚨 High-loss Sample 32:
📌 Prompt:
Write a function to find tuples which have all elements divisible by k from the given list of tuples.
📌 Completion:
def find_tuples(test_list, K):
  res = [sub for sub in test_list if all(ele % K == 0 for ele in sub)]
  return res
📉 Completion Loss: 3.4362

🚨 High-loss Sample 33:
📌 Prompt:
Write a python function to find whether a number is divisible by 11.
📌 Completion:
def is_Diff(n): 
    return (n % 11 == 0)
📉 Completion Loss: 1.8909

🚨 High-loss Sample 34:
📌 Prompt:
Write a python function to check whether the length of the word is odd or not.
📌 Completion:
def word_len(s): 
    s = s.split(' ')   
    for word in s:    
        if len(word)%2!=0: 
            return True  
        else:
          return False
📉 Completion Loss: 7.0110

🚨 High-loss Sample 35:
📌 Prompt:
Write a function to find the nth tetrahedral number.
📌 Completion:
def tetrahedral_number(n): 
	return (n * (n + 1) * (n + 2)) / 6
📉 Completion Loss: 2.3839

🚨 High-loss Sample 36:
📌 Prompt:
Write a function to find the volume of a sphere.
📌 Completion:
import math
def volume_sphere(r):
  volume=(4/3)*math.pi*r*r*r
  return volume
📉 Completion Loss: 2.4898

🚨 High-loss Sample 37:
📌 Prompt:
Write a python function to find the character made by adding the ASCII value of all the characters of the given string modulo 26.
📌 Completion:
def get_Char(strr):  
    summ = 0
    for i in range(len(strr)): 
        summ += (ord(strr[i]) - ord('a') + 1)  
    if (summ % 26 == 0): 
        return ord('z') 
    else: 
        summ = summ % 26
        return chr(ord('a') + summ - 1)
📉 Completion Loss: 10.2222

🚨 High-loss Sample 38:
📌 Prompt:
Write a function to find the nth number in the newman conway sequence.
📌 Completion:
def sequence(n): 
	if n == 1 or n == 2: 
		return 1
	else: 
		return sequence(sequence(n-1)) + sequence(n-sequence(n-1))
📉 Completion Loss: 3.8436

🚨 High-loss Sample 39:
📌 Prompt:
Write a function to find the surface area of a sphere.
📌 Completion:
import math
def surfacearea_sphere(r):
  surfacearea=4*math.pi*r*r
  return surfacearea
📉 Completion Loss: 2.4447
[Check] Prompt len: 12, Full len: 36
[Check] Prompt len: 13, Full len: 70
[Check] Prompt len: 20, Full len: 53
[Check] Prompt len: 12, Full len: 27
[Check] Prompt len: 13, Full len: 84
[Check] Prompt len: 22, Full len: 66
[Check] Prompt len: 15, Full len: 92
[Check] Prompt len: 17, Full len: 80

🚨 High-loss Sample 40:
📌 Prompt:
Write a function to find nth centered hexagonal number.
📌 Completion:
def centered_hexagonal_number(n):
  return 3 * n * (n - 1) + 1
📉 Completion Loss: 3.3010

🚨 High-loss Sample 41:
📌 Prompt:
Write a function to merge three dictionaries into a single dictionary.
📌 Completion:
import collections as ct
def merge_dictionaries_three(dict1,dict2, dict3):
    merged_dict = dict(ct.ChainMap({},dict1,dict2,dict3))
    return merged_dict
📉 Completion Loss: 7.3694

🚨 High-loss Sample 42:
📌 Prompt:
Write a function to get the frequency of all the elements in a list, returned as a dictionary.
📌 Completion:
import collections
def freq_count(list1):
  freq_count= collections.Counter(list1)
  return freq_count
📉 Completion Loss: 4.8075

🚨 High-loss Sample 43:
📌 Prompt:
Write a function to find the closest smaller number than n.
📌 Completion:
def closest_num(N):
  return (N - 1)
📉 Completion Loss: 2.3171

🚨 High-loss Sample 44:
📌 Prompt:
Write a python function to find the length of the longest word.
📌 Completion:
def len_log(list1):
    max=len(list1[0])
    for i in list1:
        if len(i)>max:
            max=len(i)
    return max
📉 Completion Loss: 9.1221

🚨 High-loss Sample 45:
📌 Prompt:
Write a function to check if a string is present as a substring in a given list of string values.
📌 Completion:
def find_substring(str1, sub_str):
   if any(sub_str in s for s in str1):
       return True
   return False
📉 Completion Loss: 6.5123

🚨 High-loss Sample 46:
📌 Prompt:
Write a function to check whether the given number is undulating or not.
📌 Completion:
def is_undulating(n): 
	n = str(n)
	if (len(n) <= 2): 
		return False
	for i in range(2, len(n)): 
		if (n[i - 2] != n[i]): 
			return False
	return True
📉 Completion Loss: 9.8276

🚨 High-loss Sample 47:
📌 Prompt:
Write a function to calculate the value of 'a' to the power 'b'.
📌 Completion:
def power(a,b):
	if b==0:
		return 1
	elif a==0:
		return 0
	elif b==1:
		return a
	else:
		return a*power(a,b-1)
📉 Completion Loss: 8.0789
[Check] Prompt len: 24, Full len: 68
[Check] Prompt len: 18, Full len: 56

🚨 High-loss Sample 48:
📌 Prompt:
Given a list of tuples, write a function that returns the first value of the tuple with the smallest second value.
📌 Completion:
from operator import itemgetter 
def index_minimum(test_list):
  res = min(test_list, key = itemgetter(1))[0]
  return (res)
📉 Completion Loss: 10.2196

🚨 High-loss Sample 49:
📌 Prompt:
Write a python function to find the length of the smallest list in a list of lists.
📌 Completion:
def Find_Min_Length(lst):  
    minLength = min(len(x) for x in lst )
    return minLength
📉 Completion Loss: 7.9253
✅ Evaluation Complete. Final Avg Loss = 4.9602, Perplexity = 142.62
[Step 1550] PPL(A2C) = 142.62 | AvgR = 0.3183
[Check] Prompt len: 14, Full len: 61
[Check] Prompt len: 11, Full len: 89
[Check] Prompt len: 21, Full len: 65
[Check] Prompt len: 19, Full len: 83
[Check] Prompt len: 18, Full len: 53
[Check] Prompt len: 13, Full len: 48
[Check] Prompt len: 25, Full len: 127
[Check] Prompt len: 18, Full len: 189

🚨 High-loss Sample 0:
📌 Prompt:
Write a function to find the shared elements from the given two lists.
📌 Completion:
def similar_elements(test_tup1, test_tup2):
  res = tuple(set(test_tup1) & set(test_tup2))
  return (res)
📉 Completion Loss: 3.0332

🚨 High-loss Sample 1:
📌 Prompt:
Write a python function to identify non-prime numbers.
📌 Completion:
import math
def is_not_prime(n):
    result = False
    for i in range(2,int(math.sqrt(n)) + 1):
        if n % i == 0:
            result = True
    return result
📉 Completion Loss: 4.5919

🚨 High-loss Sample 2:
📌 Prompt:
Write a function to find the n largest integers from a given list of numbers, returned in descending order.
📌 Completion:
import heapq as hq
def heap_queue_largest(nums,n):
  largest_nums = hq.nlargest(n, nums)
  return largest_nums
📉 Completion Loss: 2.8874

🚨 High-loss Sample 3:
📌 Prompt:
Write a python function to check whether the two numbers differ at one bit position only or not.
📌 Completion:
def is_Power_Of_Two (x): 
    return x and (not(x & (x - 1))) 
def differ_At_One_Bit_Pos(a,b): 
    return is_Power_Of_Two(a ^ b)
📉 Completion Loss: 4.0637

🚨 High-loss Sample 4:
📌 Prompt:
Write a function to find all words which are at least 4 characters long in a string.
📌 Completion:
import re
def find_char_long(text):
  return (re.findall(r"\b\w{4,}\b", text))
📉 Completion Loss: 2.3773

🚨 High-loss Sample 5:
📌 Prompt:
Write a function to find squares of individual elements in a list.
📌 Completion:
def square_nums(nums):
 square_nums = list(map(lambda x: x ** 2, nums))
 return square_nums
📉 Completion Loss: 2.3016

🚨 High-loss Sample 6:
📌 Prompt:
Write a python function to find the minimum number of rotations (greater than 0) required to get the same string.
📌 Completion:
def find_Rotations(str): 
    tmp = str + str
    n = len(str) 
    for i in range(1,n + 1): 
        substring = tmp[i: i+n] 
        if (str == substring): 
            return i 
    return n
📉 Completion Loss: 6.4460

🚨 High-loss Sample 7:
📌 Prompt:
Write a python function to remove first and last occurrence of a given character from the string.
📌 Completion:
def remove_Occ(s,ch): 
    for i in range(len(s)): 
        if (s[i] == ch): 
            s = s[0 : i] + s[i + 1:] 
            break
    for i in range(len(s) - 1,-1,-1):  
        if (s[i] == ch): 
            s = s[0 : i] + s[i + 1:] 
            break
    return s
📉 Completion Loss: 10.2532
[Check] Prompt len: 19, Full len: 47
[Check] Prompt len: 13, Full len: 41
[Check] Prompt len: 25, Full len: 129
[Check] Prompt len: 17, Full len: 36
[Check] Prompt len: 18, Full len: 256
[Check] Prompt len: 16, Full len: 65
[Check] Prompt len: 15, Full len: 114
[Check] Prompt len: 18, Full len: 124

🚨 High-loss Sample 8:
📌 Prompt:
Write a function to sort a given matrix in ascending order according to the sum of its rows.
📌 Completion:
def sort_matrix(M):
    result = sorted(M, key=sum)
    return result
📉 Completion Loss: 1.6004

🚨 High-loss Sample 9:
📌 Prompt:
Write a python function to find the volume of a triangular prism.
📌 Completion:
def find_Volume(l,b,h) : 
    return ((l * b * h) / 2)
📉 Completion Loss: 1.6321

🚨 High-loss Sample 10:
📌 Prompt:
Write a function to that returns true if the input string contains sequences of lowercase letters joined with an underscore and false otherwise.
📌 Completion:
import re
def text_lowercase_underscore(text):
        patterns = '^[a-z]+_[a-z]+$'
        if re.search(patterns,  text):
                return True
        else:
                return False
📉 Completion Loss: 4.7407

🚨 High-loss Sample 11:
📌 Prompt:
Write a function that returns the perimeter of a square given its side length as input.
📌 Completion:
def square_perimeter(a):
  perimeter=4*a
  return perimeter
📉 Completion Loss: 1.3268

🚨 High-loss Sample 12:
📌 Prompt:
Write a function to remove characters from the first string which are present in the second string.
📌 Completion:
NO_OF_CHARS = 256
def str_to_list(string): 
	temp = [] 
	for x in string: 
		temp.append(x) 
	return temp 
def lst_to_string(List): 
	return ''.join(List) 
def get_char_count_array(string): 
	count = [0] * NO_OF_CHARS 
	for i in string: 
		count[ord(i)] += 1
	return count 
def remove_dirty_chars(string, second_string): 
	count = get_char_count_array(second_string) 
	ip_ind = 0
	res_ind = 0
	temp = '' 
	str_list = str_to_list(string) 
	while ip_ind != len(str_list): 
		temp = str_list[ip_ind] 
		if count[ord(temp)] == 0: 
			str_list[res_ind] = str_list[ip_ind] 
			res_ind += 1
		ip_ind+=1
	return lst_to_string(str_list[0:res_ind])
📉 Completion Loss: 9.9148

🚨 High-loss Sample 13:
📌 Prompt:
Write a function to find whether a given array of integers contains any duplicate element.
📌 Completion:
def test_duplicate(arraynums):
    nums_set = set(arraynums)    
    return len(arraynums) != len(nums_set)
📉 Completion Loss: 2.3898

🚨 High-loss Sample 14:
📌 Prompt:
Write a function to check if the given number is woodball or not.
📌 Completion:
def is_woodall(x): 
	if (x % 2 == 0): 
		return False
	if (x == 1): 
		return True
	x = x + 1 
	p = 0
	while (x % 2 == 0): 
		x = x/2
		p = p + 1
		if (p == x): 
			return True
	return False
📉 Completion Loss: 4.1449

🚨 High-loss Sample 15:
📌 Prompt:
Write a python function to check if a given number is one less than twice its reverse.
📌 Completion:
def rev(num):    
    rev_num = 0
    while (num > 0):  
        rev_num = (rev_num * 10 + num % 10) 
        num = num // 10  
    return rev_num  
def check(n):    
    return (2 * rev(n) == n + 1)
📉 Completion Loss: 4.7067
[Check] Prompt len: 20, Full len: 105
[Check] Prompt len: 17, Full len: 41
[Check] Prompt len: 12, Full len: 33
[Check] Prompt len: 21, Full len: 155
[Check] Prompt len: 12, Full len: 26
[Check] Prompt len: 17, Full len: 61
[Check] Prompt len: 18, Full len: 75
[Check] Prompt len: 15, Full len: 87

🚨 High-loss Sample 16:
📌 Prompt:
Write a python function to find the largest number that can be formed with the given list of digits.
📌 Completion:
def find_Max_Num(arr) : 
    n = len(arr)
    arr.sort(reverse = True) 
    num = arr[0] 
    for i in range(1,n) : 
        num = num * 10 + arr[i] 
    return num
📉 Completion Loss: 6.4693

🚨 High-loss Sample 17:
📌 Prompt:
Write a python function to check whether the given two integers have opposite sign or not.
📌 Completion:
def opposite_Signs(x,y): 
    return ((x ^ y) < 0);
📉 Completion Loss: 2.1140

🚨 High-loss Sample 18:
📌 Prompt:
Write a function to find the nth octagonal number.
📌 Completion:
def is_octagonal(n): 
	return 3 * n * n - 2 * n
📉 Completion Loss: 1.8789

🚨 High-loss Sample 19:
📌 Prompt:
Write a python function to count the number of substrings with the sum of digits equal to their length.
📌 Completion:
from collections import defaultdict
def count_Substrings(s):
    n = len(s)
    count,sum = 0,0
    mp = defaultdict(lambda : 0)
    mp[0] += 1
    for i in range(n):
        sum += ord(s[i]) - ord('0')
        count += mp[sum - (i + 1)]
        mp[sum - (i + 1)] += 1
    return count
📉 Completion Loss: 10.0657

🚨 High-loss Sample 20:
📌 Prompt:
Write a python function to find smallest number in a list.
📌 Completion:
def smallest_num(xs):
  return min(xs)
📉 Completion Loss: 1.5747

🚨 High-loss Sample 21:
📌 Prompt:
Write a function to find the maximum difference between available pairs in the given tuple list.
📌 Completion:
def max_difference(test_list):
  temp = [abs(b - a) for a, b in test_list]
  res = max(temp)
  return (res)
📉 Completion Loss: 3.4489

🚨 High-loss Sample 22:
📌 Prompt:
Write a function to sort a list of tuples using the second value of each tuple.
📌 Completion:
def subject_marks(subjectmarks):
#subject_marks = [('English', 88), ('Science', 90), ('Maths', 97), ('Social sciences', 82)])
 subjectmarks.sort(key = lambda x: x[1])
 return subjectmarks
📉 Completion Loss: 4.4677

🚨 High-loss Sample 23:
📌 Prompt:
Write a function to flatten a list and sum all of its elements.
📌 Completion:
def recursive_list_sum(data_list):
	total = 0
	for element in data_list:
		if type(element) == type([]):
			total = total + recursive_list_sum(element)
		else:
			total = total + element
	return total
📉 Completion Loss: 5.2440
[Check] Prompt len: 15, Full len: 64
[Check] Prompt len: 17, Full len: 181
[Check] Prompt len: 17, Full len: 96
[Check] Prompt len: 16, Full len: 193
[Check] Prompt len: 17, Full len: 109
[Check] Prompt len: 10, Full len: 238
[Check] Prompt len: 22, Full len: 60
[Check] Prompt len: 16, Full len: 256

🚨 High-loss Sample 24:
📌 Prompt:
Write a python function to count the number of positive numbers in a list.
📌 Completion:
def pos_count(list):
  pos_count= 0
  for num in list: 
    if num >= 0: 
      pos_count += 1
  return pos_count
📉 Completion Loss: 2.3296

🚨 High-loss Sample 25:
📌 Prompt:
Write a function to find the number of ways to partition a set of Bell numbers.
📌 Completion:
def bell_number(n):   
    bell = [[0 for i in range(n+1)] for j in range(n+1)] 
    bell[0][0] = 1
    for i in range(1, n+1): 
        bell[i][0] = bell[i-1][i-1]  
        for j in range(1, i+1): 
            bell[i][j] = bell[i-1][j-1] + bell[i][j-1]   
    return bell[n][0]
📉 Completion Loss: 7.1217

🚨 High-loss Sample 26:
📌 Prompt:
Write a python function to check whether the given array is monotonic or not.
📌 Completion:
def is_Monotonic(A): 
    return (all(A[i] <= A[i + 1] for i in range(len(A) - 1)) or
            all(A[i] >= A[i + 1] for i in range(len(A) - 1)))
📉 Completion Loss: 3.6452

🚨 High-loss Sample 27:
📌 Prompt:
Write a function to check whether a list contains the given sublist or not.
📌 Completion:
def is_sublist(l, s):
	sub_set = False
	if s == []:
		sub_set = True
	elif s == l:
		sub_set = True
	elif len(s) > len(l):
		sub_set = False
	else:
		for i in range(len(l)):
			if l[i] == s[0]:
				n = 1
				while (n < len(s)) and (l[i+n] == s[n]):
					n += 1				
				if n == len(s):
					sub_set = True
	return sub_set
📉 Completion Loss: 7.3070

🚨 High-loss Sample 28:
📌 Prompt:
Write a function to find whether all the given tuples have equal length or not.
📌 Completion:
def find_equal_tuple(Input):
  k = 0 if not Input else len(Input[0])
  flag = 1
  for tuple in Input:
    if len(tuple) != k:
      flag = 0
      break
  return flag
def get_equal(Input):
  return find_equal_tuple(Input) == 1
📉 Completion Loss: 4.0263

🚨 High-loss Sample 29:
📌 Prompt:
Write a function to sort a list of elements.
📌 Completion:
def comb_sort(nums):
    shrink_fact = 1.3
    gaps = len(nums)
    swapped = True
    i = 0
    while gaps > 1 or swapped:
        gaps = int(float(gaps) / shrink_fact)
        swapped = False
        i = 0
        while gaps + i < len(nums):
            if nums[i] > nums[i+gaps]:
                nums[i], nums[i+gaps] = nums[i+gaps], nums[i]
                swapped = True
            i += 1
    return nums
📉 Completion Loss: 9.6200

🚨 High-loss Sample 30:
📌 Prompt:
Write a python function to check whether the given number can be represented as the difference of two squares or not.
📌 Completion:
def dif_Square(n): 
    if (n % 4 != 2): 
        return True
    return False
📉 Completion Loss: 2.0178

🚨 High-loss Sample 31:
📌 Prompt:
Write a function to check whether it follows the sequence given in the patterns array.
📌 Completion:
def is_samepatterns(colors, patterns):    
    if len(colors) != len(patterns):
        return False    
    sdict = {}
    pset = set()
    sset = set()    
    for i in range(len(patterns)):
        pset.add(patterns[i])
        sset.add(colors[i])
        if patterns[i] not in sdict.keys():
            sdict[patterns[i]] = []

        keys = sdict[patterns[i]]
        keys.append(colors[i])
        sdict[patterns[i]] = keys

    if len(pset) != len(sset):
        return False   

    for values in sdict.values():

        for i in range(len(values) - 1):
            if values[i] != values[i+1]:
                return False

    return True
📉 Completion Loss: 10.3171
[Check] Prompt len: 23, Full len: 64
[Check] Prompt len: 15, Full len: 35
[Check] Prompt len: 17, Full len: 111
[Check] Prompt len: 13, Full len: 42
[Check] Prompt len: 11, Full len: 43
[Check] Prompt len: 26, Full len: 156
[Check] Prompt len: 17, Full len: 68
[Check] Prompt len: 12, Full len: 43

🚨 High-loss Sample 32:
📌 Prompt:
Write a function to find tuples which have all elements divisible by k from the given list of tuples.
📌 Completion:
def find_tuples(test_list, K):
  res = [sub for sub in test_list if all(ele % K == 0 for ele in sub)]
  return res
📉 Completion Loss: 3.4234

🚨 High-loss Sample 33:
📌 Prompt:
Write a python function to find whether a number is divisible by 11.
📌 Completion:
def is_Diff(n): 
    return (n % 11 == 0)
📉 Completion Loss: 1.8424

🚨 High-loss Sample 34:
📌 Prompt:
Write a python function to check whether the length of the word is odd or not.
📌 Completion:
def word_len(s): 
    s = s.split(' ')   
    for word in s:    
        if len(word)%2!=0: 
            return True  
        else:
          return False
📉 Completion Loss: 6.9999

🚨 High-loss Sample 35:
📌 Prompt:
Write a function to find the nth tetrahedral number.
📌 Completion:
def tetrahedral_number(n): 
	return (n * (n + 1) * (n + 2)) / 6
📉 Completion Loss: 2.3562

🚨 High-loss Sample 36:
📌 Prompt:
Write a function to find the volume of a sphere.
📌 Completion:
import math
def volume_sphere(r):
  volume=(4/3)*math.pi*r*r*r
  return volume
📉 Completion Loss: 2.4565

🚨 High-loss Sample 37:
📌 Prompt:
Write a python function to find the character made by adding the ASCII value of all the characters of the given string modulo 26.
📌 Completion:
def get_Char(strr):  
    summ = 0
    for i in range(len(strr)): 
        summ += (ord(strr[i]) - ord('a') + 1)  
    if (summ % 26 == 0): 
        return ord('z') 
    else: 
        summ = summ % 26
        return chr(ord('a') + summ - 1)
📉 Completion Loss: 10.1914

🚨 High-loss Sample 38:
📌 Prompt:
Write a function to find the nth number in the newman conway sequence.
📌 Completion:
def sequence(n): 
	if n == 1 or n == 2: 
		return 1
	else: 
		return sequence(sequence(n-1)) + sequence(n-sequence(n-1))
📉 Completion Loss: 3.8370

🚨 High-loss Sample 39:
📌 Prompt:
Write a function to find the surface area of a sphere.
📌 Completion:
import math
def surfacearea_sphere(r):
  surfacearea=4*math.pi*r*r
  return surfacearea
📉 Completion Loss: 2.4166
[Check] Prompt len: 12, Full len: 36
[Check] Prompt len: 13, Full len: 70
[Check] Prompt len: 20, Full len: 53
[Check] Prompt len: 12, Full len: 27
[Check] Prompt len: 13, Full len: 84
[Check] Prompt len: 22, Full len: 66
[Check] Prompt len: 15, Full len: 92
[Check] Prompt len: 17, Full len: 80

🚨 High-loss Sample 40:
📌 Prompt:
Write a function to find nth centered hexagonal number.
📌 Completion:
def centered_hexagonal_number(n):
  return 3 * n * (n - 1) + 1
📉 Completion Loss: 3.2589

🚨 High-loss Sample 41:
📌 Prompt:
Write a function to merge three dictionaries into a single dictionary.
📌 Completion:
import collections as ct
def merge_dictionaries_three(dict1,dict2, dict3):
    merged_dict = dict(ct.ChainMap({},dict1,dict2,dict3))
    return merged_dict
📉 Completion Loss: 7.3455

🚨 High-loss Sample 42:
📌 Prompt:
Write a function to get the frequency of all the elements in a list, returned as a dictionary.
📌 Completion:
import collections
def freq_count(list1):
  freq_count= collections.Counter(list1)
  return freq_count
📉 Completion Loss: 4.8237

🚨 High-loss Sample 43:
📌 Prompt:
Write a function to find the closest smaller number than n.
📌 Completion:
def closest_num(N):
  return (N - 1)
📉 Completion Loss: 2.2724

🚨 High-loss Sample 44:
📌 Prompt:
Write a python function to find the length of the longest word.
📌 Completion:
def len_log(list1):
    max=len(list1[0])
    for i in list1:
        if len(i)>max:
            max=len(i)
    return max
📉 Completion Loss: 9.1102

🚨 High-loss Sample 45:
📌 Prompt:
Write a function to check if a string is present as a substring in a given list of string values.
📌 Completion:
def find_substring(str1, sub_str):
   if any(sub_str in s for s in str1):
       return True
   return False
📉 Completion Loss: 6.5243

🚨 High-loss Sample 46:
📌 Prompt:
Write a function to check whether the given number is undulating or not.
📌 Completion:
def is_undulating(n): 
	n = str(n)
	if (len(n) <= 2): 
		return False
	for i in range(2, len(n)): 
		if (n[i - 2] != n[i]): 
			return False
	return True
📉 Completion Loss: 9.8447

🚨 High-loss Sample 47:
📌 Prompt:
Write a function to calculate the value of 'a' to the power 'b'.
📌 Completion:
def power(a,b):
	if b==0:
		return 1
	elif a==0:
		return 0
	elif b==1:
		return a
	else:
		return a*power(a,b-1)
📉 Completion Loss: 8.0907
[Check] Prompt len: 24, Full len: 68
[Check] Prompt len: 18, Full len: 56

🚨 High-loss Sample 48:
📌 Prompt:
Given a list of tuples, write a function that returns the first value of the tuple with the smallest second value.
📌 Completion:
from operator import itemgetter 
def index_minimum(test_list):
  res = min(test_list, key = itemgetter(1))[0]
  return (res)
📉 Completion Loss: 10.2160

🚨 High-loss Sample 49:
📌 Prompt:
Write a python function to find the length of the smallest list in a list of lists.
📌 Completion:
def Find_Min_Length(lst):  
    minLength = min(len(x) for x in lst )
    return minLength
📉 Completion Loss: 7.9381
✅ Evaluation Complete. Final Avg Loss = 4.9591, Perplexity = 142.47
[Step 1600] PPL(A2C) = 142.47 | AvgR = 0.3689
[Check] Prompt len: 14, Full len: 61
[Check] Prompt len: 11, Full len: 89
[Check] Prompt len: 21, Full len: 65
[Check] Prompt len: 19, Full len: 83
[Check] Prompt len: 18, Full len: 53
[Check] Prompt len: 13, Full len: 48
[Check] Prompt len: 25, Full len: 127
[Check] Prompt len: 18, Full len: 189

🚨 High-loss Sample 0:
📌 Prompt:
Write a function to find the shared elements from the given two lists.
📌 Completion:
def similar_elements(test_tup1, test_tup2):
  res = tuple(set(test_tup1) & set(test_tup2))
  return (res)
📉 Completion Loss: 2.9930

🚨 High-loss Sample 1:
📌 Prompt:
Write a python function to identify non-prime numbers.
📌 Completion:
import math
def is_not_prime(n):
    result = False
    for i in range(2,int(math.sqrt(n)) + 1):
        if n % i == 0:
            result = True
    return result
📉 Completion Loss: 4.6298

🚨 High-loss Sample 2:
📌 Prompt:
Write a function to find the n largest integers from a given list of numbers, returned in descending order.
📌 Completion:
import heapq as hq
def heap_queue_largest(nums,n):
  largest_nums = hq.nlargest(n, nums)
  return largest_nums
📉 Completion Loss: 2.8417

🚨 High-loss Sample 3:
📌 Prompt:
Write a python function to check whether the two numbers differ at one bit position only or not.
📌 Completion:
def is_Power_Of_Two (x): 
    return x and (not(x & (x - 1))) 
def differ_At_One_Bit_Pos(a,b): 
    return is_Power_Of_Two(a ^ b)
📉 Completion Loss: 4.0414

🚨 High-loss Sample 4:
📌 Prompt:
Write a function to find all words which are at least 4 characters long in a string.
📌 Completion:
import re
def find_char_long(text):
  return (re.findall(r"\b\w{4,}\b", text))
📉 Completion Loss: 2.3178

🚨 High-loss Sample 5:
📌 Prompt:
Write a function to find squares of individual elements in a list.
📌 Completion:
def square_nums(nums):
 square_nums = list(map(lambda x: x ** 2, nums))
 return square_nums
📉 Completion Loss: 2.2342

🚨 High-loss Sample 6:
📌 Prompt:
Write a python function to find the minimum number of rotations (greater than 0) required to get the same string.
📌 Completion:
def find_Rotations(str): 
    tmp = str + str
    n = len(str) 
    for i in range(1,n + 1): 
        substring = tmp[i: i+n] 
        if (str == substring): 
            return i 
    return n
📉 Completion Loss: 6.5048

🚨 High-loss Sample 7:
📌 Prompt:
Write a python function to remove first and last occurrence of a given character from the string.
📌 Completion:
def remove_Occ(s,ch): 
    for i in range(len(s)): 
        if (s[i] == ch): 
            s = s[0 : i] + s[i + 1:] 
            break
    for i in range(len(s) - 1,-1,-1):  
        if (s[i] == ch): 
            s = s[0 : i] + s[i + 1:] 
            break
    return s
📉 Completion Loss: 10.3291
[Check] Prompt len: 19, Full len: 47
[Check] Prompt len: 13, Full len: 41
[Check] Prompt len: 25, Full len: 129
[Check] Prompt len: 17, Full len: 36
[Check] Prompt len: 18, Full len: 256
[Check] Prompt len: 16, Full len: 65
[Check] Prompt len: 15, Full len: 114
[Check] Prompt len: 18, Full len: 124

🚨 High-loss Sample 8:
📌 Prompt:
Write a function to sort a given matrix in ascending order according to the sum of its rows.
📌 Completion:
def sort_matrix(M):
    result = sorted(M, key=sum)
    return result
📉 Completion Loss: 1.5224

🚨 High-loss Sample 9:
📌 Prompt:
Write a python function to find the volume of a triangular prism.
📌 Completion:
def find_Volume(l,b,h) : 
    return ((l * b * h) / 2)
📉 Completion Loss: 1.5419

🚨 High-loss Sample 10:
📌 Prompt:
Write a function to that returns true if the input string contains sequences of lowercase letters joined with an underscore and false otherwise.
📌 Completion:
import re
def text_lowercase_underscore(text):
        patterns = '^[a-z]+_[a-z]+$'
        if re.search(patterns,  text):
                return True
        else:
                return False
📉 Completion Loss: 4.7736

🚨 High-loss Sample 11:
📌 Prompt:
Write a function that returns the perimeter of a square given its side length as input.
📌 Completion:
def square_perimeter(a):
  perimeter=4*a
  return perimeter
📉 Completion Loss: 1.2169

🚨 High-loss Sample 12:
📌 Prompt:
Write a function to remove characters from the first string which are present in the second string.
📌 Completion:
NO_OF_CHARS = 256
def str_to_list(string): 
	temp = [] 
	for x in string: 
		temp.append(x) 
	return temp 
def lst_to_string(List): 
	return ''.join(List) 
def get_char_count_array(string): 
	count = [0] * NO_OF_CHARS 
	for i in string: 
		count[ord(i)] += 1
	return count 
def remove_dirty_chars(string, second_string): 
	count = get_char_count_array(second_string) 
	ip_ind = 0
	res_ind = 0
	temp = '' 
	str_list = str_to_list(string) 
	while ip_ind != len(str_list): 
		temp = str_list[ip_ind] 
		if count[ord(temp)] == 0: 
			str_list[res_ind] = str_list[ip_ind] 
			res_ind += 1
		ip_ind+=1
	return lst_to_string(str_list[0:res_ind])
📉 Completion Loss: 10.1299

🚨 High-loss Sample 13:
📌 Prompt:
Write a function to find whether a given array of integers contains any duplicate element.
📌 Completion:
def test_duplicate(arraynums):
    nums_set = set(arraynums)    
    return len(arraynums) != len(nums_set)
📉 Completion Loss: 2.3475

🚨 High-loss Sample 14:
📌 Prompt:
Write a function to check if the given number is woodball or not.
📌 Completion:
def is_woodall(x): 
	if (x % 2 == 0): 
		return False
	if (x == 1): 
		return True
	x = x + 1 
	p = 0
	while (x % 2 == 0): 
		x = x/2
		p = p + 1
		if (p == x): 
			return True
	return False
📉 Completion Loss: 4.1598

🚨 High-loss Sample 15:
📌 Prompt:
Write a python function to check if a given number is one less than twice its reverse.
📌 Completion:
def rev(num):    
    rev_num = 0
    while (num > 0):  
        rev_num = (rev_num * 10 + num % 10) 
        num = num // 10  
    return rev_num  
def check(n):    
    return (2 * rev(n) == n + 1)
📉 Completion Loss: 4.7338
[Check] Prompt len: 20, Full len: 105
[Check] Prompt len: 17, Full len: 41
[Check] Prompt len: 12, Full len: 33
[Check] Prompt len: 21, Full len: 155
[Check] Prompt len: 12, Full len: 26
[Check] Prompt len: 17, Full len: 61
[Check] Prompt len: 18, Full len: 75
[Check] Prompt len: 15, Full len: 87

🚨 High-loss Sample 16:
📌 Prompt:
Write a python function to find the largest number that can be formed with the given list of digits.
📌 Completion:
def find_Max_Num(arr) : 
    n = len(arr)
    arr.sort(reverse = True) 
    num = arr[0] 
    for i in range(1,n) : 
        num = num * 10 + arr[i] 
    return num
📉 Completion Loss: 6.4900

🚨 High-loss Sample 17:
📌 Prompt:
Write a python function to check whether the given two integers have opposite sign or not.
📌 Completion:
def opposite_Signs(x,y): 
    return ((x ^ y) < 0);
📉 Completion Loss: 2.0558

🚨 High-loss Sample 18:
📌 Prompt:
Write a function to find the nth octagonal number.
📌 Completion:
def is_octagonal(n): 
	return 3 * n * n - 2 * n
📉 Completion Loss: 1.8070

🚨 High-loss Sample 19:
📌 Prompt:
Write a python function to count the number of substrings with the sum of digits equal to their length.
📌 Completion:
from collections import defaultdict
def count_Substrings(s):
    n = len(s)
    count,sum = 0,0
    mp = defaultdict(lambda : 0)
    mp[0] += 1
    for i in range(n):
        sum += ord(s[i]) - ord('0')
        count += mp[sum - (i + 1)]
        mp[sum - (i + 1)] += 1
    return count
📉 Completion Loss: 10.1374

🚨 High-loss Sample 20:
📌 Prompt:
Write a python function to find smallest number in a list.
📌 Completion:
def smallest_num(xs):
  return min(xs)
📉 Completion Loss: 1.4452

🚨 High-loss Sample 21:
📌 Prompt:
Write a function to find the maximum difference between available pairs in the given tuple list.
📌 Completion:
def max_difference(test_list):
  temp = [abs(b - a) for a, b in test_list]
  res = max(temp)
  return (res)
📉 Completion Loss: 3.3972

🚨 High-loss Sample 22:
📌 Prompt:
Write a function to sort a list of tuples using the second value of each tuple.
📌 Completion:
def subject_marks(subjectmarks):
#subject_marks = [('English', 88), ('Science', 90), ('Maths', 97), ('Social sciences', 82)])
 subjectmarks.sort(key = lambda x: x[1])
 return subjectmarks
📉 Completion Loss: 4.4382

🚨 High-loss Sample 23:
📌 Prompt:
Write a function to flatten a list and sum all of its elements.
📌 Completion:
def recursive_list_sum(data_list):
	total = 0
	for element in data_list:
		if type(element) == type([]):
			total = total + recursive_list_sum(element)
		else:
			total = total + element
	return total
📉 Completion Loss: 5.2853
[Check] Prompt len: 15, Full len: 64
[Check] Prompt len: 17, Full len: 181
[Check] Prompt len: 17, Full len: 96
[Check] Prompt len: 16, Full len: 193
[Check] Prompt len: 17, Full len: 109
[Check] Prompt len: 10, Full len: 238
[Check] Prompt len: 22, Full len: 60
[Check] Prompt len: 16, Full len: 256

🚨 High-loss Sample 24:
📌 Prompt:
Write a python function to count the number of positive numbers in a list.
📌 Completion:
def pos_count(list):
  pos_count= 0
  for num in list: 
    if num >= 0: 
      pos_count += 1
  return pos_count
📉 Completion Loss: 2.2787

🚨 High-loss Sample 25:
📌 Prompt:
Write a function to find the number of ways to partition a set of Bell numbers.
📌 Completion:
def bell_number(n):   
    bell = [[0 for i in range(n+1)] for j in range(n+1)] 
    bell[0][0] = 1
    for i in range(1, n+1): 
        bell[i][0] = bell[i-1][i-1]  
        for j in range(1, i+1): 
            bell[i][j] = bell[i-1][j-1] + bell[i][j-1]   
    return bell[n][0]
📉 Completion Loss: 7.1868

🚨 High-loss Sample 26:
📌 Prompt:
Write a python function to check whether the given array is monotonic or not.
📌 Completion:
def is_Monotonic(A): 
    return (all(A[i] <= A[i + 1] for i in range(len(A) - 1)) or
            all(A[i] >= A[i + 1] for i in range(len(A) - 1)))
📉 Completion Loss: 3.6136

🚨 High-loss Sample 27:
📌 Prompt:
Write a function to check whether a list contains the given sublist or not.
📌 Completion:
def is_sublist(l, s):
	sub_set = False
	if s == []:
		sub_set = True
	elif s == l:
		sub_set = True
	elif len(s) > len(l):
		sub_set = False
	else:
		for i in range(len(l)):
			if l[i] == s[0]:
				n = 1
				while (n < len(s)) and (l[i+n] == s[n]):
					n += 1				
				if n == len(s):
					sub_set = True
	return sub_set
📉 Completion Loss: 7.4034

🚨 High-loss Sample 28:
📌 Prompt:
Write a function to find whether all the given tuples have equal length or not.
📌 Completion:
def find_equal_tuple(Input):
  k = 0 if not Input else len(Input[0])
  flag = 1
  for tuple in Input:
    if len(tuple) != k:
      flag = 0
      break
  return flag
def get_equal(Input):
  return find_equal_tuple(Input) == 1
📉 Completion Loss: 4.0645

🚨 High-loss Sample 29:
📌 Prompt:
Write a function to sort a list of elements.
📌 Completion:
def comb_sort(nums):
    shrink_fact = 1.3
    gaps = len(nums)
    swapped = True
    i = 0
    while gaps > 1 or swapped:
        gaps = int(float(gaps) / shrink_fact)
        swapped = False
        i = 0
        while gaps + i < len(nums):
            if nums[i] > nums[i+gaps]:
                nums[i], nums[i+gaps] = nums[i+gaps], nums[i]
                swapped = True
            i += 1
    return nums
📉 Completion Loss: 9.6962

🚨 High-loss Sample 30:
📌 Prompt:
Write a python function to check whether the given number can be represented as the difference of two squares or not.
📌 Completion:
def dif_Square(n): 
    if (n % 4 != 2): 
        return True
    return False
📉 Completion Loss: 1.9373

🚨 High-loss Sample 31:
📌 Prompt:
Write a function to check whether it follows the sequence given in the patterns array.
📌 Completion:
def is_samepatterns(colors, patterns):    
    if len(colors) != len(patterns):
        return False    
    sdict = {}
    pset = set()
    sset = set()    
    for i in range(len(patterns)):
        pset.add(patterns[i])
        sset.add(colors[i])
        if patterns[i] not in sdict.keys():
            sdict[patterns[i]] = []

        keys = sdict[patterns[i]]
        keys.append(colors[i])
        sdict[patterns[i]] = keys

    if len(pset) != len(sset):
        return False   

    for values in sdict.values():

        for i in range(len(values) - 1):
            if values[i] != values[i+1]:
                return False

    return True
📉 Completion Loss: 10.3805
[Check] Prompt len: 23, Full len: 64
[Check] Prompt len: 15, Full len: 35
[Check] Prompt len: 17, Full len: 111
[Check] Prompt len: 13, Full len: 42
[Check] Prompt len: 11, Full len: 43
[Check] Prompt len: 26, Full len: 156
[Check] Prompt len: 17, Full len: 68
[Check] Prompt len: 12, Full len: 43

🚨 High-loss Sample 32:
📌 Prompt:
Write a function to find tuples which have all elements divisible by k from the given list of tuples.
📌 Completion:
def find_tuples(test_list, K):
  res = [sub for sub in test_list if all(ele % K == 0 for ele in sub)]
  return res
📉 Completion Loss: 3.3730

🚨 High-loss Sample 33:
📌 Prompt:
Write a python function to find whether a number is divisible by 11.
📌 Completion:
def is_Diff(n): 
    return (n % 11 == 0)
📉 Completion Loss: 1.7427

🚨 High-loss Sample 34:
📌 Prompt:
Write a python function to check whether the length of the word is odd or not.
📌 Completion:
def word_len(s): 
    s = s.split(' ')   
    for word in s:    
        if len(word)%2!=0: 
            return True  
        else:
          return False
📉 Completion Loss: 7.0755

🚨 High-loss Sample 35:
📌 Prompt:
Write a function to find the nth tetrahedral number.
📌 Completion:
def tetrahedral_number(n): 
	return (n * (n + 1) * (n + 2)) / 6
📉 Completion Loss: 2.3028

🚨 High-loss Sample 36:
📌 Prompt:
Write a function to find the volume of a sphere.
📌 Completion:
import math
def volume_sphere(r):
  volume=(4/3)*math.pi*r*r*r
  return volume
📉 Completion Loss: 2.4041

🚨 High-loss Sample 37:
📌 Prompt:
Write a python function to find the character made by adding the ASCII value of all the characters of the given string modulo 26.
📌 Completion:
def get_Char(strr):  
    summ = 0
    for i in range(len(strr)): 
        summ += (ord(strr[i]) - ord('a') + 1)  
    if (summ % 26 == 0): 
        return ord('z') 
    else: 
        summ = summ % 26
        return chr(ord('a') + summ - 1)
📉 Completion Loss: 10.2007

🚨 High-loss Sample 38:
📌 Prompt:
Write a function to find the nth number in the newman conway sequence.
📌 Completion:
def sequence(n): 
	if n == 1 or n == 2: 
		return 1
	else: 
		return sequence(sequence(n-1)) + sequence(n-sequence(n-1))
📉 Completion Loss: 3.8134

🚨 High-loss Sample 39:
📌 Prompt:
Write a function to find the surface area of a sphere.
📌 Completion:
import math
def surfacearea_sphere(r):
  surfacearea=4*math.pi*r*r
  return surfacearea
📉 Completion Loss: 2.3577
[Check] Prompt len: 12, Full len: 36
[Check] Prompt len: 13, Full len: 70
[Check] Prompt len: 20, Full len: 53
[Check] Prompt len: 12, Full len: 27
[Check] Prompt len: 13, Full len: 84
[Check] Prompt len: 22, Full len: 66
[Check] Prompt len: 15, Full len: 92
[Check] Prompt len: 17, Full len: 80

🚨 High-loss Sample 40:
📌 Prompt:
Write a function to find nth centered hexagonal number.
📌 Completion:
def centered_hexagonal_number(n):
  return 3 * n * (n - 1) + 1
📉 Completion Loss: 3.2169

🚨 High-loss Sample 41:
📌 Prompt:
Write a function to merge three dictionaries into a single dictionary.
📌 Completion:
import collections as ct
def merge_dictionaries_three(dict1,dict2, dict3):
    merged_dict = dict(ct.ChainMap({},dict1,dict2,dict3))
    return merged_dict
📉 Completion Loss: 7.4198

🚨 High-loss Sample 42:
📌 Prompt:
Write a function to get the frequency of all the elements in a list, returned as a dictionary.
📌 Completion:
import collections
def freq_count(list1):
  freq_count= collections.Counter(list1)
  return freq_count
📉 Completion Loss: 4.7214

🚨 High-loss Sample 43:
📌 Prompt:
Write a function to find the closest smaller number than n.
📌 Completion:
def closest_num(N):
  return (N - 1)
📉 Completion Loss: 2.1972

🚨 High-loss Sample 44:
📌 Prompt:
Write a python function to find the length of the longest word.
📌 Completion:
def len_log(list1):
    max=len(list1[0])
    for i in list1:
        if len(i)>max:
            max=len(i)
    return max
📉 Completion Loss: 9.2071

🚨 High-loss Sample 45:
📌 Prompt:
Write a function to check if a string is present as a substring in a given list of string values.
📌 Completion:
def find_substring(str1, sub_str):
   if any(sub_str in s for s in str1):
       return True
   return False
📉 Completion Loss: 6.4633

🚨 High-loss Sample 46:
📌 Prompt:
Write a function to check whether the given number is undulating or not.
📌 Completion:
def is_undulating(n): 
	n = str(n)
	if (len(n) <= 2): 
		return False
	for i in range(2, len(n)): 
		if (n[i - 2] != n[i]): 
			return False
	return True
📉 Completion Loss: 9.9872

🚨 High-loss Sample 47:
📌 Prompt:
Write a function to calculate the value of 'a' to the power 'b'.
📌 Completion:
def power(a,b):
	if b==0:
		return 1
	elif a==0:
		return 0
	elif b==1:
		return a
	else:
		return a*power(a,b-1)
📉 Completion Loss: 8.0724
[Check] Prompt len: 24, Full len: 68
[Check] Prompt len: 18, Full len: 56

🚨 High-loss Sample 48:
📌 Prompt:
Given a list of tuples, write a function that returns the first value of the tuple with the smallest second value.
📌 Completion:
from operator import itemgetter 
def index_minimum(test_list):
  res = min(test_list, key = itemgetter(1))[0]
  return (res)
📉 Completion Loss: 10.2463

🚨 High-loss Sample 49:
📌 Prompt:
Write a python function to find the length of the smallest list in a list of lists.
📌 Completion:
def Find_Min_Length(lst):  
    minLength = min(len(x) for x in lst )
    return minLength
📉 Completion Loss: 7.8958
✅ Evaluation Complete. Final Avg Loss = 4.9797, Perplexity = 145.43
[Step 1650] PPL(A2C) = 145.43 | AvgR = 0.3717
[Check] Prompt len: 14, Full len: 61
[Check] Prompt len: 11, Full len: 89
[Check] Prompt len: 21, Full len: 65
[Check] Prompt len: 19, Full len: 83
[Check] Prompt len: 18, Full len: 53
[Check] Prompt len: 13, Full len: 48
[Check] Prompt len: 25, Full len: 127
[Check] Prompt len: 18, Full len: 189

🚨 High-loss Sample 0:
📌 Prompt:
Write a function to find the shared elements from the given two lists.
📌 Completion:
def similar_elements(test_tup1, test_tup2):
  res = tuple(set(test_tup1) & set(test_tup2))
  return (res)
📉 Completion Loss: 3.0460

🚨 High-loss Sample 1:
📌 Prompt:
Write a python function to identify non-prime numbers.
📌 Completion:
import math
def is_not_prime(n):
    result = False
    for i in range(2,int(math.sqrt(n)) + 1):
        if n % i == 0:
            result = True
    return result
📉 Completion Loss: 4.6753

🚨 High-loss Sample 2:
📌 Prompt:
Write a function to find the n largest integers from a given list of numbers, returned in descending order.
📌 Completion:
import heapq as hq
def heap_queue_largest(nums,n):
  largest_nums = hq.nlargest(n, nums)
  return largest_nums
📉 Completion Loss: 2.9217

🚨 High-loss Sample 3:
📌 Prompt:
Write a python function to check whether the two numbers differ at one bit position only or not.
📌 Completion:
def is_Power_Of_Two (x): 
    return x and (not(x & (x - 1))) 
def differ_At_One_Bit_Pos(a,b): 
    return is_Power_Of_Two(a ^ b)
📉 Completion Loss: 4.0700

🚨 High-loss Sample 4:
📌 Prompt:
Write a function to find all words which are at least 4 characters long in a string.
📌 Completion:
import re
def find_char_long(text):
  return (re.findall(r"\b\w{4,}\b", text))
📉 Completion Loss: 2.4209

🚨 High-loss Sample 5:
📌 Prompt:
Write a function to find squares of individual elements in a list.
📌 Completion:
def square_nums(nums):
 square_nums = list(map(lambda x: x ** 2, nums))
 return square_nums
📉 Completion Loss: 2.3358

🚨 High-loss Sample 6:
📌 Prompt:
Write a python function to find the minimum number of rotations (greater than 0) required to get the same string.
📌 Completion:
def find_Rotations(str): 
    tmp = str + str
    n = len(str) 
    for i in range(1,n + 1): 
        substring = tmp[i: i+n] 
        if (str == substring): 
            return i 
    return n
📉 Completion Loss: 6.5681

🚨 High-loss Sample 7:
📌 Prompt:
Write a python function to remove first and last occurrence of a given character from the string.
📌 Completion:
def remove_Occ(s,ch): 
    for i in range(len(s)): 
        if (s[i] == ch): 
            s = s[0 : i] + s[i + 1:] 
            break
    for i in range(len(s) - 1,-1,-1):  
        if (s[i] == ch): 
            s = s[0 : i] + s[i + 1:] 
            break
    return s
📉 Completion Loss: 10.3892
[Check] Prompt len: 19, Full len: 47
[Check] Prompt len: 13, Full len: 41
[Check] Prompt len: 25, Full len: 129
[Check] Prompt len: 17, Full len: 36
[Check] Prompt len: 18, Full len: 256
[Check] Prompt len: 16, Full len: 65
[Check] Prompt len: 15, Full len: 114
[Check] Prompt len: 18, Full len: 124

🚨 High-loss Sample 8:
📌 Prompt:
Write a function to sort a given matrix in ascending order according to the sum of its rows.
📌 Completion:
def sort_matrix(M):
    result = sorted(M, key=sum)
    return result
📉 Completion Loss: 1.6630

🚨 High-loss Sample 9:
📌 Prompt:
Write a python function to find the volume of a triangular prism.
📌 Completion:
def find_Volume(l,b,h) : 
    return ((l * b * h) / 2)
📉 Completion Loss: 1.7199

🚨 High-loss Sample 10:
📌 Prompt:
Write a function to that returns true if the input string contains sequences of lowercase letters joined with an underscore and false otherwise.
📌 Completion:
import re
def text_lowercase_underscore(text):
        patterns = '^[a-z]+_[a-z]+$'
        if re.search(patterns,  text):
                return True
        else:
                return False
📉 Completion Loss: 4.8078

🚨 High-loss Sample 11:
📌 Prompt:
Write a function that returns the perimeter of a square given its side length as input.
📌 Completion:
def square_perimeter(a):
  perimeter=4*a
  return perimeter
📉 Completion Loss: 1.4490

🚨 High-loss Sample 12:
📌 Prompt:
Write a function to remove characters from the first string which are present in the second string.
📌 Completion:
NO_OF_CHARS = 256
def str_to_list(string): 
	temp = [] 
	for x in string: 
		temp.append(x) 
	return temp 
def lst_to_string(List): 
	return ''.join(List) 
def get_char_count_array(string): 
	count = [0] * NO_OF_CHARS 
	for i in string: 
		count[ord(i)] += 1
	return count 
def remove_dirty_chars(string, second_string): 
	count = get_char_count_array(second_string) 
	ip_ind = 0
	res_ind = 0
	temp = '' 
	str_list = str_to_list(string) 
	while ip_ind != len(str_list): 
		temp = str_list[ip_ind] 
		if count[ord(temp)] == 0: 
			str_list[res_ind] = str_list[ip_ind] 
			res_ind += 1
		ip_ind+=1
	return lst_to_string(str_list[0:res_ind])
📉 Completion Loss: 10.2304

🚨 High-loss Sample 13:
📌 Prompt:
Write a function to find whether a given array of integers contains any duplicate element.
📌 Completion:
def test_duplicate(arraynums):
    nums_set = set(arraynums)    
    return len(arraynums) != len(nums_set)
📉 Completion Loss: 2.4238

🚨 High-loss Sample 14:
📌 Prompt:
Write a function to check if the given number is woodball or not.
📌 Completion:
def is_woodall(x): 
	if (x % 2 == 0): 
		return False
	if (x == 1): 
		return True
	x = x + 1 
	p = 0
	while (x % 2 == 0): 
		x = x/2
		p = p + 1
		if (p == x): 
			return True
	return False
📉 Completion Loss: 4.2187

🚨 High-loss Sample 15:
📌 Prompt:
Write a python function to check if a given number is one less than twice its reverse.
📌 Completion:
def rev(num):    
    rev_num = 0
    while (num > 0):  
        rev_num = (rev_num * 10 + num % 10) 
        num = num // 10  
    return rev_num  
def check(n):    
    return (2 * rev(n) == n + 1)
📉 Completion Loss: 4.7827
[Check] Prompt len: 20, Full len: 105
[Check] Prompt len: 17, Full len: 41
[Check] Prompt len: 12, Full len: 33
[Check] Prompt len: 21, Full len: 155
[Check] Prompt len: 12, Full len: 26
[Check] Prompt len: 17, Full len: 61
[Check] Prompt len: 18, Full len: 75
[Check] Prompt len: 15, Full len: 87

🚨 High-loss Sample 16:
📌 Prompt:
Write a python function to find the largest number that can be formed with the given list of digits.
📌 Completion:
def find_Max_Num(arr) : 
    n = len(arr)
    arr.sort(reverse = True) 
    num = arr[0] 
    for i in range(1,n) : 
        num = num * 10 + arr[i] 
    return num
📉 Completion Loss: 6.5278

🚨 High-loss Sample 17:
📌 Prompt:
Write a python function to check whether the given two integers have opposite sign or not.
📌 Completion:
def opposite_Signs(x,y): 
    return ((x ^ y) < 0);
📉 Completion Loss: 2.1651

🚨 High-loss Sample 18:
📌 Prompt:
Write a function to find the nth octagonal number.
📌 Completion:
def is_octagonal(n): 
	return 3 * n * n - 2 * n
📉 Completion Loss: 1.9581

🚨 High-loss Sample 19:
📌 Prompt:
Write a python function to count the number of substrings with the sum of digits equal to their length.
📌 Completion:
from collections import defaultdict
def count_Substrings(s):
    n = len(s)
    count,sum = 0,0
    mp = defaultdict(lambda : 0)
    mp[0] += 1
    for i in range(n):
        sum += ord(s[i]) - ord('0')
        count += mp[sum - (i + 1)]
        mp[sum - (i + 1)] += 1
    return count
📉 Completion Loss: 10.1929

🚨 High-loss Sample 20:
📌 Prompt:
Write a python function to find smallest number in a list.
📌 Completion:
def smallest_num(xs):
  return min(xs)
📉 Completion Loss: 1.6604

🚨 High-loss Sample 21:
📌 Prompt:
Write a function to find the maximum difference between available pairs in the given tuple list.
📌 Completion:
def max_difference(test_list):
  temp = [abs(b - a) for a, b in test_list]
  res = max(temp)
  return (res)
📉 Completion Loss: 3.4586

🚨 High-loss Sample 22:
📌 Prompt:
Write a function to sort a list of tuples using the second value of each tuple.
📌 Completion:
def subject_marks(subjectmarks):
#subject_marks = [('English', 88), ('Science', 90), ('Maths', 97), ('Social sciences', 82)])
 subjectmarks.sort(key = lambda x: x[1])
 return subjectmarks
📉 Completion Loss: 4.4582

🚨 High-loss Sample 23:
📌 Prompt:
Write a function to flatten a list and sum all of its elements.
📌 Completion:
def recursive_list_sum(data_list):
	total = 0
	for element in data_list:
		if type(element) == type([]):
			total = total + recursive_list_sum(element)
		else:
			total = total + element
	return total
📉 Completion Loss: 5.3199
[Check] Prompt len: 15, Full len: 64
[Check] Prompt len: 17, Full len: 181
[Check] Prompt len: 17, Full len: 96
[Check] Prompt len: 16, Full len: 193
[Check] Prompt len: 17, Full len: 109
[Check] Prompt len: 10, Full len: 238
[Check] Prompt len: 22, Full len: 60
[Check] Prompt len: 16, Full len: 256

🚨 High-loss Sample 24:
📌 Prompt:
Write a python function to count the number of positive numbers in a list.
📌 Completion:
def pos_count(list):
  pos_count= 0
  for num in list: 
    if num >= 0: 
      pos_count += 1
  return pos_count
📉 Completion Loss: 2.3745

🚨 High-loss Sample 25:
📌 Prompt:
Write a function to find the number of ways to partition a set of Bell numbers.
📌 Completion:
def bell_number(n):   
    bell = [[0 for i in range(n+1)] for j in range(n+1)] 
    bell[0][0] = 1
    for i in range(1, n+1): 
        bell[i][0] = bell[i-1][i-1]  
        for j in range(1, i+1): 
            bell[i][j] = bell[i-1][j-1] + bell[i][j-1]   
    return bell[n][0]
📉 Completion Loss: 7.2441

🚨 High-loss Sample 26:
📌 Prompt:
Write a python function to check whether the given array is monotonic or not.
📌 Completion:
def is_Monotonic(A): 
    return (all(A[i] <= A[i + 1] for i in range(len(A) - 1)) or
            all(A[i] >= A[i + 1] for i in range(len(A) - 1)))
📉 Completion Loss: 3.6550

🚨 High-loss Sample 27:
📌 Prompt:
Write a function to check whether a list contains the given sublist or not.
📌 Completion:
def is_sublist(l, s):
	sub_set = False
	if s == []:
		sub_set = True
	elif s == l:
		sub_set = True
	elif len(s) > len(l):
		sub_set = False
	else:
		for i in range(len(l)):
			if l[i] == s[0]:
				n = 1
				while (n < len(s)) and (l[i+n] == s[n]):
					n += 1				
				if n == len(s):
					sub_set = True
	return sub_set
📉 Completion Loss: 7.5046

🚨 High-loss Sample 28:
📌 Prompt:
Write a function to find whether all the given tuples have equal length or not.
📌 Completion:
def find_equal_tuple(Input):
  k = 0 if not Input else len(Input[0])
  flag = 1
  for tuple in Input:
    if len(tuple) != k:
      flag = 0
      break
  return flag
def get_equal(Input):
  return find_equal_tuple(Input) == 1
📉 Completion Loss: 4.1008

🚨 High-loss Sample 29:
📌 Prompt:
Write a function to sort a list of elements.
📌 Completion:
def comb_sort(nums):
    shrink_fact = 1.3
    gaps = len(nums)
    swapped = True
    i = 0
    while gaps > 1 or swapped:
        gaps = int(float(gaps) / shrink_fact)
        swapped = False
        i = 0
        while gaps + i < len(nums):
            if nums[i] > nums[i+gaps]:
                nums[i], nums[i+gaps] = nums[i+gaps], nums[i]
                swapped = True
            i += 1
    return nums
📉 Completion Loss: 9.7242

🚨 High-loss Sample 30:
📌 Prompt:
Write a python function to check whether the given number can be represented as the difference of two squares or not.
📌 Completion:
def dif_Square(n): 
    if (n % 4 != 2): 
        return True
    return False
📉 Completion Loss: 2.0746

🚨 High-loss Sample 31:
📌 Prompt:
Write a function to check whether it follows the sequence given in the patterns array.
📌 Completion:
def is_samepatterns(colors, patterns):    
    if len(colors) != len(patterns):
        return False    
    sdict = {}
    pset = set()
    sset = set()    
    for i in range(len(patterns)):
        pset.add(patterns[i])
        sset.add(colors[i])
        if patterns[i] not in sdict.keys():
            sdict[patterns[i]] = []

        keys = sdict[patterns[i]]
        keys.append(colors[i])
        sdict[patterns[i]] = keys

    if len(pset) != len(sset):
        return False   

    for values in sdict.values():

        for i in range(len(values) - 1):
            if values[i] != values[i+1]:
                return False

    return True
📉 Completion Loss: 10.4328
[Check] Prompt len: 23, Full len: 64
[Check] Prompt len: 15, Full len: 35
[Check] Prompt len: 17, Full len: 111
[Check] Prompt len: 13, Full len: 42
[Check] Prompt len: 11, Full len: 43
[Check] Prompt len: 26, Full len: 156
[Check] Prompt len: 17, Full len: 68
[Check] Prompt len: 12, Full len: 43

🚨 High-loss Sample 32:
📌 Prompt:
Write a function to find tuples which have all elements divisible by k from the given list of tuples.
📌 Completion:
def find_tuples(test_list, K):
  res = [sub for sub in test_list if all(ele % K == 0 for ele in sub)]
  return res
📉 Completion Loss: 3.4313

🚨 High-loss Sample 33:
📌 Prompt:
Write a python function to find whether a number is divisible by 11.
📌 Completion:
def is_Diff(n): 
    return (n % 11 == 0)
📉 Completion Loss: 1.8900

🚨 High-loss Sample 34:
📌 Prompt:
Write a python function to check whether the length of the word is odd or not.
📌 Completion:
def word_len(s): 
    s = s.split(' ')   
    for word in s:    
        if len(word)%2!=0: 
            return True  
        else:
          return False
📉 Completion Loss: 7.1154

🚨 High-loss Sample 35:
📌 Prompt:
Write a function to find the nth tetrahedral number.
📌 Completion:
def tetrahedral_number(n): 
	return (n * (n + 1) * (n + 2)) / 6
📉 Completion Loss: 2.3659

🚨 High-loss Sample 36:
📌 Prompt:
Write a function to find the volume of a sphere.
📌 Completion:
import math
def volume_sphere(r):
  volume=(4/3)*math.pi*r*r*r
  return volume
📉 Completion Loss: 2.4683

🚨 High-loss Sample 37:
📌 Prompt:
Write a python function to find the character made by adding the ASCII value of all the characters of the given string modulo 26.
📌 Completion:
def get_Char(strr):  
    summ = 0
    for i in range(len(strr)): 
        summ += (ord(strr[i]) - ord('a') + 1)  
    if (summ % 26 == 0): 
        return ord('z') 
    else: 
        summ = summ % 26
        return chr(ord('a') + summ - 1)
📉 Completion Loss: 10.2301

🚨 High-loss Sample 38:
📌 Prompt:
Write a function to find the nth number in the newman conway sequence.
📌 Completion:
def sequence(n): 
	if n == 1 or n == 2: 
		return 1
	else: 
		return sequence(sequence(n-1)) + sequence(n-sequence(n-1))
📉 Completion Loss: 3.8599

🚨 High-loss Sample 39:
📌 Prompt:
Write a function to find the surface area of a sphere.
📌 Completion:
import math
def surfacearea_sphere(r):
  surfacearea=4*math.pi*r*r
  return surfacearea
📉 Completion Loss: 2.4289
[Check] Prompt len: 12, Full len: 36
[Check] Prompt len: 13, Full len: 70
[Check] Prompt len: 20, Full len: 53
[Check] Prompt len: 12, Full len: 27
[Check] Prompt len: 13, Full len: 84
[Check] Prompt len: 22, Full len: 66
[Check] Prompt len: 15, Full len: 92
[Check] Prompt len: 17, Full len: 80

🚨 High-loss Sample 40:
📌 Prompt:
Write a function to find nth centered hexagonal number.
📌 Completion:
def centered_hexagonal_number(n):
  return 3 * n * (n - 1) + 1
📉 Completion Loss: 3.2483

🚨 High-loss Sample 41:
📌 Prompt:
Write a function to merge three dictionaries into a single dictionary.
📌 Completion:
import collections as ct
def merge_dictionaries_three(dict1,dict2, dict3):
    merged_dict = dict(ct.ChainMap({},dict1,dict2,dict3))
    return merged_dict
📉 Completion Loss: 7.4297

🚨 High-loss Sample 42:
📌 Prompt:
Write a function to get the frequency of all the elements in a list, returned as a dictionary.
📌 Completion:
import collections
def freq_count(list1):
  freq_count= collections.Counter(list1)
  return freq_count
📉 Completion Loss: 4.7723

🚨 High-loss Sample 43:
📌 Prompt:
Write a function to find the closest smaller number than n.
📌 Completion:
def closest_num(N):
  return (N - 1)
📉 Completion Loss: 2.3252

🚨 High-loss Sample 44:
📌 Prompt:
Write a python function to find the length of the longest word.
📌 Completion:
def len_log(list1):
    max=len(list1[0])
    for i in list1:
        if len(i)>max:
            max=len(i)
    return max
📉 Completion Loss: 9.2648

🚨 High-loss Sample 45:
📌 Prompt:
Write a function to check if a string is present as a substring in a given list of string values.
📌 Completion:
def find_substring(str1, sub_str):
   if any(sub_str in s for s in str1):
       return True
   return False
📉 Completion Loss: 6.5158

🚨 High-loss Sample 46:
📌 Prompt:
Write a function to check whether the given number is undulating or not.
📌 Completion:
def is_undulating(n): 
	n = str(n)
	if (len(n) <= 2): 
		return False
	for i in range(2, len(n)): 
		if (n[i - 2] != n[i]): 
			return False
	return True
📉 Completion Loss: 10.1253

🚨 High-loss Sample 47:
📌 Prompt:
Write a function to calculate the value of 'a' to the power 'b'.
📌 Completion:
def power(a,b):
	if b==0:
		return 1
	elif a==0:
		return 0
	elif b==1:
		return a
	else:
		return a*power(a,b-1)
📉 Completion Loss: 8.0976
[Check] Prompt len: 24, Full len: 68
[Check] Prompt len: 18, Full len: 56

🚨 High-loss Sample 48:
📌 Prompt:
Given a list of tuples, write a function that returns the first value of the tuple with the smallest second value.
📌 Completion:
from operator import itemgetter 
def index_minimum(test_list):
  res = min(test_list, key = itemgetter(1))[0]
  return (res)
📉 Completion Loss: 10.2341

🚨 High-loss Sample 49:
📌 Prompt:
Write a python function to find the length of the smallest list in a list of lists.
📌 Completion:
def Find_Min_Length(lst):  
    minLength = min(len(x) for x in lst )
    return minLength
📉 Completion Loss: 7.9146
✅ Evaluation Complete. Final Avg Loss = 5.0867, Perplexity = 161.85
[Step 1700] PPL(A2C) = 161.85 | AvgR = 0.2839
[Check] Prompt len: 14, Full len: 61
[Check] Prompt len: 11, Full len: 89
[Check] Prompt len: 21, Full len: 65
[Check] Prompt len: 19, Full len: 83
[Check] Prompt len: 18, Full len: 53
[Check] Prompt len: 13, Full len: 48
[Check] Prompt len: 25, Full len: 127
[Check] Prompt len: 18, Full len: 189

🚨 High-loss Sample 0:
📌 Prompt:
Write a function to find the shared elements from the given two lists.
📌 Completion:
def similar_elements(test_tup1, test_tup2):
  res = tuple(set(test_tup1) & set(test_tup2))
  return (res)
📉 Completion Loss: 3.1598

🚨 High-loss Sample 1:
📌 Prompt:
Write a python function to identify non-prime numbers.
📌 Completion:
import math
def is_not_prime(n):
    result = False
    for i in range(2,int(math.sqrt(n)) + 1):
        if n % i == 0:
            result = True
    return result
📉 Completion Loss: 4.7723

🚨 High-loss Sample 2:
📌 Prompt:
Write a function to find the n largest integers from a given list of numbers, returned in descending order.
📌 Completion:
import heapq as hq
def heap_queue_largest(nums,n):
  largest_nums = hq.nlargest(n, nums)
  return largest_nums
📉 Completion Loss: 3.1340

🚨 High-loss Sample 3:
📌 Prompt:
Write a python function to check whether the two numbers differ at one bit position only or not.
📌 Completion:
def is_Power_Of_Two (x): 
    return x and (not(x & (x - 1))) 
def differ_At_One_Bit_Pos(a,b): 
    return is_Power_Of_Two(a ^ b)
📉 Completion Loss: 4.1606

🚨 High-loss Sample 4:
📌 Prompt:
Write a function to find all words which are at least 4 characters long in a string.
📌 Completion:
import re
def find_char_long(text):
  return (re.findall(r"\b\w{4,}\b", text))
📉 Completion Loss: 2.5642

🚨 High-loss Sample 5:
📌 Prompt:
Write a function to find squares of individual elements in a list.
📌 Completion:
def square_nums(nums):
 square_nums = list(map(lambda x: x ** 2, nums))
 return square_nums
📉 Completion Loss: 2.4885

🚨 High-loss Sample 6:
📌 Prompt:
Write a python function to find the minimum number of rotations (greater than 0) required to get the same string.
📌 Completion:
def find_Rotations(str): 
    tmp = str + str
    n = len(str) 
    for i in range(1,n + 1): 
        substring = tmp[i: i+n] 
        if (str == substring): 
            return i 
    return n
📉 Completion Loss: 6.6163

🚨 High-loss Sample 7:
📌 Prompt:
Write a python function to remove first and last occurrence of a given character from the string.
📌 Completion:
def remove_Occ(s,ch): 
    for i in range(len(s)): 
        if (s[i] == ch): 
            s = s[0 : i] + s[i + 1:] 
            break
    for i in range(len(s) - 1,-1,-1):  
        if (s[i] == ch): 
            s = s[0 : i] + s[i + 1:] 
            break
    return s
📉 Completion Loss: 10.4452
[Check] Prompt len: 19, Full len: 47
[Check] Prompt len: 13, Full len: 41
[Check] Prompt len: 25, Full len: 129
[Check] Prompt len: 17, Full len: 36
[Check] Prompt len: 18, Full len: 256
[Check] Prompt len: 16, Full len: 65
[Check] Prompt len: 15, Full len: 114
[Check] Prompt len: 18, Full len: 124

🚨 High-loss Sample 8:
📌 Prompt:
Write a function to sort a given matrix in ascending order according to the sum of its rows.
📌 Completion:
def sort_matrix(M):
    result = sorted(M, key=sum)
    return result
📉 Completion Loss: 1.8316

🚨 High-loss Sample 9:
📌 Prompt:
Write a python function to find the volume of a triangular prism.
📌 Completion:
def find_Volume(l,b,h) : 
    return ((l * b * h) / 2)
📉 Completion Loss: 1.8953

🚨 High-loss Sample 10:
📌 Prompt:
Write a function to that returns true if the input string contains sequences of lowercase letters joined with an underscore and false otherwise.
📌 Completion:
import re
def text_lowercase_underscore(text):
        patterns = '^[a-z]+_[a-z]+$'
        if re.search(patterns,  text):
                return True
        else:
                return False
📉 Completion Loss: 4.8839

🚨 High-loss Sample 11:
📌 Prompt:
Write a function that returns the perimeter of a square given its side length as input.
📌 Completion:
def square_perimeter(a):
  perimeter=4*a
  return perimeter
📉 Completion Loss: 1.6885

🚨 High-loss Sample 12:
📌 Prompt:
Write a function to remove characters from the first string which are present in the second string.
📌 Completion:
NO_OF_CHARS = 256
def str_to_list(string): 
	temp = [] 
	for x in string: 
		temp.append(x) 
	return temp 
def lst_to_string(List): 
	return ''.join(List) 
def get_char_count_array(string): 
	count = [0] * NO_OF_CHARS 
	for i in string: 
		count[ord(i)] += 1
	return count 
def remove_dirty_chars(string, second_string): 
	count = get_char_count_array(second_string) 
	ip_ind = 0
	res_ind = 0
	temp = '' 
	str_list = str_to_list(string) 
	while ip_ind != len(str_list): 
		temp = str_list[ip_ind] 
		if count[ord(temp)] == 0: 
			str_list[res_ind] = str_list[ip_ind] 
			res_ind += 1
		ip_ind+=1
	return lst_to_string(str_list[0:res_ind])
📉 Completion Loss: 10.6777

🚨 High-loss Sample 13:
📌 Prompt:
Write a function to find whether a given array of integers contains any duplicate element.
📌 Completion:
def test_duplicate(arraynums):
    nums_set = set(arraynums)    
    return len(arraynums) != len(nums_set)
📉 Completion Loss: 2.5438

🚨 High-loss Sample 14:
📌 Prompt:
Write a function to check if the given number is woodball or not.
📌 Completion:
def is_woodall(x): 
	if (x % 2 == 0): 
		return False
	if (x == 1): 
		return True
	x = x + 1 
	p = 0
	while (x % 2 == 0): 
		x = x/2
		p = p + 1
		if (p == x): 
			return True
	return False
📉 Completion Loss: 4.3358

🚨 High-loss Sample 15:
📌 Prompt:
Write a python function to check if a given number is one less than twice its reverse.
📌 Completion:
def rev(num):    
    rev_num = 0
    while (num > 0):  
        rev_num = (rev_num * 10 + num % 10) 
        num = num // 10  
    return rev_num  
def check(n):    
    return (2 * rev(n) == n + 1)
📉 Completion Loss: 4.8087
[Check] Prompt len: 20, Full len: 105
[Check] Prompt len: 17, Full len: 41
[Check] Prompt len: 12, Full len: 33
[Check] Prompt len: 21, Full len: 155
[Check] Prompt len: 12, Full len: 26
[Check] Prompt len: 17, Full len: 61
[Check] Prompt len: 18, Full len: 75
[Check] Prompt len: 15, Full len: 87

🚨 High-loss Sample 16:
📌 Prompt:
Write a python function to find the largest number that can be formed with the given list of digits.
📌 Completion:
def find_Max_Num(arr) : 
    n = len(arr)
    arr.sort(reverse = True) 
    num = arr[0] 
    for i in range(1,n) : 
        num = num * 10 + arr[i] 
    return num
📉 Completion Loss: 6.6437

🚨 High-loss Sample 17:
📌 Prompt:
Write a python function to check whether the given two integers have opposite sign or not.
📌 Completion:
def opposite_Signs(x,y): 
    return ((x ^ y) < 0);
📉 Completion Loss: 2.3451

🚨 High-loss Sample 18:
📌 Prompt:
Write a function to find the nth octagonal number.
📌 Completion:
def is_octagonal(n): 
	return 3 * n * n - 2 * n
📉 Completion Loss: 2.1767

🚨 High-loss Sample 19:
📌 Prompt:
Write a python function to count the number of substrings with the sum of digits equal to their length.
📌 Completion:
from collections import defaultdict
def count_Substrings(s):
    n = len(s)
    count,sum = 0,0
    mp = defaultdict(lambda : 0)
    mp[0] += 1
    for i in range(n):
        sum += ord(s[i]) - ord('0')
        count += mp[sum - (i + 1)]
        mp[sum - (i + 1)] += 1
    return count
📉 Completion Loss: 10.3042

🚨 High-loss Sample 20:
📌 Prompt:
Write a python function to find smallest number in a list.
📌 Completion:
def smallest_num(xs):
  return min(xs)
📉 Completion Loss: 1.8822

🚨 High-loss Sample 21:
📌 Prompt:
Write a function to find the maximum difference between available pairs in the given tuple list.
📌 Completion:
def max_difference(test_list):
  temp = [abs(b - a) for a, b in test_list]
  res = max(temp)
  return (res)
📉 Completion Loss: 3.5996

🚨 High-loss Sample 22:
📌 Prompt:
Write a function to sort a list of tuples using the second value of each tuple.
📌 Completion:
def subject_marks(subjectmarks):
#subject_marks = [('English', 88), ('Science', 90), ('Maths', 97), ('Social sciences', 82)])
 subjectmarks.sort(key = lambda x: x[1])
 return subjectmarks
📉 Completion Loss: 4.5554

🚨 High-loss Sample 23:
📌 Prompt:
Write a function to flatten a list and sum all of its elements.
📌 Completion:
def recursive_list_sum(data_list):
	total = 0
	for element in data_list:
		if type(element) == type([]):
			total = total + recursive_list_sum(element)
		else:
			total = total + element
	return total
📉 Completion Loss: 5.4785
[Check] Prompt len: 15, Full len: 64
[Check] Prompt len: 17, Full len: 181
[Check] Prompt len: 17, Full len: 96
[Check] Prompt len: 16, Full len: 193
[Check] Prompt len: 17, Full len: 109
[Check] Prompt len: 10, Full len: 238
[Check] Prompt len: 22, Full len: 60
[Check] Prompt len: 16, Full len: 256

🚨 High-loss Sample 24:
📌 Prompt:
Write a python function to count the number of positive numbers in a list.
📌 Completion:
def pos_count(list):
  pos_count= 0
  for num in list: 
    if num >= 0: 
      pos_count += 1
  return pos_count
📉 Completion Loss: 2.5130

🚨 High-loss Sample 25:
📌 Prompt:
Write a function to find the number of ways to partition a set of Bell numbers.
📌 Completion:
def bell_number(n):   
    bell = [[0 for i in range(n+1)] for j in range(n+1)] 
    bell[0][0] = 1
    for i in range(1, n+1): 
        bell[i][0] = bell[i-1][i-1]  
        for j in range(1, i+1): 
            bell[i][j] = bell[i-1][j-1] + bell[i][j-1]   
    return bell[n][0]
📉 Completion Loss: 7.3557

🚨 High-loss Sample 26:
📌 Prompt:
Write a python function to check whether the given array is monotonic or not.
📌 Completion:
def is_Monotonic(A): 
    return (all(A[i] <= A[i + 1] for i in range(len(A) - 1)) or
            all(A[i] >= A[i + 1] for i in range(len(A) - 1)))
📉 Completion Loss: 3.7304

🚨 High-loss Sample 27:
📌 Prompt:
Write a function to check whether a list contains the given sublist or not.
📌 Completion:
def is_sublist(l, s):
	sub_set = False
	if s == []:
		sub_set = True
	elif s == l:
		sub_set = True
	elif len(s) > len(l):
		sub_set = False
	else:
		for i in range(len(l)):
			if l[i] == s[0]:
				n = 1
				while (n < len(s)) and (l[i+n] == s[n]):
					n += 1				
				if n == len(s):
					sub_set = True
	return sub_set
📉 Completion Loss: 7.6813

🚨 High-loss Sample 28:
📌 Prompt:
Write a function to find whether all the given tuples have equal length or not.
📌 Completion:
def find_equal_tuple(Input):
  k = 0 if not Input else len(Input[0])
  flag = 1
  for tuple in Input:
    if len(tuple) != k:
      flag = 0
      break
  return flag
def get_equal(Input):
  return find_equal_tuple(Input) == 1
📉 Completion Loss: 4.2406

🚨 High-loss Sample 29:
📌 Prompt:
Write a function to sort a list of elements.
📌 Completion:
def comb_sort(nums):
    shrink_fact = 1.3
    gaps = len(nums)
    swapped = True
    i = 0
    while gaps > 1 or swapped:
        gaps = int(float(gaps) / shrink_fact)
        swapped = False
        i = 0
        while gaps + i < len(nums):
            if nums[i] > nums[i+gaps]:
                nums[i], nums[i+gaps] = nums[i+gaps], nums[i]
                swapped = True
            i += 1
    return nums
📉 Completion Loss: 9.9040

🚨 High-loss Sample 30:
📌 Prompt:
Write a python function to check whether the given number can be represented as the difference of two squares or not.
📌 Completion:
def dif_Square(n): 
    if (n % 4 != 2): 
        return True
    return False
📉 Completion Loss: 2.2848

🚨 High-loss Sample 31:
📌 Prompt:
Write a function to check whether it follows the sequence given in the patterns array.
📌 Completion:
def is_samepatterns(colors, patterns):    
    if len(colors) != len(patterns):
        return False    
    sdict = {}
    pset = set()
    sset = set()    
    for i in range(len(patterns)):
        pset.add(patterns[i])
        sset.add(colors[i])
        if patterns[i] not in sdict.keys():
            sdict[patterns[i]] = []

        keys = sdict[patterns[i]]
        keys.append(colors[i])
        sdict[patterns[i]] = keys

    if len(pset) != len(sset):
        return False   

    for values in sdict.values():

        for i in range(len(values) - 1):
            if values[i] != values[i+1]:
                return False

    return True
📉 Completion Loss: 10.6001
[Check] Prompt len: 23, Full len: 64
[Check] Prompt len: 15, Full len: 35
[Check] Prompt len: 17, Full len: 111
[Check] Prompt len: 13, Full len: 42
[Check] Prompt len: 11, Full len: 43
[Check] Prompt len: 26, Full len: 156
[Check] Prompt len: 17, Full len: 68
[Check] Prompt len: 12, Full len: 43

🚨 High-loss Sample 32:
📌 Prompt:
Write a function to find tuples which have all elements divisible by k from the given list of tuples.
📌 Completion:
def find_tuples(test_list, K):
  res = [sub for sub in test_list if all(ele % K == 0 for ele in sub)]
  return res
📉 Completion Loss: 3.6273

🚨 High-loss Sample 33:
📌 Prompt:
Write a python function to find whether a number is divisible by 11.
📌 Completion:
def is_Diff(n): 
    return (n % 11 == 0)
📉 Completion Loss: 2.0682

🚨 High-loss Sample 34:
📌 Prompt:
Write a python function to check whether the length of the word is odd or not.
📌 Completion:
def word_len(s): 
    s = s.split(' ')   
    for word in s:    
        if len(word)%2!=0: 
            return True  
        else:
          return False
📉 Completion Loss: 7.2646

🚨 High-loss Sample 35:
📌 Prompt:
Write a function to find the nth tetrahedral number.
📌 Completion:
def tetrahedral_number(n): 
	return (n * (n + 1) * (n + 2)) / 6
📉 Completion Loss: 2.4750

🚨 High-loss Sample 36:
📌 Prompt:
Write a function to find the volume of a sphere.
📌 Completion:
import math
def volume_sphere(r):
  volume=(4/3)*math.pi*r*r*r
  return volume
📉 Completion Loss: 2.5710

🚨 High-loss Sample 37:
📌 Prompt:
Write a python function to find the character made by adding the ASCII value of all the characters of the given string modulo 26.
📌 Completion:
def get_Char(strr):  
    summ = 0
    for i in range(len(strr)): 
        summ += (ord(strr[i]) - ord('a') + 1)  
    if (summ % 26 == 0): 
        return ord('z') 
    else: 
        summ = summ % 26
        return chr(ord('a') + summ - 1)
📉 Completion Loss: 10.2848

🚨 High-loss Sample 38:
📌 Prompt:
Write a function to find the nth number in the newman conway sequence.
📌 Completion:
def sequence(n): 
	if n == 1 or n == 2: 
		return 1
	else: 
		return sequence(sequence(n-1)) + sequence(n-sequence(n-1))
📉 Completion Loss: 3.9886

🚨 High-loss Sample 39:
📌 Prompt:
Write a function to find the surface area of a sphere.
📌 Completion:
import math
def surfacearea_sphere(r):
  surfacearea=4*math.pi*r*r
  return surfacearea
📉 Completion Loss: 2.5336
[Check] Prompt len: 12, Full len: 36
[Check] Prompt len: 13, Full len: 70
[Check] Prompt len: 20, Full len: 53
[Check] Prompt len: 12, Full len: 27
[Check] Prompt len: 13, Full len: 84
[Check] Prompt len: 22, Full len: 66
[Check] Prompt len: 15, Full len: 92
[Check] Prompt len: 17, Full len: 80

🚨 High-loss Sample 40:
📌 Prompt:
Write a function to find nth centered hexagonal number.
📌 Completion:
def centered_hexagonal_number(n):
  return 3 * n * (n - 1) + 1
📉 Completion Loss: 3.3325

🚨 High-loss Sample 41:
📌 Prompt:
Write a function to merge three dictionaries into a single dictionary.
📌 Completion:
import collections as ct
def merge_dictionaries_three(dict1,dict2, dict3):
    merged_dict = dict(ct.ChainMap({},dict1,dict2,dict3))
    return merged_dict
📉 Completion Loss: 7.5400

🚨 High-loss Sample 42:
📌 Prompt:
Write a function to get the frequency of all the elements in a list, returned as a dictionary.
📌 Completion:
import collections
def freq_count(list1):
  freq_count= collections.Counter(list1)
  return freq_count
📉 Completion Loss: 5.1022

🚨 High-loss Sample 43:
📌 Prompt:
Write a function to find the closest smaller number than n.
📌 Completion:
def closest_num(N):
  return (N - 1)
📉 Completion Loss: 2.5250

🚨 High-loss Sample 44:
📌 Prompt:
Write a python function to find the length of the longest word.
📌 Completion:
def len_log(list1):
    max=len(list1[0])
    for i in list1:
        if len(i)>max:
            max=len(i)
    return max
📉 Completion Loss: 9.4031

🚨 High-loss Sample 45:
📌 Prompt:
Write a function to check if a string is present as a substring in a given list of string values.
📌 Completion:
def find_substring(str1, sub_str):
   if any(sub_str in s for s in str1):
       return True
   return False
📉 Completion Loss: 6.7323

🚨 High-loss Sample 46:
📌 Prompt:
Write a function to check whether the given number is undulating or not.
📌 Completion:
def is_undulating(n): 
	n = str(n)
	if (len(n) <= 2): 
		return False
	for i in range(2, len(n)): 
		if (n[i - 2] != n[i]): 
			return False
	return True
📉 Completion Loss: 10.4006

🚨 High-loss Sample 47:
📌 Prompt:
Write a function to calculate the value of 'a' to the power 'b'.
📌 Completion:
def power(a,b):
	if b==0:
		return 1
	elif a==0:
		return 0
	elif b==1:
		return a
	else:
		return a*power(a,b-1)
📉 Completion Loss: 8.2708
[Check] Prompt len: 24, Full len: 68
[Check] Prompt len: 18, Full len: 56

🚨 High-loss Sample 48:
📌 Prompt:
Given a list of tuples, write a function that returns the first value of the tuple with the smallest second value.
📌 Completion:
from operator import itemgetter 
def index_minimum(test_list):
  res = min(test_list, key = itemgetter(1))[0]
  return (res)
📉 Completion Loss: 10.2754

🚨 High-loss Sample 49:
📌 Prompt:
Write a python function to find the length of the smallest list in a list of lists.
📌 Completion:
def Find_Min_Length(lst):  
    minLength = min(len(x) for x in lst )
    return minLength
📉 Completion Loss: 8.1229
✅ Evaluation Complete. Final Avg Loss = 5.2510, Perplexity = 190.75
[Step 1750] PPL(A2C) = 190.75 | AvgR = 0.2865
[Check] Prompt len: 14, Full len: 61
[Check] Prompt len: 11, Full len: 89
[Check] Prompt len: 21, Full len: 65
[Check] Prompt len: 19, Full len: 83
[Check] Prompt len: 18, Full len: 53
[Check] Prompt len: 13, Full len: 48
[Check] Prompt len: 25, Full len: 127
[Check] Prompt len: 18, Full len: 189

🚨 High-loss Sample 0:
📌 Prompt:
Write a function to find the shared elements from the given two lists.
📌 Completion:
def similar_elements(test_tup1, test_tup2):
  res = tuple(set(test_tup1) & set(test_tup2))
  return (res)
📉 Completion Loss: 3.0690

🚨 High-loss Sample 1:
📌 Prompt:
Write a python function to identify non-prime numbers.
📌 Completion:
import math
def is_not_prime(n):
    result = False
    for i in range(2,int(math.sqrt(n)) + 1):
        if n % i == 0:
            result = True
    return result
📉 Completion Loss: 4.7311

🚨 High-loss Sample 2:
📌 Prompt:
Write a function to find the n largest integers from a given list of numbers, returned in descending order.
📌 Completion:
import heapq as hq
def heap_queue_largest(nums,n):
  largest_nums = hq.nlargest(n, nums)
  return largest_nums
📉 Completion Loss: 2.9871

🚨 High-loss Sample 3:
📌 Prompt:
Write a python function to check whether the two numbers differ at one bit position only or not.
📌 Completion:
def is_Power_Of_Two (x): 
    return x and (not(x & (x - 1))) 
def differ_At_One_Bit_Pos(a,b): 
    return is_Power_Of_Two(a ^ b)
📉 Completion Loss: 4.1066

🚨 High-loss Sample 4:
📌 Prompt:
Write a function to find all words which are at least 4 characters long in a string.
📌 Completion:
import re
def find_char_long(text):
  return (re.findall(r"\b\w{4,}\b", text))
📉 Completion Loss: 2.4430

🚨 High-loss Sample 5:
📌 Prompt:
Write a function to find squares of individual elements in a list.
📌 Completion:
def square_nums(nums):
 square_nums = list(map(lambda x: x ** 2, nums))
 return square_nums
📉 Completion Loss: 2.3405

🚨 High-loss Sample 6:
📌 Prompt:
Write a python function to find the minimum number of rotations (greater than 0) required to get the same string.
📌 Completion:
def find_Rotations(str): 
    tmp = str + str
    n = len(str) 
    for i in range(1,n + 1): 
        substring = tmp[i: i+n] 
        if (str == substring): 
            return i 
    return n
📉 Completion Loss: 6.5661

🚨 High-loss Sample 7:
📌 Prompt:
Write a python function to remove first and last occurrence of a given character from the string.
📌 Completion:
def remove_Occ(s,ch): 
    for i in range(len(s)): 
        if (s[i] == ch): 
            s = s[0 : i] + s[i + 1:] 
            break
    for i in range(len(s) - 1,-1,-1):  
        if (s[i] == ch): 
            s = s[0 : i] + s[i + 1:] 
            break
    return s
📉 Completion Loss: 10.3957
[Check] Prompt len: 19, Full len: 47
[Check] Prompt len: 13, Full len: 41
[Check] Prompt len: 25, Full len: 129
[Check] Prompt len: 17, Full len: 36
[Check] Prompt len: 18, Full len: 256
[Check] Prompt len: 16, Full len: 65
[Check] Prompt len: 15, Full len: 114
[Check] Prompt len: 18, Full len: 124

🚨 High-loss Sample 8:
📌 Prompt:
Write a function to sort a given matrix in ascending order according to the sum of its rows.
📌 Completion:
def sort_matrix(M):
    result = sorted(M, key=sum)
    return result
📉 Completion Loss: 1.6589

🚨 High-loss Sample 9:
📌 Prompt:
Write a python function to find the volume of a triangular prism.
📌 Completion:
def find_Volume(l,b,h) : 
    return ((l * b * h) / 2)
📉 Completion Loss: 1.7112

🚨 High-loss Sample 10:
📌 Prompt:
Write a function to that returns true if the input string contains sequences of lowercase letters joined with an underscore and false otherwise.
📌 Completion:
import re
def text_lowercase_underscore(text):
        patterns = '^[a-z]+_[a-z]+$'
        if re.search(patterns,  text):
                return True
        else:
                return False
📉 Completion Loss: 4.8725

🚨 High-loss Sample 11:
📌 Prompt:
Write a function that returns the perimeter of a square given its side length as input.
📌 Completion:
def square_perimeter(a):
  perimeter=4*a
  return perimeter
📉 Completion Loss: 1.4057

🚨 High-loss Sample 12:
📌 Prompt:
Write a function to remove characters from the first string which are present in the second string.
📌 Completion:
NO_OF_CHARS = 256
def str_to_list(string): 
	temp = [] 
	for x in string: 
		temp.append(x) 
	return temp 
def lst_to_string(List): 
	return ''.join(List) 
def get_char_count_array(string): 
	count = [0] * NO_OF_CHARS 
	for i in string: 
		count[ord(i)] += 1
	return count 
def remove_dirty_chars(string, second_string): 
	count = get_char_count_array(second_string) 
	ip_ind = 0
	res_ind = 0
	temp = '' 
	str_list = str_to_list(string) 
	while ip_ind != len(str_list): 
		temp = str_list[ip_ind] 
		if count[ord(temp)] == 0: 
			str_list[res_ind] = str_list[ip_ind] 
			res_ind += 1
		ip_ind+=1
	return lst_to_string(str_list[0:res_ind])
📉 Completion Loss: 10.5781

🚨 High-loss Sample 13:
📌 Prompt:
Write a function to find whether a given array of integers contains any duplicate element.
📌 Completion:
def test_duplicate(arraynums):
    nums_set = set(arraynums)    
    return len(arraynums) != len(nums_set)
📉 Completion Loss: 2.4613

🚨 High-loss Sample 14:
📌 Prompt:
Write a function to check if the given number is woodball or not.
📌 Completion:
def is_woodall(x): 
	if (x % 2 == 0): 
		return False
	if (x == 1): 
		return True
	x = x + 1 
	p = 0
	while (x % 2 == 0): 
		x = x/2
		p = p + 1
		if (p == x): 
			return True
	return False
📉 Completion Loss: 4.2528

🚨 High-loss Sample 15:
📌 Prompt:
Write a python function to check if a given number is one less than twice its reverse.
📌 Completion:
def rev(num):    
    rev_num = 0
    while (num > 0):  
        rev_num = (rev_num * 10 + num % 10) 
        num = num // 10  
    return rev_num  
def check(n):    
    return (2 * rev(n) == n + 1)
📉 Completion Loss: 4.7641
[Check] Prompt len: 20, Full len: 105
[Check] Prompt len: 17, Full len: 41
[Check] Prompt len: 12, Full len: 33
[Check] Prompt len: 21, Full len: 155
[Check] Prompt len: 12, Full len: 26
[Check] Prompt len: 17, Full len: 61
[Check] Prompt len: 18, Full len: 75
[Check] Prompt len: 15, Full len: 87

🚨 High-loss Sample 16:
📌 Prompt:
Write a python function to find the largest number that can be formed with the given list of digits.
📌 Completion:
def find_Max_Num(arr) : 
    n = len(arr)
    arr.sort(reverse = True) 
    num = arr[0] 
    for i in range(1,n) : 
        num = num * 10 + arr[i] 
    return num
📉 Completion Loss: 6.6005

🚨 High-loss Sample 17:
📌 Prompt:
Write a python function to check whether the given two integers have opposite sign or not.
📌 Completion:
def opposite_Signs(x,y): 
    return ((x ^ y) < 0);
📉 Completion Loss: 2.1834

🚨 High-loss Sample 18:
📌 Prompt:
Write a function to find the nth octagonal number.
📌 Completion:
def is_octagonal(n): 
	return 3 * n * n - 2 * n
📉 Completion Loss: 1.9697

🚨 High-loss Sample 19:
📌 Prompt:
Write a python function to count the number of substrings with the sum of digits equal to their length.
📌 Completion:
from collections import defaultdict
def count_Substrings(s):
    n = len(s)
    count,sum = 0,0
    mp = defaultdict(lambda : 0)
    mp[0] += 1
    for i in range(n):
        sum += ord(s[i]) - ord('0')
        count += mp[sum - (i + 1)]
        mp[sum - (i + 1)] += 1
    return count
📉 Completion Loss: 10.2433

🚨 High-loss Sample 20:
📌 Prompt:
Write a python function to find smallest number in a list.
📌 Completion:
def smallest_num(xs):
  return min(xs)
📉 Completion Loss: 1.6271

🚨 High-loss Sample 21:
📌 Prompt:
Write a function to find the maximum difference between available pairs in the given tuple list.
📌 Completion:
def max_difference(test_list):
  temp = [abs(b - a) for a, b in test_list]
  res = max(temp)
  return (res)
📉 Completion Loss: 3.4731

🚨 High-loss Sample 22:
📌 Prompt:
Write a function to sort a list of tuples using the second value of each tuple.
📌 Completion:
def subject_marks(subjectmarks):
#subject_marks = [('English', 88), ('Science', 90), ('Maths', 97), ('Social sciences', 82)])
 subjectmarks.sort(key = lambda x: x[1])
 return subjectmarks
📉 Completion Loss: 4.4928

🚨 High-loss Sample 23:
📌 Prompt:
Write a function to flatten a list and sum all of its elements.
📌 Completion:
def recursive_list_sum(data_list):
	total = 0
	for element in data_list:
		if type(element) == type([]):
			total = total + recursive_list_sum(element)
		else:
			total = total + element
	return total
📉 Completion Loss: 5.4356
[Check] Prompt len: 15, Full len: 64
[Check] Prompt len: 17, Full len: 181
[Check] Prompt len: 17, Full len: 96
[Check] Prompt len: 16, Full len: 193
[Check] Prompt len: 17, Full len: 109
[Check] Prompt len: 10, Full len: 238
[Check] Prompt len: 22, Full len: 60
[Check] Prompt len: 16, Full len: 256

🚨 High-loss Sample 24:
📌 Prompt:
Write a python function to count the number of positive numbers in a list.
📌 Completion:
def pos_count(list):
  pos_count= 0
  for num in list: 
    if num >= 0: 
      pos_count += 1
  return pos_count
📉 Completion Loss: 2.3923

🚨 High-loss Sample 25:
📌 Prompt:
Write a function to find the number of ways to partition a set of Bell numbers.
📌 Completion:
def bell_number(n):   
    bell = [[0 for i in range(n+1)] for j in range(n+1)] 
    bell[0][0] = 1
    for i in range(1, n+1): 
        bell[i][0] = bell[i-1][i-1]  
        for j in range(1, i+1): 
            bell[i][j] = bell[i-1][j-1] + bell[i][j-1]   
    return bell[n][0]
📉 Completion Loss: 7.2999

🚨 High-loss Sample 26:
📌 Prompt:
Write a python function to check whether the given array is monotonic or not.
📌 Completion:
def is_Monotonic(A): 
    return (all(A[i] <= A[i + 1] for i in range(len(A) - 1)) or
            all(A[i] >= A[i + 1] for i in range(len(A) - 1)))
📉 Completion Loss: 3.6899

🚨 High-loss Sample 27:
📌 Prompt:
Write a function to check whether a list contains the given sublist or not.
📌 Completion:
def is_sublist(l, s):
	sub_set = False
	if s == []:
		sub_set = True
	elif s == l:
		sub_set = True
	elif len(s) > len(l):
		sub_set = False
	else:
		for i in range(len(l)):
			if l[i] == s[0]:
				n = 1
				while (n < len(s)) and (l[i+n] == s[n]):
					n += 1				
				if n == len(s):
					sub_set = True
	return sub_set
📉 Completion Loss: 7.6092

🚨 High-loss Sample 28:
📌 Prompt:
Write a function to find whether all the given tuples have equal length or not.
📌 Completion:
def find_equal_tuple(Input):
  k = 0 if not Input else len(Input[0])
  flag = 1
  for tuple in Input:
    if len(tuple) != k:
      flag = 0
      break
  return flag
def get_equal(Input):
  return find_equal_tuple(Input) == 1
📉 Completion Loss: 4.1999

🚨 High-loss Sample 29:
📌 Prompt:
Write a function to sort a list of elements.
📌 Completion:
def comb_sort(nums):
    shrink_fact = 1.3
    gaps = len(nums)
    swapped = True
    i = 0
    while gaps > 1 or swapped:
        gaps = int(float(gaps) / shrink_fact)
        swapped = False
        i = 0
        while gaps + i < len(nums):
            if nums[i] > nums[i+gaps]:
                nums[i], nums[i+gaps] = nums[i+gaps], nums[i]
                swapped = True
            i += 1
    return nums
📉 Completion Loss: 9.8868

🚨 High-loss Sample 30:
📌 Prompt:
Write a python function to check whether the given number can be represented as the difference of two squares or not.
📌 Completion:
def dif_Square(n): 
    if (n % 4 != 2): 
        return True
    return False
📉 Completion Loss: 2.0727

🚨 High-loss Sample 31:
📌 Prompt:
Write a function to check whether it follows the sequence given in the patterns array.
📌 Completion:
def is_samepatterns(colors, patterns):    
    if len(colors) != len(patterns):
        return False    
    sdict = {}
    pset = set()
    sset = set()    
    for i in range(len(patterns)):
        pset.add(patterns[i])
        sset.add(colors[i])
        if patterns[i] not in sdict.keys():
            sdict[patterns[i]] = []

        keys = sdict[patterns[i]]
        keys.append(colors[i])
        sdict[patterns[i]] = keys

    if len(pset) != len(sset):
        return False   

    for values in sdict.values():

        for i in range(len(values) - 1):
            if values[i] != values[i+1]:
                return False

    return True
📉 Completion Loss: 10.5380
[Check] Prompt len: 23, Full len: 64
[Check] Prompt len: 15, Full len: 35
[Check] Prompt len: 17, Full len: 111
[Check] Prompt len: 13, Full len: 42
[Check] Prompt len: 11, Full len: 43
[Check] Prompt len: 26, Full len: 156
[Check] Prompt len: 17, Full len: 68
[Check] Prompt len: 12, Full len: 43

🚨 High-loss Sample 32:
📌 Prompt:
Write a function to find tuples which have all elements divisible by k from the given list of tuples.
📌 Completion:
def find_tuples(test_list, K):
  res = [sub for sub in test_list if all(ele % K == 0 for ele in sub)]
  return res
📉 Completion Loss: 3.4771

🚨 High-loss Sample 33:
📌 Prompt:
Write a python function to find whether a number is divisible by 11.
📌 Completion:
def is_Diff(n): 
    return (n % 11 == 0)
📉 Completion Loss: 1.8802

🚨 High-loss Sample 34:
📌 Prompt:
Write a python function to check whether the length of the word is odd or not.
📌 Completion:
def word_len(s): 
    s = s.split(' ')   
    for word in s:    
        if len(word)%2!=0: 
            return True  
        else:
          return False
📉 Completion Loss: 7.2450

🚨 High-loss Sample 35:
📌 Prompt:
Write a function to find the nth tetrahedral number.
📌 Completion:
def tetrahedral_number(n): 
	return (n * (n + 1) * (n + 2)) / 6
📉 Completion Loss: 2.3860

🚨 High-loss Sample 36:
📌 Prompt:
Write a function to find the volume of a sphere.
📌 Completion:
import math
def volume_sphere(r):
  volume=(4/3)*math.pi*r*r*r
  return volume
📉 Completion Loss: 2.4884

🚨 High-loss Sample 37:
📌 Prompt:
Write a python function to find the character made by adding the ASCII value of all the characters of the given string modulo 26.
📌 Completion:
def get_Char(strr):  
    summ = 0
    for i in range(len(strr)): 
        summ += (ord(strr[i]) - ord('a') + 1)  
    if (summ % 26 == 0): 
        return ord('z') 
    else: 
        summ = summ % 26
        return chr(ord('a') + summ - 1)
📉 Completion Loss: 10.2381

🚨 High-loss Sample 38:
📌 Prompt:
Write a function to find the nth number in the newman conway sequence.
📌 Completion:
def sequence(n): 
	if n == 1 or n == 2: 
		return 1
	else: 
		return sequence(sequence(n-1)) + sequence(n-sequence(n-1))
📉 Completion Loss: 3.9151

🚨 High-loss Sample 39:
📌 Prompt:
Write a function to find the surface area of a sphere.
📌 Completion:
import math
def surfacearea_sphere(r):
  surfacearea=4*math.pi*r*r
  return surfacearea
📉 Completion Loss: 2.4429
[Check] Prompt len: 12, Full len: 36
[Check] Prompt len: 13, Full len: 70
[Check] Prompt len: 20, Full len: 53
[Check] Prompt len: 12, Full len: 27
[Check] Prompt len: 13, Full len: 84
[Check] Prompt len: 22, Full len: 66
[Check] Prompt len: 15, Full len: 92
[Check] Prompt len: 17, Full len: 80

🚨 High-loss Sample 40:
📌 Prompt:
Write a function to find nth centered hexagonal number.
📌 Completion:
def centered_hexagonal_number(n):
  return 3 * n * (n - 1) + 1
📉 Completion Loss: 3.2621

🚨 High-loss Sample 41:
📌 Prompt:
Write a function to merge three dictionaries into a single dictionary.
📌 Completion:
import collections as ct
def merge_dictionaries_three(dict1,dict2, dict3):
    merged_dict = dict(ct.ChainMap({},dict1,dict2,dict3))
    return merged_dict
📉 Completion Loss: 7.5338

🚨 High-loss Sample 42:
📌 Prompt:
Write a function to get the frequency of all the elements in a list, returned as a dictionary.
📌 Completion:
import collections
def freq_count(list1):
  freq_count= collections.Counter(list1)
  return freq_count
📉 Completion Loss: 4.8903

🚨 High-loss Sample 43:
📌 Prompt:
Write a function to find the closest smaller number than n.
📌 Completion:
def closest_num(N):
  return (N - 1)
📉 Completion Loss: 2.3660

🚨 High-loss Sample 44:
📌 Prompt:
Write a python function to find the length of the longest word.
📌 Completion:
def len_log(list1):
    max=len(list1[0])
    for i in list1:
        if len(i)>max:
            max=len(i)
    return max
📉 Completion Loss: 9.3744

🚨 High-loss Sample 45:
📌 Prompt:
Write a function to check if a string is present as a substring in a given list of string values.
📌 Completion:
def find_substring(str1, sub_str):
   if any(sub_str in s for s in str1):
       return True
   return False
📉 Completion Loss: 6.5847

🚨 High-loss Sample 46:
📌 Prompt:
Write a function to check whether the given number is undulating or not.
📌 Completion:
def is_undulating(n): 
	n = str(n)
	if (len(n) <= 2): 
		return False
	for i in range(2, len(n)): 
		if (n[i - 2] != n[i]): 
			return False
	return True
📉 Completion Loss: 10.3452

🚨 High-loss Sample 47:
📌 Prompt:
Write a function to calculate the value of 'a' to the power 'b'.
📌 Completion:
def power(a,b):
	if b==0:
		return 1
	elif a==0:
		return 0
	elif b==1:
		return a
	else:
		return a*power(a,b-1)
📉 Completion Loss: 8.1726
[Check] Prompt len: 24, Full len: 68
[Check] Prompt len: 18, Full len: 56

🚨 High-loss Sample 48:
📌 Prompt:
Given a list of tuples, write a function that returns the first value of the tuple with the smallest second value.
📌 Completion:
from operator import itemgetter 
def index_minimum(test_list):
  res = min(test_list, key = itemgetter(1))[0]
  return (res)
📉 Completion Loss: 10.2470

🚨 High-loss Sample 49:
📌 Prompt:
Write a python function to find the length of the smallest list in a list of lists.
📌 Completion:
def Find_Min_Length(lst):  
    minLength = min(len(x) for x in lst )
    return minLength
📉 Completion Loss: 7.9995
✅ Evaluation Complete. Final Avg Loss = 5.1768, Perplexity = 177.12
[Step 1800] PPL(A2C) = 177.12 | AvgR = 0.3229
[Check] Prompt len: 14, Full len: 61
[Check] Prompt len: 11, Full len: 89
[Check] Prompt len: 21, Full len: 65
[Check] Prompt len: 19, Full len: 83
[Check] Prompt len: 18, Full len: 53
[Check] Prompt len: 13, Full len: 48
[Check] Prompt len: 25, Full len: 127
[Check] Prompt len: 18, Full len: 189

🚨 High-loss Sample 0:
📌 Prompt:
Write a function to find the shared elements from the given two lists.
📌 Completion:
def similar_elements(test_tup1, test_tup2):
  res = tuple(set(test_tup1) & set(test_tup2))
  return (res)
📉 Completion Loss: 3.0444

🚨 High-loss Sample 1:
📌 Prompt:
Write a python function to identify non-prime numbers.
📌 Completion:
import math
def is_not_prime(n):
    result = False
    for i in range(2,int(math.sqrt(n)) + 1):
        if n % i == 0:
            result = True
    return result
📉 Completion Loss: 4.8232

🚨 High-loss Sample 2:
📌 Prompt:
Write a function to find the n largest integers from a given list of numbers, returned in descending order.
📌 Completion:
import heapq as hq
def heap_queue_largest(nums,n):
  largest_nums = hq.nlargest(n, nums)
  return largest_nums
📉 Completion Loss: 3.0190

🚨 High-loss Sample 3:
📌 Prompt:
Write a python function to check whether the two numbers differ at one bit position only or not.
📌 Completion:
def is_Power_Of_Two (x): 
    return x and (not(x & (x - 1))) 
def differ_At_One_Bit_Pos(a,b): 
    return is_Power_Of_Two(a ^ b)
📉 Completion Loss: 4.1374

🚨 High-loss Sample 4:
📌 Prompt:
Write a function to find all words which are at least 4 characters long in a string.
📌 Completion:
import re
def find_char_long(text):
  return (re.findall(r"\b\w{4,}\b", text))
📉 Completion Loss: 2.3809

🚨 High-loss Sample 5:
📌 Prompt:
Write a function to find squares of individual elements in a list.
📌 Completion:
def square_nums(nums):
 square_nums = list(map(lambda x: x ** 2, nums))
 return square_nums
📉 Completion Loss: 2.3049

🚨 High-loss Sample 6:
📌 Prompt:
Write a python function to find the minimum number of rotations (greater than 0) required to get the same string.
📌 Completion:
def find_Rotations(str): 
    tmp = str + str
    n = len(str) 
    for i in range(1,n + 1): 
        substring = tmp[i: i+n] 
        if (str == substring): 
            return i 
    return n
📉 Completion Loss: 6.7010

🚨 High-loss Sample 7:
📌 Prompt:
Write a python function to remove first and last occurrence of a given character from the string.
📌 Completion:
def remove_Occ(s,ch): 
    for i in range(len(s)): 
        if (s[i] == ch): 
            s = s[0 : i] + s[i + 1:] 
            break
    for i in range(len(s) - 1,-1,-1):  
        if (s[i] == ch): 
            s = s[0 : i] + s[i + 1:] 
            break
    return s
📉 Completion Loss: 10.6642
[Check] Prompt len: 19, Full len: 47
[Check] Prompt len: 13, Full len: 41
[Check] Prompt len: 25, Full len: 129
[Check] Prompt len: 17, Full len: 36
[Check] Prompt len: 18, Full len: 256
[Check] Prompt len: 16, Full len: 65
[Check] Prompt len: 15, Full len: 114
[Check] Prompt len: 18, Full len: 124

🚨 High-loss Sample 8:
📌 Prompt:
Write a function to sort a given matrix in ascending order according to the sum of its rows.
📌 Completion:
def sort_matrix(M):
    result = sorted(M, key=sum)
    return result
📉 Completion Loss: 1.5210

🚨 High-loss Sample 9:
📌 Prompt:
Write a python function to find the volume of a triangular prism.
📌 Completion:
def find_Volume(l,b,h) : 
    return ((l * b * h) / 2)
📉 Completion Loss: 1.5605

🚨 High-loss Sample 10:
📌 Prompt:
Write a function to that returns true if the input string contains sequences of lowercase letters joined with an underscore and false otherwise.
📌 Completion:
import re
def text_lowercase_underscore(text):
        patterns = '^[a-z]+_[a-z]+$'
        if re.search(patterns,  text):
                return True
        else:
                return False
📉 Completion Loss: 4.9583

🚨 High-loss Sample 11:
📌 Prompt:
Write a function that returns the perimeter of a square given its side length as input.
📌 Completion:
def square_perimeter(a):
  perimeter=4*a
  return perimeter
📉 Completion Loss: 1.2170

🚨 High-loss Sample 12:
📌 Prompt:
Write a function to remove characters from the first string which are present in the second string.
📌 Completion:
NO_OF_CHARS = 256
def str_to_list(string): 
	temp = [] 
	for x in string: 
		temp.append(x) 
	return temp 
def lst_to_string(List): 
	return ''.join(List) 
def get_char_count_array(string): 
	count = [0] * NO_OF_CHARS 
	for i in string: 
		count[ord(i)] += 1
	return count 
def remove_dirty_chars(string, second_string): 
	count = get_char_count_array(second_string) 
	ip_ind = 0
	res_ind = 0
	temp = '' 
	str_list = str_to_list(string) 
	while ip_ind != len(str_list): 
		temp = str_list[ip_ind] 
		if count[ord(temp)] == 0: 
			str_list[res_ind] = str_list[ip_ind] 
			res_ind += 1
		ip_ind+=1
	return lst_to_string(str_list[0:res_ind])
📉 Completion Loss: 10.9033

🚨 High-loss Sample 13:
📌 Prompt:
Write a function to find whether a given array of integers contains any duplicate element.
📌 Completion:
def test_duplicate(arraynums):
    nums_set = set(arraynums)    
    return len(arraynums) != len(nums_set)
📉 Completion Loss: 2.4224

🚨 High-loss Sample 14:
📌 Prompt:
Write a function to check if the given number is woodball or not.
📌 Completion:
def is_woodall(x): 
	if (x % 2 == 0): 
		return False
	if (x == 1): 
		return True
	x = x + 1 
	p = 0
	while (x % 2 == 0): 
		x = x/2
		p = p + 1
		if (p == x): 
			return True
	return False
📉 Completion Loss: 4.3912

🚨 High-loss Sample 15:
📌 Prompt:
Write a python function to check if a given number is one less than twice its reverse.
📌 Completion:
def rev(num):    
    rev_num = 0
    while (num > 0):  
        rev_num = (rev_num * 10 + num % 10) 
        num = num // 10  
    return rev_num  
def check(n):    
    return (2 * rev(n) == n + 1)
📉 Completion Loss: 4.8038
[Check] Prompt len: 20, Full len: 105
[Check] Prompt len: 17, Full len: 41
[Check] Prompt len: 12, Full len: 33
[Check] Prompt len: 21, Full len: 155
[Check] Prompt len: 12, Full len: 26
[Check] Prompt len: 17, Full len: 61
[Check] Prompt len: 18, Full len: 75
[Check] Prompt len: 15, Full len: 87

🚨 High-loss Sample 16:
📌 Prompt:
Write a python function to find the largest number that can be formed with the given list of digits.
📌 Completion:
def find_Max_Num(arr) : 
    n = len(arr)
    arr.sort(reverse = True) 
    num = arr[0] 
    for i in range(1,n) : 
        num = num * 10 + arr[i] 
    return num
📉 Completion Loss: 6.8137

🚨 High-loss Sample 17:
📌 Prompt:
Write a python function to check whether the given two integers have opposite sign or not.
📌 Completion:
def opposite_Signs(x,y): 
    return ((x ^ y) < 0);
📉 Completion Loss: 2.0581

🚨 High-loss Sample 18:
📌 Prompt:
Write a function to find the nth octagonal number.
📌 Completion:
def is_octagonal(n): 
	return 3 * n * n - 2 * n
📉 Completion Loss: 1.7900

🚨 High-loss Sample 19:
📌 Prompt:
Write a python function to count the number of substrings with the sum of digits equal to their length.
📌 Completion:
from collections import defaultdict
def count_Substrings(s):
    n = len(s)
    count,sum = 0,0
    mp = defaultdict(lambda : 0)
    mp[0] += 1
    for i in range(n):
        sum += ord(s[i]) - ord('0')
        count += mp[sum - (i + 1)]
        mp[sum - (i + 1)] += 1
    return count
📉 Completion Loss: 10.5554

🚨 High-loss Sample 20:
📌 Prompt:
Write a python function to find smallest number in a list.
📌 Completion:
def smallest_num(xs):
  return min(xs)
📉 Completion Loss: 1.4113

🚨 High-loss Sample 21:
📌 Prompt:
Write a function to find the maximum difference between available pairs in the given tuple list.
📌 Completion:
def max_difference(test_list):
  temp = [abs(b - a) for a, b in test_list]
  res = max(temp)
  return (res)
📉 Completion Loss: 3.5138

🚨 High-loss Sample 22:
📌 Prompt:
Write a function to sort a list of tuples using the second value of each tuple.
📌 Completion:
def subject_marks(subjectmarks):
#subject_marks = [('English', 88), ('Science', 90), ('Maths', 97), ('Social sciences', 82)])
 subjectmarks.sort(key = lambda x: x[1])
 return subjectmarks
📉 Completion Loss: 4.5366

🚨 High-loss Sample 23:
📌 Prompt:
Write a function to flatten a list and sum all of its elements.
📌 Completion:
def recursive_list_sum(data_list):
	total = 0
	for element in data_list:
		if type(element) == type([]):
			total = total + recursive_list_sum(element)
		else:
			total = total + element
	return total
📉 Completion Loss: 5.5952
[Check] Prompt len: 15, Full len: 64
[Check] Prompt len: 17, Full len: 181
[Check] Prompt len: 17, Full len: 96
[Check] Prompt len: 16, Full len: 193
[Check] Prompt len: 17, Full len: 109
[Check] Prompt len: 10, Full len: 238
[Check] Prompt len: 22, Full len: 60
[Check] Prompt len: 16, Full len: 256

🚨 High-loss Sample 24:
📌 Prompt:
Write a python function to count the number of positive numbers in a list.
📌 Completion:
def pos_count(list):
  pos_count= 0
  for num in list: 
    if num >= 0: 
      pos_count += 1
  return pos_count
📉 Completion Loss: 2.4254

🚨 High-loss Sample 25:
📌 Prompt:
Write a function to find the number of ways to partition a set of Bell numbers.
📌 Completion:
def bell_number(n):   
    bell = [[0 for i in range(n+1)] for j in range(n+1)] 
    bell[0][0] = 1
    for i in range(1, n+1): 
        bell[i][0] = bell[i-1][i-1]  
        for j in range(1, i+1): 
            bell[i][j] = bell[i-1][j-1] + bell[i][j-1]   
    return bell[n][0]
📉 Completion Loss: 7.5978

🚨 High-loss Sample 26:
📌 Prompt:
Write a python function to check whether the given array is monotonic or not.
📌 Completion:
def is_Monotonic(A): 
    return (all(A[i] <= A[i + 1] for i in range(len(A) - 1)) or
            all(A[i] >= A[i + 1] for i in range(len(A) - 1)))
📉 Completion Loss: 3.6921

🚨 High-loss Sample 27:
📌 Prompt:
Write a function to check whether a list contains the given sublist or not.
📌 Completion:
def is_sublist(l, s):
	sub_set = False
	if s == []:
		sub_set = True
	elif s == l:
		sub_set = True
	elif len(s) > len(l):
		sub_set = False
	else:
		for i in range(len(l)):
			if l[i] == s[0]:
				n = 1
				while (n < len(s)) and (l[i+n] == s[n]):
					n += 1				
				if n == len(s):
					sub_set = True
	return sub_set
📉 Completion Loss: 7.8700

🚨 High-loss Sample 28:
📌 Prompt:
Write a function to find whether all the given tuples have equal length or not.
📌 Completion:
def find_equal_tuple(Input):
  k = 0 if not Input else len(Input[0])
  flag = 1
  for tuple in Input:
    if len(tuple) != k:
      flag = 0
      break
  return flag
def get_equal(Input):
  return find_equal_tuple(Input) == 1
📉 Completion Loss: 4.2828

🚨 High-loss Sample 29:
📌 Prompt:
Write a function to sort a list of elements.
📌 Completion:
def comb_sort(nums):
    shrink_fact = 1.3
    gaps = len(nums)
    swapped = True
    i = 0
    while gaps > 1 or swapped:
        gaps = int(float(gaps) / shrink_fact)
        swapped = False
        i = 0
        while gaps + i < len(nums):
            if nums[i] > nums[i+gaps]:
                nums[i], nums[i+gaps] = nums[i+gaps], nums[i]
                swapped = True
            i += 1
    return nums
📉 Completion Loss: 10.0751

🚨 High-loss Sample 30:
📌 Prompt:
Write a python function to check whether the given number can be represented as the difference of two squares or not.
📌 Completion:
def dif_Square(n): 
    if (n % 4 != 2): 
        return True
    return False
📉 Completion Loss: 1.9971

🚨 High-loss Sample 31:
📌 Prompt:
Write a function to check whether it follows the sequence given in the patterns array.
📌 Completion:
def is_samepatterns(colors, patterns):    
    if len(colors) != len(patterns):
        return False    
    sdict = {}
    pset = set()
    sset = set()    
    for i in range(len(patterns)):
        pset.add(patterns[i])
        sset.add(colors[i])
        if patterns[i] not in sdict.keys():
            sdict[patterns[i]] = []

        keys = sdict[patterns[i]]
        keys.append(colors[i])
        sdict[patterns[i]] = keys

    if len(pset) != len(sset):
        return False   

    for values in sdict.values():

        for i in range(len(values) - 1):
            if values[i] != values[i+1]:
                return False

    return True
📉 Completion Loss: 10.7799
[Check] Prompt len: 23, Full len: 64
[Check] Prompt len: 15, Full len: 35
[Check] Prompt len: 17, Full len: 111
[Check] Prompt len: 13, Full len: 42
[Check] Prompt len: 11, Full len: 43
[Check] Prompt len: 26, Full len: 156
[Check] Prompt len: 17, Full len: 68
[Check] Prompt len: 12, Full len: 43

🚨 High-loss Sample 32:
📌 Prompt:
Write a function to find tuples which have all elements divisible by k from the given list of tuples.
📌 Completion:
def find_tuples(test_list, K):
  res = [sub for sub in test_list if all(ele % K == 0 for ele in sub)]
  return res
📉 Completion Loss: 3.4480

🚨 High-loss Sample 33:
📌 Prompt:
Write a python function to find whether a number is divisible by 11.
📌 Completion:
def is_Diff(n): 
    return (n % 11 == 0)
📉 Completion Loss: 1.7502

🚨 High-loss Sample 34:
📌 Prompt:
Write a python function to check whether the length of the word is odd or not.
📌 Completion:
def word_len(s): 
    s = s.split(' ')   
    for word in s:    
        if len(word)%2!=0: 
            return True  
        else:
          return False
📉 Completion Loss: 7.4505

🚨 High-loss Sample 35:
📌 Prompt:
Write a function to find the nth tetrahedral number.
📌 Completion:
def tetrahedral_number(n): 
	return (n * (n + 1) * (n + 2)) / 6
📉 Completion Loss: 2.2788

🚨 High-loss Sample 36:
📌 Prompt:
Write a function to find the volume of a sphere.
📌 Completion:
import math
def volume_sphere(r):
  volume=(4/3)*math.pi*r*r*r
  return volume
📉 Completion Loss: 2.4249

🚨 High-loss Sample 37:
📌 Prompt:
Write a python function to find the character made by adding the ASCII value of all the characters of the given string modulo 26.
📌 Completion:
def get_Char(strr):  
    summ = 0
    for i in range(len(strr)): 
        summ += (ord(strr[i]) - ord('a') + 1)  
    if (summ % 26 == 0): 
        return ord('z') 
    else: 
        summ = summ % 26
        return chr(ord('a') + summ - 1)
📉 Completion Loss: 10.5604

🚨 High-loss Sample 38:
📌 Prompt:
Write a function to find the nth number in the newman conway sequence.
📌 Completion:
def sequence(n): 
	if n == 1 or n == 2: 
		return 1
	else: 
		return sequence(sequence(n-1)) + sequence(n-sequence(n-1))
📉 Completion Loss: 4.0347

🚨 High-loss Sample 39:
📌 Prompt:
Write a function to find the surface area of a sphere.
📌 Completion:
import math
def surfacearea_sphere(r):
  surfacearea=4*math.pi*r*r
  return surfacearea
📉 Completion Loss: 2.4000
[Check] Prompt len: 12, Full len: 36
[Check] Prompt len: 13, Full len: 70
[Check] Prompt len: 20, Full len: 53
[Check] Prompt len: 12, Full len: 27
[Check] Prompt len: 13, Full len: 84
[Check] Prompt len: 22, Full len: 66
[Check] Prompt len: 15, Full len: 92
[Check] Prompt len: 17, Full len: 80

🚨 High-loss Sample 40:
📌 Prompt:
Write a function to find nth centered hexagonal number.
📌 Completion:
def centered_hexagonal_number(n):
  return 3 * n * (n - 1) + 1
📉 Completion Loss: 3.2074

🚨 High-loss Sample 41:
📌 Prompt:
Write a function to merge three dictionaries into a single dictionary.
📌 Completion:
import collections as ct
def merge_dictionaries_three(dict1,dict2, dict3):
    merged_dict = dict(ct.ChainMap({},dict1,dict2,dict3))
    return merged_dict
📉 Completion Loss: 7.6578

🚨 High-loss Sample 42:
📌 Prompt:
Write a function to get the frequency of all the elements in a list, returned as a dictionary.
📌 Completion:
import collections
def freq_count(list1):
  freq_count= collections.Counter(list1)
  return freq_count
📉 Completion Loss: 4.9612

🚨 High-loss Sample 43:
📌 Prompt:
Write a function to find the closest smaller number than n.
📌 Completion:
def closest_num(N):
  return (N - 1)
📉 Completion Loss: 2.1827

🚨 High-loss Sample 44:
📌 Prompt:
Write a python function to find the length of the longest word.
📌 Completion:
def len_log(list1):
    max=len(list1[0])
    for i in list1:
        if len(i)>max:
            max=len(i)
    return max
📉 Completion Loss: 9.7020

🚨 High-loss Sample 45:
📌 Prompt:
Write a function to check if a string is present as a substring in a given list of string values.
📌 Completion:
def find_substring(str1, sub_str):
   if any(sub_str in s for s in str1):
       return True
   return False
📉 Completion Loss: 6.7741

🚨 High-loss Sample 46:
📌 Prompt:
Write a function to check whether the given number is undulating or not.
📌 Completion:
def is_undulating(n): 
	n = str(n)
	if (len(n) <= 2): 
		return False
	for i in range(2, len(n)): 
		if (n[i - 2] != n[i]): 
			return False
	return True
📉 Completion Loss: 10.8451

🚨 High-loss Sample 47:
📌 Prompt:
Write a function to calculate the value of 'a' to the power 'b'.
📌 Completion:
def power(a,b):
	if b==0:
		return 1
	elif a==0:
		return 0
	elif b==1:
		return a
	else:
		return a*power(a,b-1)
📉 Completion Loss: 8.4981
[Check] Prompt len: 24, Full len: 68
[Check] Prompt len: 18, Full len: 56

🚨 High-loss Sample 48:
📌 Prompt:
Given a list of tuples, write a function that returns the first value of the tuple with the smallest second value.
📌 Completion:
from operator import itemgetter 
def index_minimum(test_list):
  res = min(test_list, key = itemgetter(1))[0]
  return (res)
📉 Completion Loss: 10.4791

🚨 High-loss Sample 49:
📌 Prompt:
Write a python function to find the length of the smallest list in a list of lists.
📌 Completion:
def Find_Min_Length(lst):  
    minLength = min(len(x) for x in lst )
    return minLength
📉 Completion Loss: 8.0051
✅ Evaluation Complete. Final Avg Loss = 5.2660, Perplexity = 193.63
[Step 1850] PPL(A2C) = 193.63 | AvgR = 0.3137
[Check] Prompt len: 14, Full len: 61
[Check] Prompt len: 11, Full len: 89
[Check] Prompt len: 21, Full len: 65
[Check] Prompt len: 19, Full len: 83
[Check] Prompt len: 18, Full len: 53
[Check] Prompt len: 13, Full len: 48
[Check] Prompt len: 25, Full len: 127
[Check] Prompt len: 18, Full len: 189

🚨 High-loss Sample 0:
📌 Prompt:
Write a function to find the shared elements from the given two lists.
📌 Completion:
def similar_elements(test_tup1, test_tup2):
  res = tuple(set(test_tup1) & set(test_tup2))
  return (res)
📉 Completion Loss: 2.9731

🚨 High-loss Sample 1:
📌 Prompt:
Write a python function to identify non-prime numbers.
📌 Completion:
import math
def is_not_prime(n):
    result = False
    for i in range(2,int(math.sqrt(n)) + 1):
        if n % i == 0:
            result = True
    return result
📉 Completion Loss: 4.8585

🚨 High-loss Sample 2:
📌 Prompt:
Write a function to find the n largest integers from a given list of numbers, returned in descending order.
📌 Completion:
import heapq as hq
def heap_queue_largest(nums,n):
  largest_nums = hq.nlargest(n, nums)
  return largest_nums
📉 Completion Loss: 2.9684

🚨 High-loss Sample 3:
📌 Prompt:
Write a python function to check whether the two numbers differ at one bit position only or not.
📌 Completion:
def is_Power_Of_Two (x): 
    return x and (not(x & (x - 1))) 
def differ_At_One_Bit_Pos(a,b): 
    return is_Power_Of_Two(a ^ b)
📉 Completion Loss: 4.1271

🚨 High-loss Sample 4:
📌 Prompt:
Write a function to find all words which are at least 4 characters long in a string.
📌 Completion:
import re
def find_char_long(text):
  return (re.findall(r"\b\w{4,}\b", text))
📉 Completion Loss: 2.3123

🚨 High-loss Sample 5:
📌 Prompt:
Write a function to find squares of individual elements in a list.
📌 Completion:
def square_nums(nums):
 square_nums = list(map(lambda x: x ** 2, nums))
 return square_nums
📉 Completion Loss: 2.2562

🚨 High-loss Sample 6:
📌 Prompt:
Write a python function to find the minimum number of rotations (greater than 0) required to get the same string.
📌 Completion:
def find_Rotations(str): 
    tmp = str + str
    n = len(str) 
    for i in range(1,n + 1): 
        substring = tmp[i: i+n] 
        if (str == substring): 
            return i 
    return n
📉 Completion Loss: 6.7563

🚨 High-loss Sample 7:
📌 Prompt:
Write a python function to remove first and last occurrence of a given character from the string.
📌 Completion:
def remove_Occ(s,ch): 
    for i in range(len(s)): 
        if (s[i] == ch): 
            s = s[0 : i] + s[i + 1:] 
            break
    for i in range(len(s) - 1,-1,-1):  
        if (s[i] == ch): 
            s = s[0 : i] + s[i + 1:] 
            break
    return s
📉 Completion Loss: 10.8136
[Check] Prompt len: 19, Full len: 47
[Check] Prompt len: 13, Full len: 41
[Check] Prompt len: 25, Full len: 129
[Check] Prompt len: 17, Full len: 36
[Check] Prompt len: 18, Full len: 256
[Check] Prompt len: 16, Full len: 65
[Check] Prompt len: 15, Full len: 114
[Check] Prompt len: 18, Full len: 124

🚨 High-loss Sample 8:
📌 Prompt:
Write a function to sort a given matrix in ascending order according to the sum of its rows.
📌 Completion:
def sort_matrix(M):
    result = sorted(M, key=sum)
    return result
📉 Completion Loss: 1.4123

🚨 High-loss Sample 9:
📌 Prompt:
Write a python function to find the volume of a triangular prism.
📌 Completion:
def find_Volume(l,b,h) : 
    return ((l * b * h) / 2)
📉 Completion Loss: 1.4232

🚨 High-loss Sample 10:
📌 Prompt:
Write a function to that returns true if the input string contains sequences of lowercase letters joined with an underscore and false otherwise.
📌 Completion:
import re
def text_lowercase_underscore(text):
        patterns = '^[a-z]+_[a-z]+$'
        if re.search(patterns,  text):
                return True
        else:
                return False
📉 Completion Loss: 4.9894

🚨 High-loss Sample 11:
📌 Prompt:
Write a function that returns the perimeter of a square given its side length as input.
📌 Completion:
def square_perimeter(a):
  perimeter=4*a
  return perimeter
📉 Completion Loss: 1.0611

🚨 High-loss Sample 12:
📌 Prompt:
Write a function to remove characters from the first string which are present in the second string.
📌 Completion:
NO_OF_CHARS = 256
def str_to_list(string): 
	temp = [] 
	for x in string: 
		temp.append(x) 
	return temp 
def lst_to_string(List): 
	return ''.join(List) 
def get_char_count_array(string): 
	count = [0] * NO_OF_CHARS 
	for i in string: 
		count[ord(i)] += 1
	return count 
def remove_dirty_chars(string, second_string): 
	count = get_char_count_array(second_string) 
	ip_ind = 0
	res_ind = 0
	temp = '' 
	str_list = str_to_list(string) 
	while ip_ind != len(str_list): 
		temp = str_list[ip_ind] 
		if count[ord(temp)] == 0: 
			str_list[res_ind] = str_list[ip_ind] 
			res_ind += 1
		ip_ind+=1
	return lst_to_string(str_list[0:res_ind])
📉 Completion Loss: 10.9157

🚨 High-loss Sample 13:
📌 Prompt:
Write a function to find whether a given array of integers contains any duplicate element.
📌 Completion:
def test_duplicate(arraynums):
    nums_set = set(arraynums)    
    return len(arraynums) != len(nums_set)
📉 Completion Loss: 2.3484

🚨 High-loss Sample 14:
📌 Prompt:
Write a function to check if the given number is woodball or not.
📌 Completion:
def is_woodall(x): 
	if (x % 2 == 0): 
		return False
	if (x == 1): 
		return True
	x = x + 1 
	p = 0
	while (x % 2 == 0): 
		x = x/2
		p = p + 1
		if (p == x): 
			return True
	return False
📉 Completion Loss: 4.4071

🚨 High-loss Sample 15:
📌 Prompt:
Write a python function to check if a given number is one less than twice its reverse.
📌 Completion:
def rev(num):    
    rev_num = 0
    while (num > 0):  
        rev_num = (rev_num * 10 + num % 10) 
        num = num // 10  
    return rev_num  
def check(n):    
    return (2 * rev(n) == n + 1)
📉 Completion Loss: 4.7934
[Check] Prompt len: 20, Full len: 105
[Check] Prompt len: 17, Full len: 41
[Check] Prompt len: 12, Full len: 33
[Check] Prompt len: 21, Full len: 155
[Check] Prompt len: 12, Full len: 26
[Check] Prompt len: 17, Full len: 61
[Check] Prompt len: 18, Full len: 75
[Check] Prompt len: 15, Full len: 87

🚨 High-loss Sample 16:
📌 Prompt:
Write a python function to find the largest number that can be formed with the given list of digits.
📌 Completion:
def find_Max_Num(arr) : 
    n = len(arr)
    arr.sort(reverse = True) 
    num = arr[0] 
    for i in range(1,n) : 
        num = num * 10 + arr[i] 
    return num
📉 Completion Loss: 6.8756

🚨 High-loss Sample 17:
📌 Prompt:
Write a python function to check whether the given two integers have opposite sign or not.
📌 Completion:
def opposite_Signs(x,y): 
    return ((x ^ y) < 0);
📉 Completion Loss: 1.9731

🚨 High-loss Sample 18:
📌 Prompt:
Write a function to find the nth octagonal number.
📌 Completion:
def is_octagonal(n): 
	return 3 * n * n - 2 * n
📉 Completion Loss: 1.6835

🚨 High-loss Sample 19:
📌 Prompt:
Write a python function to count the number of substrings with the sum of digits equal to their length.
📌 Completion:
from collections import defaultdict
def count_Substrings(s):
    n = len(s)
    count,sum = 0,0
    mp = defaultdict(lambda : 0)
    mp[0] += 1
    for i in range(n):
        sum += ord(s[i]) - ord('0')
        count += mp[sum - (i + 1)]
        mp[sum - (i + 1)] += 1
    return count
📉 Completion Loss: 10.7129

🚨 High-loss Sample 20:
📌 Prompt:
Write a python function to find smallest number in a list.
📌 Completion:
def smallest_num(xs):
  return min(xs)
📉 Completion Loss: 1.2562

🚨 High-loss Sample 21:
📌 Prompt:
Write a function to find the maximum difference between available pairs in the given tuple list.
📌 Completion:
def max_difference(test_list):
  temp = [abs(b - a) for a, b in test_list]
  res = max(temp)
  return (res)
📉 Completion Loss: 3.4808

🚨 High-loss Sample 22:
📌 Prompt:
Write a function to sort a list of tuples using the second value of each tuple.
📌 Completion:
def subject_marks(subjectmarks):
#subject_marks = [('English', 88), ('Science', 90), ('Maths', 97), ('Social sciences', 82)])
 subjectmarks.sort(key = lambda x: x[1])
 return subjectmarks
📉 Completion Loss: 4.5219

🚨 High-loss Sample 23:
📌 Prompt:
Write a function to flatten a list and sum all of its elements.
📌 Completion:
def recursive_list_sum(data_list):
	total = 0
	for element in data_list:
		if type(element) == type([]):
			total = total + recursive_list_sum(element)
		else:
			total = total + element
	return total
📉 Completion Loss: 5.6186
[Check] Prompt len: 15, Full len: 64
[Check] Prompt len: 17, Full len: 181
[Check] Prompt len: 17, Full len: 96
[Check] Prompt len: 16, Full len: 193
[Check] Prompt len: 17, Full len: 109
[Check] Prompt len: 10, Full len: 238
[Check] Prompt len: 22, Full len: 60
[Check] Prompt len: 16, Full len: 256

🚨 High-loss Sample 24:
📌 Prompt:
Write a python function to count the number of positive numbers in a list.
📌 Completion:
def pos_count(list):
  pos_count= 0
  for num in list: 
    if num >= 0: 
      pos_count += 1
  return pos_count
📉 Completion Loss: 2.3718

🚨 High-loss Sample 25:
📌 Prompt:
Write a function to find the number of ways to partition a set of Bell numbers.
📌 Completion:
def bell_number(n):   
    bell = [[0 for i in range(n+1)] for j in range(n+1)] 
    bell[0][0] = 1
    for i in range(1, n+1): 
        bell[i][0] = bell[i-1][i-1]  
        for j in range(1, i+1): 
            bell[i][j] = bell[i-1][j-1] + bell[i][j-1]   
    return bell[n][0]
📉 Completion Loss: 7.6397

🚨 High-loss Sample 26:
📌 Prompt:
Write a python function to check whether the given array is monotonic or not.
📌 Completion:
def is_Monotonic(A): 
    return (all(A[i] <= A[i + 1] for i in range(len(A) - 1)) or
            all(A[i] >= A[i + 1] for i in range(len(A) - 1)))
📉 Completion Loss: 3.6408

🚨 High-loss Sample 27:
📌 Prompt:
Write a function to check whether a list contains the given sublist or not.
📌 Completion:
def is_sublist(l, s):
	sub_set = False
	if s == []:
		sub_set = True
	elif s == l:
		sub_set = True
	elif len(s) > len(l):
		sub_set = False
	else:
		for i in range(len(l)):
			if l[i] == s[0]:
				n = 1
				while (n < len(s)) and (l[i+n] == s[n]):
					n += 1				
				if n == len(s):
					sub_set = True
	return sub_set
📉 Completion Loss: 7.9412

🚨 High-loss Sample 28:
📌 Prompt:
Write a function to find whether all the given tuples have equal length or not.
📌 Completion:
def find_equal_tuple(Input):
  k = 0 if not Input else len(Input[0])
  flag = 1
  for tuple in Input:
    if len(tuple) != k:
      flag = 0
      break
  return flag
def get_equal(Input):
  return find_equal_tuple(Input) == 1
📉 Completion Loss: 4.2543

🚨 High-loss Sample 29:
📌 Prompt:
Write a function to sort a list of elements.
📌 Completion:
def comb_sort(nums):
    shrink_fact = 1.3
    gaps = len(nums)
    swapped = True
    i = 0
    while gaps > 1 or swapped:
        gaps = int(float(gaps) / shrink_fact)
        swapped = False
        i = 0
        while gaps + i < len(nums):
            if nums[i] > nums[i+gaps]:
                nums[i], nums[i+gaps] = nums[i+gaps], nums[i]
                swapped = True
            i += 1
    return nums
📉 Completion Loss: 10.1418

🚨 High-loss Sample 30:
📌 Prompt:
Write a python function to check whether the given number can be represented as the difference of two squares or not.
📌 Completion:
def dif_Square(n): 
    if (n % 4 != 2): 
        return True
    return False
📉 Completion Loss: 1.9145

🚨 High-loss Sample 31:
📌 Prompt:
Write a function to check whether it follows the sequence given in the patterns array.
📌 Completion:
def is_samepatterns(colors, patterns):    
    if len(colors) != len(patterns):
        return False    
    sdict = {}
    pset = set()
    sset = set()    
    for i in range(len(patterns)):
        pset.add(patterns[i])
        sset.add(colors[i])
        if patterns[i] not in sdict.keys():
            sdict[patterns[i]] = []

        keys = sdict[patterns[i]]
        keys.append(colors[i])
        sdict[patterns[i]] = keys

    if len(pset) != len(sset):
        return False   

    for values in sdict.values():

        for i in range(len(values) - 1):
            if values[i] != values[i+1]:
                return False

    return True
📉 Completion Loss: 10.8292
[Check] Prompt len: 23, Full len: 64
[Check] Prompt len: 15, Full len: 35
[Check] Prompt len: 17, Full len: 111
[Check] Prompt len: 13, Full len: 42
[Check] Prompt len: 11, Full len: 43
[Check] Prompt len: 26, Full len: 156
[Check] Prompt len: 17, Full len: 68
[Check] Prompt len: 12, Full len: 43

🚨 High-loss Sample 32:
📌 Prompt:
Write a function to find tuples which have all elements divisible by k from the given list of tuples.
📌 Completion:
def find_tuples(test_list, K):
  res = [sub for sub in test_list if all(ele % K == 0 for ele in sub)]
  return res
📉 Completion Loss: 3.3961

🚨 High-loss Sample 33:
📌 Prompt:
Write a python function to find whether a number is divisible by 11.
📌 Completion:
def is_Diff(n): 
    return (n % 11 == 0)
📉 Completion Loss: 1.6624

🚨 High-loss Sample 34:
📌 Prompt:
Write a python function to check whether the length of the word is odd or not.
📌 Completion:
def word_len(s): 
    s = s.split(' ')   
    for word in s:    
        if len(word)%2!=0: 
            return True  
        else:
          return False
📉 Completion Loss: 7.4985

🚨 High-loss Sample 35:
📌 Prompt:
Write a function to find the nth tetrahedral number.
📌 Completion:
def tetrahedral_number(n): 
	return (n * (n + 1) * (n + 2)) / 6
📉 Completion Loss: 2.2206

🚨 High-loss Sample 36:
📌 Prompt:
Write a function to find the volume of a sphere.
📌 Completion:
import math
def volume_sphere(r):
  volume=(4/3)*math.pi*r*r*r
  return volume
📉 Completion Loss: 2.3947

🚨 High-loss Sample 37:
📌 Prompt:
Write a python function to find the character made by adding the ASCII value of all the characters of the given string modulo 26.
📌 Completion:
def get_Char(strr):  
    summ = 0
    for i in range(len(strr)): 
        summ += (ord(strr[i]) - ord('a') + 1)  
    if (summ % 26 == 0): 
        return ord('z') 
    else: 
        summ = summ % 26
        return chr(ord('a') + summ - 1)
📉 Completion Loss: 10.6955

🚨 High-loss Sample 38:
📌 Prompt:
Write a function to find the nth number in the newman conway sequence.
📌 Completion:
def sequence(n): 
	if n == 1 or n == 2: 
		return 1
	else: 
		return sequence(sequence(n-1)) + sequence(n-sequence(n-1))
📉 Completion Loss: 4.0666

🚨 High-loss Sample 39:
📌 Prompt:
Write a function to find the surface area of a sphere.
📌 Completion:
import math
def surfacearea_sphere(r):
  surfacearea=4*math.pi*r*r
  return surfacearea
📉 Completion Loss: 2.3705
[Check] Prompt len: 12, Full len: 36
[Check] Prompt len: 13, Full len: 70
[Check] Prompt len: 20, Full len: 53
[Check] Prompt len: 12, Full len: 27
[Check] Prompt len: 13, Full len: 84
[Check] Prompt len: 22, Full len: 66
[Check] Prompt len: 15, Full len: 92
[Check] Prompt len: 17, Full len: 80

🚨 High-loss Sample 40:
📌 Prompt:
Write a function to find nth centered hexagonal number.
📌 Completion:
def centered_hexagonal_number(n):
  return 3 * n * (n - 1) + 1
📉 Completion Loss: 3.2077

🚨 High-loss Sample 41:
📌 Prompt:
Write a function to merge three dictionaries into a single dictionary.
📌 Completion:
import collections as ct
def merge_dictionaries_three(dict1,dict2, dict3):
    merged_dict = dict(ct.ChainMap({},dict1,dict2,dict3))
    return merged_dict
📉 Completion Loss: 7.7054

🚨 High-loss Sample 42:
📌 Prompt:
Write a function to get the frequency of all the elements in a list, returned as a dictionary.
📌 Completion:
import collections
def freq_count(list1):
  freq_count= collections.Counter(list1)
  return freq_count
📉 Completion Loss: 5.0495

🚨 High-loss Sample 43:
📌 Prompt:
Write a function to find the closest smaller number than n.
📌 Completion:
def closest_num(N):
  return (N - 1)
📉 Completion Loss: 2.0660

🚨 High-loss Sample 44:
📌 Prompt:
Write a python function to find the length of the longest word.
📌 Completion:
def len_log(list1):
    max=len(list1[0])
    for i in list1:
        if len(i)>max:
            max=len(i)
    return max
📉 Completion Loss: 9.7851

🚨 High-loss Sample 45:
📌 Prompt:
Write a function to check if a string is present as a substring in a given list of string values.
📌 Completion:
def find_substring(str1, sub_str):
   if any(sub_str in s for s in str1):
       return True
   return False
📉 Completion Loss: 6.8460

🚨 High-loss Sample 46:
📌 Prompt:
Write a function to check whether the given number is undulating or not.
📌 Completion:
def is_undulating(n): 
	n = str(n)
	if (len(n) <= 2): 
		return False
	for i in range(2, len(n)): 
		if (n[i - 2] != n[i]): 
			return False
	return True
📉 Completion Loss: 10.9673

🚨 High-loss Sample 47:
📌 Prompt:
Write a function to calculate the value of 'a' to the power 'b'.
📌 Completion:
def power(a,b):
	if b==0:
		return 1
	elif a==0:
		return 0
	elif b==1:
		return a
	else:
		return a*power(a,b-1)
📉 Completion Loss: 8.6257
[Check] Prompt len: 24, Full len: 68
[Check] Prompt len: 18, Full len: 56

🚨 High-loss Sample 48:
📌 Prompt:
Given a list of tuples, write a function that returns the first value of the tuple with the smallest second value.
📌 Completion:
from operator import itemgetter 
def index_minimum(test_list):
  res = min(test_list, key = itemgetter(1))[0]
  return (res)
📉 Completion Loss: 10.5175

🚨 High-loss Sample 49:
📌 Prompt:
Write a python function to find the length of the smallest list in a list of lists.
📌 Completion:
def Find_Min_Length(lst):  
    minLength = min(len(x) for x in lst )
    return minLength
📉 Completion Loss: 8.0534
✅ Evaluation Complete. Final Avg Loss = 5.2336, Perplexity = 187.47
[Step 1900] PPL(A2C) = 187.47 | AvgR = 0.3303
[Check] Prompt len: 14, Full len: 61
[Check] Prompt len: 11, Full len: 89
[Check] Prompt len: 21, Full len: 65
[Check] Prompt len: 19, Full len: 83
[Check] Prompt len: 18, Full len: 53
[Check] Prompt len: 13, Full len: 48
[Check] Prompt len: 25, Full len: 127
[Check] Prompt len: 18, Full len: 189

🚨 High-loss Sample 0:
📌 Prompt:
Write a function to find the shared elements from the given two lists.
📌 Completion:
def similar_elements(test_tup1, test_tup2):
  res = tuple(set(test_tup1) & set(test_tup2))
  return (res)
📉 Completion Loss: 3.0318

🚨 High-loss Sample 1:
📌 Prompt:
Write a python function to identify non-prime numbers.
📌 Completion:
import math
def is_not_prime(n):
    result = False
    for i in range(2,int(math.sqrt(n)) + 1):
        if n % i == 0:
            result = True
    return result
📉 Completion Loss: 4.8268

🚨 High-loss Sample 2:
📌 Prompt:
Write a function to find the n largest integers from a given list of numbers, returned in descending order.
📌 Completion:
import heapq as hq
def heap_queue_largest(nums,n):
  largest_nums = hq.nlargest(n, nums)
  return largest_nums
📉 Completion Loss: 3.0184

🚨 High-loss Sample 3:
📌 Prompt:
Write a python function to check whether the two numbers differ at one bit position only or not.
📌 Completion:
def is_Power_Of_Two (x): 
    return x and (not(x & (x - 1))) 
def differ_At_One_Bit_Pos(a,b): 
    return is_Power_Of_Two(a ^ b)
📉 Completion Loss: 4.1372

🚨 High-loss Sample 4:
📌 Prompt:
Write a function to find all words which are at least 4 characters long in a string.
📌 Completion:
import re
def find_char_long(text):
  return (re.findall(r"\b\w{4,}\b", text))
📉 Completion Loss: 2.3548

🚨 High-loss Sample 5:
📌 Prompt:
Write a function to find squares of individual elements in a list.
📌 Completion:
def square_nums(nums):
 square_nums = list(map(lambda x: x ** 2, nums))
 return square_nums
📉 Completion Loss: 2.2873

🚨 High-loss Sample 6:
📌 Prompt:
Write a python function to find the minimum number of rotations (greater than 0) required to get the same string.
📌 Completion:
def find_Rotations(str): 
    tmp = str + str
    n = len(str) 
    for i in range(1,n + 1): 
        substring = tmp[i: i+n] 
        if (str == substring): 
            return i 
    return n
📉 Completion Loss: 6.7612

🚨 High-loss Sample 7:
📌 Prompt:
Write a python function to remove first and last occurrence of a given character from the string.
📌 Completion:
def remove_Occ(s,ch): 
    for i in range(len(s)): 
        if (s[i] == ch): 
            s = s[0 : i] + s[i + 1:] 
            break
    for i in range(len(s) - 1,-1,-1):  
        if (s[i] == ch): 
            s = s[0 : i] + s[i + 1:] 
            break
    return s
📉 Completion Loss: 10.8651
[Check] Prompt len: 19, Full len: 47
[Check] Prompt len: 13, Full len: 41
[Check] Prompt len: 25, Full len: 129
[Check] Prompt len: 17, Full len: 36
[Check] Prompt len: 18, Full len: 256
[Check] Prompt len: 16, Full len: 65
[Check] Prompt len: 15, Full len: 114
[Check] Prompt len: 18, Full len: 124

🚨 High-loss Sample 8:
📌 Prompt:
Write a function to sort a given matrix in ascending order according to the sum of its rows.
📌 Completion:
def sort_matrix(M):
    result = sorted(M, key=sum)
    return result
📉 Completion Loss: 1.4418

🚨 High-loss Sample 9:
📌 Prompt:
Write a python function to find the volume of a triangular prism.
📌 Completion:
def find_Volume(l,b,h) : 
    return ((l * b * h) / 2)
📉 Completion Loss: 1.4650

🚨 High-loss Sample 10:
📌 Prompt:
Write a function to that returns true if the input string contains sequences of lowercase letters joined with an underscore and false otherwise.
📌 Completion:
import re
def text_lowercase_underscore(text):
        patterns = '^[a-z]+_[a-z]+$'
        if re.search(patterns,  text):
                return True
        else:
                return False
📉 Completion Loss: 5.0353

🚨 High-loss Sample 11:
📌 Prompt:
Write a function that returns the perimeter of a square given its side length as input.
📌 Completion:
def square_perimeter(a):
  perimeter=4*a
  return perimeter
📉 Completion Loss: 1.0977

🚨 High-loss Sample 12:
📌 Prompt:
Write a function to remove characters from the first string which are present in the second string.
📌 Completion:
NO_OF_CHARS = 256
def str_to_list(string): 
	temp = [] 
	for x in string: 
		temp.append(x) 
	return temp 
def lst_to_string(List): 
	return ''.join(List) 
def get_char_count_array(string): 
	count = [0] * NO_OF_CHARS 
	for i in string: 
		count[ord(i)] += 1
	return count 
def remove_dirty_chars(string, second_string): 
	count = get_char_count_array(second_string) 
	ip_ind = 0
	res_ind = 0
	temp = '' 
	str_list = str_to_list(string) 
	while ip_ind != len(str_list): 
		temp = str_list[ip_ind] 
		if count[ord(temp)] == 0: 
			str_list[res_ind] = str_list[ip_ind] 
			res_ind += 1
		ip_ind+=1
	return lst_to_string(str_list[0:res_ind])
📉 Completion Loss: 10.9558

🚨 High-loss Sample 13:
📌 Prompt:
Write a function to find whether a given array of integers contains any duplicate element.
📌 Completion:
def test_duplicate(arraynums):
    nums_set = set(arraynums)    
    return len(arraynums) != len(nums_set)
📉 Completion Loss: 2.4087

🚨 High-loss Sample 14:
📌 Prompt:
Write a function to check if the given number is woodball or not.
📌 Completion:
def is_woodall(x): 
	if (x % 2 == 0): 
		return False
	if (x == 1): 
		return True
	x = x + 1 
	p = 0
	while (x % 2 == 0): 
		x = x/2
		p = p + 1
		if (p == x): 
			return True
	return False
📉 Completion Loss: 4.4084

🚨 High-loss Sample 15:
📌 Prompt:
Write a python function to check if a given number is one less than twice its reverse.
📌 Completion:
def rev(num):    
    rev_num = 0
    while (num > 0):  
        rev_num = (rev_num * 10 + num % 10) 
        num = num // 10  
    return rev_num  
def check(n):    
    return (2 * rev(n) == n + 1)
📉 Completion Loss: 4.8195
[Check] Prompt len: 20, Full len: 105
[Check] Prompt len: 17, Full len: 41
[Check] Prompt len: 12, Full len: 33
[Check] Prompt len: 21, Full len: 155
[Check] Prompt len: 12, Full len: 26
[Check] Prompt len: 17, Full len: 61
[Check] Prompt len: 18, Full len: 75
[Check] Prompt len: 15, Full len: 87

🚨 High-loss Sample 16:
📌 Prompt:
Write a python function to find the largest number that can be formed with the given list of digits.
📌 Completion:
def find_Max_Num(arr) : 
    n = len(arr)
    arr.sort(reverse = True) 
    num = arr[0] 
    for i in range(1,n) : 
        num = num * 10 + arr[i] 
    return num
📉 Completion Loss: 6.9067

🚨 High-loss Sample 17:
📌 Prompt:
Write a python function to check whether the given two integers have opposite sign or not.
📌 Completion:
def opposite_Signs(x,y): 
    return ((x ^ y) < 0);
📉 Completion Loss: 2.0353

🚨 High-loss Sample 18:
📌 Prompt:
Write a function to find the nth octagonal number.
📌 Completion:
def is_octagonal(n): 
	return 3 * n * n - 2 * n
📉 Completion Loss: 1.6975

🚨 High-loss Sample 19:
📌 Prompt:
Write a python function to count the number of substrings with the sum of digits equal to their length.
📌 Completion:
from collections import defaultdict
def count_Substrings(s):
    n = len(s)
    count,sum = 0,0
    mp = defaultdict(lambda : 0)
    mp[0] += 1
    for i in range(n):
        sum += ord(s[i]) - ord('0')
        count += mp[sum - (i + 1)]
        mp[sum - (i + 1)] += 1
    return count
📉 Completion Loss: 10.6849

🚨 High-loss Sample 20:
📌 Prompt:
Write a python function to find smallest number in a list.
📌 Completion:
def smallest_num(xs):
  return min(xs)
📉 Completion Loss: 1.3088

🚨 High-loss Sample 21:
📌 Prompt:
Write a function to find the maximum difference between available pairs in the given tuple list.
📌 Completion:
def max_difference(test_list):
  temp = [abs(b - a) for a, b in test_list]
  res = max(temp)
  return (res)
📉 Completion Loss: 3.5642

🚨 High-loss Sample 22:
📌 Prompt:
Write a function to sort a list of tuples using the second value of each tuple.
📌 Completion:
def subject_marks(subjectmarks):
#subject_marks = [('English', 88), ('Science', 90), ('Maths', 97), ('Social sciences', 82)])
 subjectmarks.sort(key = lambda x: x[1])
 return subjectmarks
📉 Completion Loss: 4.5489

🚨 High-loss Sample 23:
📌 Prompt:
Write a function to flatten a list and sum all of its elements.
📌 Completion:
def recursive_list_sum(data_list):
	total = 0
	for element in data_list:
		if type(element) == type([]):
			total = total + recursive_list_sum(element)
		else:
			total = total + element
	return total
📉 Completion Loss: 5.6388
[Check] Prompt len: 15, Full len: 64
[Check] Prompt len: 17, Full len: 181
[Check] Prompt len: 17, Full len: 96
[Check] Prompt len: 16, Full len: 193
[Check] Prompt len: 17, Full len: 109
[Check] Prompt len: 10, Full len: 238
[Check] Prompt len: 22, Full len: 60
[Check] Prompt len: 16, Full len: 256

🚨 High-loss Sample 24:
📌 Prompt:
Write a python function to count the number of positive numbers in a list.
📌 Completion:
def pos_count(list):
  pos_count= 0
  for num in list: 
    if num >= 0: 
      pos_count += 1
  return pos_count
📉 Completion Loss: 2.4205

🚨 High-loss Sample 25:
📌 Prompt:
Write a function to find the number of ways to partition a set of Bell numbers.
📌 Completion:
def bell_number(n):   
    bell = [[0 for i in range(n+1)] for j in range(n+1)] 
    bell[0][0] = 1
    for i in range(1, n+1): 
        bell[i][0] = bell[i-1][i-1]  
        for j in range(1, i+1): 
            bell[i][j] = bell[i-1][j-1] + bell[i][j-1]   
    return bell[n][0]
📉 Completion Loss: 7.7218

🚨 High-loss Sample 26:
📌 Prompt:
Write a python function to check whether the given array is monotonic or not.
📌 Completion:
def is_Monotonic(A): 
    return (all(A[i] <= A[i + 1] for i in range(len(A) - 1)) or
            all(A[i] >= A[i + 1] for i in range(len(A) - 1)))
📉 Completion Loss: 3.6930

🚨 High-loss Sample 27:
📌 Prompt:
Write a function to check whether a list contains the given sublist or not.
📌 Completion:
def is_sublist(l, s):
	sub_set = False
	if s == []:
		sub_set = True
	elif s == l:
		sub_set = True
	elif len(s) > len(l):
		sub_set = False
	else:
		for i in range(len(l)):
			if l[i] == s[0]:
				n = 1
				while (n < len(s)) and (l[i+n] == s[n]):
					n += 1				
				if n == len(s):
					sub_set = True
	return sub_set
📉 Completion Loss: 7.8944

🚨 High-loss Sample 28:
📌 Prompt:
Write a function to find whether all the given tuples have equal length or not.
📌 Completion:
def find_equal_tuple(Input):
  k = 0 if not Input else len(Input[0])
  flag = 1
  for tuple in Input:
    if len(tuple) != k:
      flag = 0
      break
  return flag
def get_equal(Input):
  return find_equal_tuple(Input) == 1
📉 Completion Loss: 4.3100

🚨 High-loss Sample 29:
📌 Prompt:
Write a function to sort a list of elements.
📌 Completion:
def comb_sort(nums):
    shrink_fact = 1.3
    gaps = len(nums)
    swapped = True
    i = 0
    while gaps > 1 or swapped:
        gaps = int(float(gaps) / shrink_fact)
        swapped = False
        i = 0
        while gaps + i < len(nums):
            if nums[i] > nums[i+gaps]:
                nums[i], nums[i+gaps] = nums[i+gaps], nums[i]
                swapped = True
            i += 1
    return nums
📉 Completion Loss: 10.2385

🚨 High-loss Sample 30:
📌 Prompt:
Write a python function to check whether the given number can be represented as the difference of two squares or not.
📌 Completion:
def dif_Square(n): 
    if (n % 4 != 2): 
        return True
    return False
📉 Completion Loss: 1.9551

🚨 High-loss Sample 31:
📌 Prompt:
Write a function to check whether it follows the sequence given in the patterns array.
📌 Completion:
def is_samepatterns(colors, patterns):    
    if len(colors) != len(patterns):
        return False    
    sdict = {}
    pset = set()
    sset = set()    
    for i in range(len(patterns)):
        pset.add(patterns[i])
        sset.add(colors[i])
        if patterns[i] not in sdict.keys():
            sdict[patterns[i]] = []

        keys = sdict[patterns[i]]
        keys.append(colors[i])
        sdict[patterns[i]] = keys

    if len(pset) != len(sset):
        return False   

    for values in sdict.values():

        for i in range(len(values) - 1):
            if values[i] != values[i+1]:
                return False

    return True
📉 Completion Loss: 10.8972
[Check] Prompt len: 23, Full len: 64
[Check] Prompt len: 15, Full len: 35
[Check] Prompt len: 17, Full len: 111
[Check] Prompt len: 13, Full len: 42
[Check] Prompt len: 11, Full len: 43
[Check] Prompt len: 26, Full len: 156
[Check] Prompt len: 17, Full len: 68
[Check] Prompt len: 12, Full len: 43

🚨 High-loss Sample 32:
📌 Prompt:
Write a function to find tuples which have all elements divisible by k from the given list of tuples.
📌 Completion:
def find_tuples(test_list, K):
  res = [sub for sub in test_list if all(ele % K == 0 for ele in sub)]
  return res
📉 Completion Loss: 3.4640

🚨 High-loss Sample 33:
📌 Prompt:
Write a python function to find whether a number is divisible by 11.
📌 Completion:
def is_Diff(n): 
    return (n % 11 == 0)
📉 Completion Loss: 1.7096

🚨 High-loss Sample 34:
📌 Prompt:
Write a python function to check whether the length of the word is odd or not.
📌 Completion:
def word_len(s): 
    s = s.split(' ')   
    for word in s:    
        if len(word)%2!=0: 
            return True  
        else:
          return False
📉 Completion Loss: 7.5582

🚨 High-loss Sample 35:
📌 Prompt:
Write a function to find the nth tetrahedral number.
📌 Completion:
def tetrahedral_number(n): 
	return (n * (n + 1) * (n + 2)) / 6
📉 Completion Loss: 2.2155

🚨 High-loss Sample 36:
📌 Prompt:
Write a function to find the volume of a sphere.
📌 Completion:
import math
def volume_sphere(r):
  volume=(4/3)*math.pi*r*r*r
  return volume
📉 Completion Loss: 2.3816

🚨 High-loss Sample 37:
📌 Prompt:
Write a python function to find the character made by adding the ASCII value of all the characters of the given string modulo 26.
📌 Completion:
def get_Char(strr):  
    summ = 0
    for i in range(len(strr)): 
        summ += (ord(strr[i]) - ord('a') + 1)  
    if (summ % 26 == 0): 
        return ord('z') 
    else: 
        summ = summ % 26
        return chr(ord('a') + summ - 1)
📉 Completion Loss: 10.7146

🚨 High-loss Sample 38:
📌 Prompt:
Write a function to find the nth number in the newman conway sequence.
📌 Completion:
def sequence(n): 
	if n == 1 or n == 2: 
		return 1
	else: 
		return sequence(sequence(n-1)) + sequence(n-sequence(n-1))
📉 Completion Loss: 4.0594

🚨 High-loss Sample 39:
📌 Prompt:
Write a function to find the surface area of a sphere.
📌 Completion:
import math
def surfacearea_sphere(r):
  surfacearea=4*math.pi*r*r
  return surfacearea
📉 Completion Loss: 2.3575
[Check] Prompt len: 12, Full len: 36
[Check] Prompt len: 13, Full len: 70
[Check] Prompt len: 20, Full len: 53
[Check] Prompt len: 12, Full len: 27
[Check] Prompt len: 13, Full len: 84
[Check] Prompt len: 22, Full len: 66
[Check] Prompt len: 15, Full len: 92
[Check] Prompt len: 17, Full len: 80

🚨 High-loss Sample 40:
📌 Prompt:
Write a function to find nth centered hexagonal number.
📌 Completion:
def centered_hexagonal_number(n):
  return 3 * n * (n - 1) + 1
📉 Completion Loss: 3.1896

🚨 High-loss Sample 41:
📌 Prompt:
Write a function to merge three dictionaries into a single dictionary.
📌 Completion:
import collections as ct
def merge_dictionaries_three(dict1,dict2, dict3):
    merged_dict = dict(ct.ChainMap({},dict1,dict2,dict3))
    return merged_dict
📉 Completion Loss: 7.7358

🚨 High-loss Sample 42:
📌 Prompt:
Write a function to get the frequency of all the elements in a list, returned as a dictionary.
📌 Completion:
import collections
def freq_count(list1):
  freq_count= collections.Counter(list1)
  return freq_count
📉 Completion Loss: 5.0304

🚨 High-loss Sample 43:
📌 Prompt:
Write a function to find the closest smaller number than n.
📌 Completion:
def closest_num(N):
  return (N - 1)
📉 Completion Loss: 2.1016

🚨 High-loss Sample 44:
📌 Prompt:
Write a python function to find the length of the longest word.
📌 Completion:
def len_log(list1):
    max=len(list1[0])
    for i in list1:
        if len(i)>max:
            max=len(i)
    return max
📉 Completion Loss: 9.8237

🚨 High-loss Sample 45:
📌 Prompt:
Write a function to check if a string is present as a substring in a given list of string values.
📌 Completion:
def find_substring(str1, sub_str):
   if any(sub_str in s for s in str1):
       return True
   return False
📉 Completion Loss: 6.9031

🚨 High-loss Sample 46:
📌 Prompt:
Write a function to check whether the given number is undulating or not.
📌 Completion:
def is_undulating(n): 
	n = str(n)
	if (len(n) <= 2): 
		return False
	for i in range(2, len(n)): 
		if (n[i - 2] != n[i]): 
			return False
	return True
📉 Completion Loss: 10.9519

🚨 High-loss Sample 47:
📌 Prompt:
Write a function to calculate the value of 'a' to the power 'b'.
📌 Completion:
def power(a,b):
	if b==0:
		return 1
	elif a==0:
		return 0
	elif b==1:
		return a
	else:
		return a*power(a,b-1)
📉 Completion Loss: 8.5971
[Check] Prompt len: 24, Full len: 68
[Check] Prompt len: 18, Full len: 56

🚨 High-loss Sample 48:
📌 Prompt:
Given a list of tuples, write a function that returns the first value of the tuple with the smallest second value.
📌 Completion:
from operator import itemgetter 
def index_minimum(test_list):
  res = min(test_list, key = itemgetter(1))[0]
  return (res)
📉 Completion Loss: 10.5936

🚨 High-loss Sample 49:
📌 Prompt:
Write a python function to find the length of the smallest list in a list of lists.
📌 Completion:
def Find_Min_Length(lst):  
    minLength = min(len(x) for x in lst )
    return minLength
📉 Completion Loss: 8.0736
✅ Evaluation Complete. Final Avg Loss = 5.3362, Perplexity = 207.72
[Step 1950] PPL(A2C) = 207.72 | AvgR = 0.3181

✅ Training complete. Final ckpt → ./saved_nanoGPT_finetuned/A2C/2025-07-28_09-30-11  |  Best ckpt(step 1600) → ./saved_nanoGPT_finetuned/A2C_best_step_1600 (Best PPL=142.4680)
